union_code,union_name,upazila_name,district_name,division_name,population,population_underserved,cells_no_road_connection,pct_underserved
uni_554961546,Narayanpur,Nageshwari,Kurigram,Rangpur,38508.91116,35460.00804,61,92.1
uni_554961142,Ballabherkhas,Nageshwari,Kurigram,Rangpur,28856.46693,26562.45096,39,92.1
uni_554961444,Kachakata,Nageshwari,Kurigram,Rangpur,25932.60562,21596.38356,27,83.3
uni_554961462,Kedar,Nageshwari,Kurigram,Rangpur,30265.13686,21050.70659,24,69.6
uni_554961453,Kaliganj,Nageshwari,Kurigram,Rangpur,20879.68723,7142.88659,11,34.2
uni_554961151,Bamandanga,Nageshwari,Kurigram,Rangpur,24902.92949,7939.74202,11,31.9
uni_408786997,Satkhira Range,Shyamnagar,Satkhira,Khulna,124318.4323895,23759.3010495,317,19.1
uni_507037109,Alinagar,Gomastapur,Chapainababganj,Rajshahi,13494.542870000001,2333.57758,3,17.3
uni_554906143,Baladia,Bhurungamari,Kurigram,Rangpur,28532.463,3226.24115,4,11.3
uni_603611227,Daulatpur,Baniachong,Habiganj,Sylhet,19113.2126,2014.03411,0,10.5
uni_507018142,Bholahat,Bholahat,Chapainababganj,Rajshahi,26614.72767,2190.4656,1,8.2
uni_107857177,Char Bishwas,Galachipa,Patuakhali,Barishal,19460.9132836,1425.64552,0,7.3
uni_554961564,Nunkhawa,Nageshwari,Kurigram,Rangpur,21605.701245,1507.89485,4,7.0
uni_559408611,Paria,Baliadangi,Thakurgaon,Rangpur,28018.8582,1833.81091,0,6.5
uni_208421161,Bhushanchhara,Barkal,Rangamati,Chattogram,15932.558022,989.71054,0,6.2
uni_554961160,Berubari,Nageshwari,Kurigram,Rangpur,18068.84342,1037.25617,2,5.7
uni_458990710,Singabaruna,Sreebardi,Sherpur,Mymensingh,27142.20935,1350.0158299999998,0,5.0
uni_308276152,Barat,Rajbari Sadar,Rajbari,Dhaka,19669.88859,986.33812,0,5.0
uni_453907211,Dhanua,Bakshiganj,Jamalpur,Mymensingh,22784.2569,985.66431,0,4.3
uni_107897194,Chhota Baishdia,Rangabali,Patuakhali,Barishal,17630.3557355,559.09942,0,3.2
uni_507037143,Bangabari,Gomastapur,Chapainababganj,Rajshahi,25727.2645,816.91907,1,3.2
uni_308229218,Debagram,Goalanda,Rajbari,Dhaka,18942.75383,594.06171,0,3.1
uni_603602143,Badalpur,Ajmiriganj,Habiganj,Sylhet,33997.69619,1031.06286,0,3.0
uni_554906109,Andharijhar,Bhurungamari,Kurigram,Rangpur,23979.15408,671.4154,1,2.8
uni_559408109,Amjankhore,Baliadangi,Thakurgaon,Rangpur,21561.40357,575.6904,0,2.7
uni_557704109,Aloakhoa,Atowari,Panchagarh,Rangpur,23721.26294,592.00323,0,2.5
uni_408747220,Dhalbaria,Kaliganj,Satkhira,Khulna,25704.777504,438.99237,1,1.7
uni_609086342,Habibpur,Shalla,Sunamganj,Sylhet,44157.078411,576.6635,0,1.3
uni_308276513,Mizanpur,Rajbari Sadar,Rajbari,Dhaka,49503.045924,415.195731,0,0.8
uni_308229209,Daulatdia,Goalanda,Rajbari,Dhaka,48085.939747000004,282.273154,0,0.6
uni_107857186,Char Kajal,Galachipa,Patuakhali,Barishal,25721.4757947,90.482346,0,0.4
uni_507037676,Radhanagar,Gomastapur,Chapainababganj,Rajshahi,34877.9805555,87.71834,1,0.3
uni_100925418,Jahanpur,Charfasson,Bhola,Barishal,20702.6730253,10.892583,0,0.1
uni_457274529,Medni,Netrakona Sadar,Netrakona,Mymensingh,29375.52832,0.0,0,0.0
uni_457263060,Mohanganj Pourasabha (Municipality),Mohanganj,Netrakona,Mymensingh,9958.4336,0.0,0,0.0
uni_457263142,Bara Kashia Birampur,Mohanganj,Netrakona,Mymensingh,23697.86386,0.0,0,0.0
uni_457256743,Tiasree,Madan,Netrakona,Mymensingh,15489.75848,0.0,0,0.0
uni_457263151,Baratali Baniahari,Mohanganj,Netrakona,Mymensingh,21516.56615,0.0,0,0.0
uni_457256544,Nayekpur,Madan,Netrakona,Mymensingh,18640.16357,0.0,0,0.0
uni_457274713,Singher Bangla,Netrakona Sadar,Netrakona,Mymensingh,31305.87198,0.0,0,0.0
uni_457256518,Maghan,Madan,Netrakona,Mymensingh,15356.42817,0.0,0,0.0
uni_457274679,Rouha,Netrakona Sadar,Netrakona,Mymensingh,27926.85566,0.0,0,0.0
uni_457274176,Challisha,Netrakona Sadar,Netrakona,Mymensingh,36402.51844,0.0,0,0.0
uni_457274442,Kailati,Netrakona Sadar,Netrakona,Mymensingh,27034.27611,0.0,0,0.0
uni_457274109,Amtala,Netrakona Sadar,Netrakona,Mymensingh,25638.25447,0.0,0,0.0
uni_457263508,Maghan Shiadhar,Mohanganj,Netrakona,Mymensingh,23814.69839,0.0,0,0.0
uni_457274210,Dakkhin Bishiura,Netrakona Sadar,Netrakona,Mymensingh,19954.91758,0.0,0,0.0
uni_457274451,Kaliara Gabraganti,Netrakona Sadar,Netrakona,Mymensingh,31823.72065,0.0,0,0.0
uni_457274520,Mauganti,Netrakona Sadar,Netrakona,Mymensingh,24585.61808,0.0,0,0.0
uni_457274511,Madanpur,Netrakona Sadar,Netrakona,Mymensingh,20780.7844,0.0,0,0.0
uni_457263707,Samaj Sahildeo,Mohanganj,Netrakona,Mymensingh,24677.05457,0.0,0,0.0
uni_457263716,Suair,Mohanganj,Netrakona,Mymensingh,25376.09716,0.0,0,0.0
uni_457274477,Lakkhiganj,Netrakona Sadar,Netrakona,Mymensingh,19976.87792,0.0,0,0.0
uni_457256509,Madan,Madan,Netrakona,Mymensingh,22332.88194,0.0,0,0.0
uni_457263742,Tetulia,Mohanganj,Netrakona,Mymensingh,24560.84085,0.0,0,0.0
uni_457274080,Netrakona Pourasabha (Municipality),Netrakona Sadar,Netrakona,Mymensingh,96390.6848,0.0,0,0.0
uni_457263309,Gaglajur,Mohanganj,Netrakona,Mymensingh,28396.67638,0.0,0,0.0
uni_100409020,Amtali Pourasabha (Municipality),Amtali,Barguna,Barishal,17155.87136,0.0,0,0.0
uni_457256442,Kaitail,Madan,Netrakona,Mymensingh,27418.56124,0.0,0,0.0
uni_457238509,Mendipur,Khaliajuri,Netrakona,Mymensingh,27864.654837000002,0.0,0,0.0
uni_457240543,Nazirpur,Kalmakanda,Netrakona,Mymensingh,38093.37235,0.0,0,0.0
uni_457240476,Lengura,Kalmakanda,Netrakona,Mymensingh,26913.72593,0.0,0,0.0
uni_457240458,Kharnai,Kalmakanda,Netrakona,Mymensingh,32836.05924,0.0,0,0.0
uni_457240449,Kalmakanda,Kalmakanda,Netrakona,Mymensingh,49083.3483,0.0,0,0.0
uni_457240440,Kailati,Kalmakanda,Netrakona,Mymensingh,44921.3639,0.0,0,0.0
uni_457240142,Barakhapan,Kalmakanda,Netrakona,Mymensingh,27533.41492,0.0,0,0.0
uni_457238543,Nagar,Khaliajuri,Netrakona,Mymensingh,14184.005915,0.0,0,0.0
uni_457238450,Krishnapur,Khaliajuri,Netrakona,Mymensingh,11131.477139999999,0.0,0,0.0
uni_457256309,Gobindasree,Madan,Netrakona,Mymensingh,24904.633234,0.0,0,0.0
uni_457238441,Khaliajuri,Khaliajuri,Netrakona,Mymensingh,17584.64624,0.0,0,0.0
uni_457238308,Gazipur,Khaliajuri,Netrakona,Mymensingh,15352.381775,0.0,0,0.0
uni_457238175,Chakua,Khaliajuri,Netrakona,Mymensingh,30847.681758,0.0,0,0.0
uni_457218453,Kullagara,Durgapur,Netrakona,Mymensingh,27465.76965,0.0,0,0.0
uni_457218444,Kakairgara,Durgapur,Netrakona,Mymensingh,37065.38408,0.0,0,0.0
uni_457218311,Gaokandia,Durgapur,Netrakona,Mymensingh,33197.86075,0.0,0,0.0
uni_457218211,Durgapur,Durgapur,Netrakona,Mymensingh,30963.14255,0.0,0,0.0
uni_457240610,Pogla,Kalmakanda,Netrakona,Mymensingh,39593.64698,0.0,0,0.0
uni_457240677,Rangchhati,Kalmakanda,Netrakona,Mymensingh,35874.86801,0.0,0,0.0
uni_457247040,Kendua Pourasabha (Municipality),Kendua,Netrakona,Mymensingh,21992.3089,0.0,0,0.0
uni_457247109,Ashujia,Kendua,Netrakona,Mymensingh,21607.35313,0.0,0,0.0
uni_457256275,Fatepur,Madan,Netrakona,Mymensingh,23226.21829,0.0,0,0.0
uni_457256175,Changaon,Madan,Netrakona,Mymensingh,7724.2985,0.0,0,0.0
uni_457256050,Madan Pourasabha (Municipality),Madan,Netrakona,Mymensingh,13795.483180000001,0.0,0,0.0
uni_457247715,Sandikona,Kendua,Netrakona,Mymensingh,25508.19522,0.0,0,0.0
uni_457274747,Thakurakona,Netrakona Sadar,Netrakona,Mymensingh,33540.37796,0.0,0,0.0
uni_457247614,Paikura,Kendua,Netrakona,Mymensingh,21001.03378,0.0,0,0.0
uni_457247547,Naopara,Kendua,Netrakona,Mymensingh,20702.54485,0.0,0,0.0
uni_457247521,Mozafarpur,Kendua,Netrakona,Mymensingh,20914.02563,0.0,0,0.0
uni_457247512,Maska,Kendua,Netrakona,Mymensingh,24285.10304,0.0,0,0.0
uni_457247445,Kandiura,Kendua,Netrakona,Mymensingh,20741.70733,0.0,0,0.0
uni_457247320,Garadoba,Kendua,Netrakona,Mymensingh,19896.89716,0.0,0,0.0
uni_457247311,Ganda,Kendua,Netrakona,Mymensingh,18052.10604,0.0,0,0.0
uni_457247211,Dalpa,Kendua,Netrakona,Mymensingh,22445.52327,0.0,0,0.0
uni_457247177,Chirang,Kendua,Netrakona,Mymensingh,23596.44815,0.0,0,0.0
uni_457247143,Balaishimul,Kendua,Netrakona,Mymensingh,25458.86037,0.0,0,0.0
uni_457247681,Roailbari,Kendua,Netrakona,Mymensingh,23239.91154,0.0,0,0.0
uni_457283614,Purbadhala,Purbadhala,Netrakona,Mymensingh,28922.15714,0.0,0,0.0
uni_457283109,Agia,Purbadhala,Netrakona,Mymensingh,21049.33276,0.0,0,0.0
uni_458970612,Poragaon,Nalitabari,Sherpur,Mymensingh,21371.63794,0.0,0,0.0
uni_458988483,Lachhmanpur,Sherpur Sadar,Sherpur,Mymensingh,30708.9521,0.0,0,0.0
uni_458988457,Kamaria,Sherpur Sadar,Sherpur,Mymensingh,38511.14643,0.0,0,0.0
uni_458988448,Kamarerchar,Sherpur Sadar,Sherpur,Mymensingh,26691.21454,0.0,0,0.0
uni_458988315,Gazirkhamar,Sherpur Sadar,Sherpur,Mymensingh,15763.99355,0.0,0,0.0
uni_458988215,Dhala,Sherpur Sadar,Sherpur,Mymensingh,15413.91157,0.0,0,0.0
uni_458988197,Char Sherpur,Sherpur Sadar,Sherpur,Mymensingh,33938.50172,0.0,0,0.0
uni_458988188,Char Pakkhimari,Sherpur Sadar,Sherpur,Mymensingh,56608.00542,0.0,0,0.0
uni_458988179,Char Mocharia,Sherpur Sadar,Sherpur,Mymensingh,27314.87386,0.0,0,0.0
uni_458988169,Bhatshala,Sherpur Sadar,Sherpur,Mymensingh,31017.03976,0.0,0,0.0
uni_458988160,Betmari Ghughurakandi,Sherpur Sadar,Sherpur,Mymensingh,25699.454850000002,0.0,0,0.0
uni_458988151,Balairchar,Sherpur Sadar,Sherpur,Mymensingh,21526.49482,0.0,0,0.0
uni_458988142,Bajitkhila,Sherpur Sadar,Sherpur,Mymensingh,24604.59445,0.0,0,0.0
uni_458988066,Sherpur Pourasabha (Municipality),Sherpur Sadar,Sherpur,Mymensingh,130629.3416,0.0,0,0.0
uni_458970697,Rupnarayankura,Nalitabari,Sherpur,Mymensingh,13354.27964,0.0,0,0.0
uni_458970688,Ramchandrakura Mandaliapara,Nalitabari,Sherpur,Mymensingh,20790.97853,0.0,0,0.0
uni_458988616,Pakuria,Sherpur Sadar,Sherpur,Mymensingh,38246.62776,0.0,0,0.0
uni_458988683,Rouha,Sherpur Sadar,Sherpur,Mymensingh,11484.94773,0.0,0,0.0
uni_458990077,Sreebardi Pourasabha (Municipality),Sreebardi,Sherpur,Mymensingh,30816.12051,0.0,0,0.0
uni_458990745,Tantihati,Sreebardi,Sherpur,Mymensingh,26438.63187,0.0,0,0.0
uni_501006542,Nasratpur,Adamdighi,Bogura,Rajshahi,22317.72096,0.0,0,0.0
uni_501006442,Kundagram,Adamdighi,Bogura,Rajshahi,22827.14803,0.0,0,0.0
uni_501006185,Chhatiangram,Adamdighi,Bogura,Rajshahi,29660.34367,0.0,0,0.0
uni_501006176,Chanpapur,Adamdighi,Bogura,Rajshahi,23833.36936,0.0,0,0.0
uni_501006109,Adamdighi,Adamdighi,Bogura,Rajshahi,33148.40876,0.0,0,0.0
uni_501006050,Santahar Pourasabha (Municipality),Adamdighi,Bogura,Rajshahi,48951.358,0.0,0,0.0
uni_458990719,Sreebardi,Sreebardi,Sherpur,Mymensingh,19840.51914,0.0,0,0.0
uni_458990142,Bhelua,Sreebardi,Sherpur,Mymensingh,29715.11447,0.0,0,0.0
uni_458990676,Rani Shimul,Sreebardi,Sherpur,Mymensingh,40583.98839,0.0,0,0.0
uni_458990460,Kurikahania,Sreebardi,Sherpur,Mymensingh,20918.03047,0.0,0,0.0
uni_458990451,Kharia Kazirchar,Sreebardi,Sherpur,Mymensingh,26295.1606,0.0,0,0.0
uni_458990442,Kakilakura,Sreebardi,Sherpur,Mymensingh,26750.53922,0.0,0,0.0
uni_458990317,Gosaipur,Sreebardi,Sherpur,Mymensingh,23072.30681,0.0,0,0.0
uni_458990308,Garjaripa,Sreebardi,Sherpur,Mymensingh,18531.38968,0.0,0,0.0
uni_458970679,Rajnagar,Nalitabari,Sherpur,Mymensingh,18173.26977,0.0,0,0.0
uni_458970561,Nayabil,Nalitabari,Sherpur,Mymensingh,23717.72493,0.0,0,0.0
uni_457283143,Bairati,Purbadhala,Netrakona,Mymensingh,20000.68967,0.0,0,0.0
uni_458970552,Nanni,Nalitabari,Sherpur,Mymensingh,15037.86809,0.0,0,0.0
uni_458937510,Malijhikanda,Jhenaigati,Sherpur,Mymensingh,15700.63183,0.0,0,0.0
uni_458937443,Kangsha,Jhenaigati,Sherpur,Mymensingh,36892.54764,0.0,0,0.0
uni_458937409,Jhenaiganti,Jhenaigati,Sherpur,Mymensingh,24475.13706,0.0,0,0.0
uni_458937342,Hatibandha,Jhenaigati,Sherpur,Mymensingh,16811.09644,0.0,0,0.0
uni_458937308,Gouripur,Jhenaigati,Sherpur,Mymensingh,16003.95048,0.0,0,0.0
uni_458937208,Dhanshail,Jhenaigati,Sherpur,Mymensingh,23414.06691,0.0,0,0.0
uni_457218151,Birishiri,Durgapur,Netrakona,Mymensingh,18216.7592,0.0,0,0.0
uni_457283547,Narandia,Purbadhala,Netrakona,Mymensingh,23705.33102,0.0,0,0.0
uni_457283447,Khalishaur,Purbadhala,Netrakona,Mymensingh,25246.82716,0.0,0,0.0
uni_457283413,Jaria,Purbadhala,Netrakona,Mymensingh,39783.78443,0.0,0,0.0
uni_457283346,Hogla,Purbadhala,Netrakona,Mymensingh,30459.04019,0.0,0,0.0
uni_457283320,Gohalanda,Purbadhala,Netrakona,Mymensingh,43181.00282,0.0,0,0.0
uni_457283311,Ghagra,Purbadhala,Netrakona,Mymensingh,31166.23902,0.0,0,0.0
uni_457283211,Dhalamulgaon,Purbadhala,Netrakona,Mymensingh,28621.81656,0.0,0,0.0
uni_457283152,Bishkakuni,Purbadhala,Netrakona,Mymensingh,27100.7037,0.0,0,0.0
uni_458937544,Nalkura,Jhenaigati,Sherpur,Mymensingh,29581.49341,0.0,0,0.0
uni_458967022,Nakla Pourasabha (Municipality),Nakla,Sherpur,Mymensingh,30575.27889,0.0,0,0.0
uni_458967142,Baneshwardi,Nakla,Sherpur,Mymensingh,9244.02148,0.0,0,0.0
uni_458970033,Nalitabari Pourasabha (Municipality),Nalitabari,Sherpur,Mymensingh,33096.79843,0.0,0,0.0
uni_458970543,Nalitabari,Nalitabari,Sherpur,Mymensingh,13658.72981,0.0,0,0.0
uni_458970509,Marichpuran,Nalitabari,Sherpur,Mymensingh,16873.93768,0.0,0,0.0
uni_458970450,Kalaspar,Nalitabari,Sherpur,Mymensingh,27653.39895,0.0,0,0.0
uni_458970441,Kakarkandi,Nalitabari,Sherpur,Mymensingh,14125.44907,0.0,0,0.0
uni_458970407,Jogania,Nalitabari,Sherpur,Mymensingh,19355.77021,0.0,0,0.0
uni_458970142,Baghber,Nalitabari,Sherpur,Mymensingh,26374.13172,0.0,0,0.0
uni_458967777,Urpha,Nakla,Sherpur,Mymensingh,17616.5222,0.0,0,0.0
uni_458967176,Chandrakona,Nakla,Sherpur,Mymensingh,20259.25364,0.0,0,0.0
uni_458967743,Talki,Nakla,Sherpur,Mymensingh,15580.61518,0.0,0,0.0
uni_458967610,Pathakata,Nakla,Sherpur,Mymensingh,17326.96331,0.0,0,0.0
uni_458967543,Nakla,Nakla,Sherpur,Mymensingh,19593.14408,0.0,0,0.0
uni_458967319,Gourdwar,Nakla,Sherpur,Mymensingh,10030.75514,0.0,0,0.0
uni_458967310,Ganapaddi,Nakla,Sherpur,Mymensingh,20141.35836,0.0,0,0.0
uni_458967185,Char Ashtadhar,Nakla,Sherpur,Mymensingh,24967.87328,0.0,0,0.0
uni_457218177,Chandigarh,Durgapur,Netrakona,Mymensingh,34766.44248,0.0,0,0.0
uni_457204742,Teliganti,Atpara,Netrakona,Mymensingh,26433.35418,0.0,0,0.0
uni_457218142,Bakaljora,Durgapur,Netrakona,Mymensingh,25241.22321,0.0,0,0.0
uni_456131375,Ishwarganj,Ishwarganj,Mymensingh,Mymensingh,35829.3837,0.0,0,0.0
uni_456131109,Atharabari,Ishwarganj,Mymensingh,Mymensingh,36746.10448,0.0,0,0.0
uni_456131044,Ishwarganj Pourasabha (Municipality),Ishwarganj,Mymensingh,Mymensingh,29189.2307,0.0,0,0.0
uni_456124722,Swadeshi,Haluaghat,Mymensingh,Mymensingh,25552.00104,0.0,0,0.0
uni_456124713,Shakuai,Haluaghat,Mymensingh,Mymensingh,15526.91055,0.0,0,0.0
uni_456124547,Narail,Haluaghat,Mymensingh,Mymensingh,28846.94653,0.0,0,0.0
uni_456124447,Kaichapur,Haluaghat,Mymensingh,Mymensingh,21609.22548,0.0,0,0.0
uni_456124413,Jugli,Haluaghat,Mymensingh,Mymensingh,28573.7617,0.0,0,0.0
uni_456124346,Haluaghat,Haluaghat,Mymensingh,Mymensingh,39411.37111,0.0,0,0.0
uni_456124312,Gazirbhita,Haluaghat,Mymensingh,Mymensingh,26618.29722,0.0,0,0.0
uni_456124220,Dhurail,Haluaghat,Mymensingh,Mymensingh,23706.443470000002,0.0,0,0.0
uni_456124211,Dhara,Haluaghat,Mymensingh,Mymensingh,30585.29558,0.0,0,0.0
uni_456124152,Bildora,Haluaghat,Mymensingh,Mymensingh,19340.36156,0.0,0,0.0
uni_456124143,Bhubankura,Haluaghat,Mymensingh,Mymensingh,35476.60659,0.0,0,0.0
uni_456124109,Amtail,Haluaghat,Mymensingh,Mymensingh,26050.86413,0.0,0,0.0
uni_456124045,Haluaghat Pourasabha (Municipality),Haluaghat,Mymensingh,Mymensingh,25048.52812,0.0,0,0.0
uni_456131143,Barahit,Ishwarganj,Mymensingh,Mymensingh,28093.08229,0.0,0,0.0
uni_456131409,Jatia,Ishwarganj,Mymensingh,Mymensingh,26097.63416,0.0,0,0.0
uni_456152715,Sirta,Mymensingh Sadar,Mymensingh,Mymensingh,27434.94031,0.0,0,0.0
uni_456131509,Magtula,Ishwarganj,Mymensingh,Mymensingh,29615.4666,0.0,0,0.0
uni_456152457,Kushtia,Mymensingh Sadar,Mymensingh,Mymensingh,30985.97982,0.0,0,0.0
uni_456152448,Khagdahar,Mymensingh Sadar,Mymensingh,Mymensingh,28305.2181,0.0,0,0.0
uni_456152315,Ghagra,Mymensingh Sadar,Mymensingh,Mymensingh,49722.15226,0.0,0,0.0
uni_456152215,Dapunia,Mymensingh Sadar,Mymensingh,Mymensingh,34213.21305,0.0,0,0.0
uni_456152189,Char Nilakkhia,Mymensingh Sadar,Mymensingh,Mymensingh,50858.18874,0.0,0,0.0
uni_456152180,Char Ishwardia,Mymensingh Sadar,Mymensingh,Mymensingh,21556.43602,0.0,0,0.0
uni_456152162,Borarchar,Mymensingh Sadar,Mymensingh,Mymensingh,27780.52768,0.0,0,0.0
uni_456152153,Bhabakhali,Mymensingh Sadar,Mymensingh,Mymensingh,37806.03686,0.0,0,0.0
uni_456152118,Ashtadhar,Mymensingh Sadar,Mymensingh,Mymensingh,24333.85112,0.0,0,0.0
uni_456131779,Uchakhila,Ishwarganj,Mymensingh,Mymensingh,35163.575039999996,0.0,0,0.0
uni_456131745,Tarundia,Ishwarganj,Mymensingh,Mymensingh,34010.85952,0.0,0,0.0
uni_456131719,Sohagi,Ishwarganj,Mymensingh,Mymensingh,29893.17989,0.0,0,0.0
uni_456131710,Sarisha,Ishwarganj,Mymensingh,Mymensingh,27335.22786,0.0,0,0.0
uni_456131676,Rajibpur,Ishwarganj,Mymensingh,Mymensingh,39000.79751,0.0,0,0.0
uni_456131518,Maijbag,Ishwarganj,Mymensingh,Mymensingh,41250.81207,0.0,0,0.0
uni_456123720,Sidhla,Gouripur,Mymensingh,Mymensingh,24419.20105,0.0,0,0.0
uni_456123711,Sahanati,Gouripur,Mymensingh,Mymensingh,30418.62941,0.0,0,0.0
uni_456123677,Ramgopalpur,Gouripur,Mymensingh,Mymensingh,55081.82104,0.0,0,0.0
uni_456123519,Maoha,Gouripur,Mymensingh,Mymensingh,27343.604639999998,0.0,0,0.0
uni_456122310,Gafargaon,Gafargaon,Mymensingh,Mymensingh,29825.67997,0.0,0,0.0
uni_456122210,Datter Bazar,Gafargaon,Mymensingh,Mymensingh,34495.88158,0.0,0,0.0
uni_456122176,Char Algi,Gafargaon,Mymensingh,Mymensingh,45205.56098,0.0,0,0.0
uni_456122142,Barabaria,Gafargaon,Mymensingh,Mymensingh,18362.86912,0.0,0,0.0
uni_456122022,Gafargaon Pourasabha (Municipality),Gafargaon,Mymensingh,Mymensingh,27805.8808,0.0,0,0.0
uni_456120690,Rangamatia,Fulbaria,Mymensingh,Mymensingh,32444.6599,0.0,0,0.0
uni_456120681,Radhakanai,Fulbaria,Mymensingh,Mymensingh,43481.53088,0.0,0,0.0
uni_456120614,Putijana,Fulbaria,Mymensingh,Mymensingh,29646.19671,0.0,0,0.0
uni_456120547,Naogaon,Fulbaria,Mymensingh,Mymensingh,29553.59274,0.0,0,0.0
uni_456120455,Kushmail,Fulbaria,Mymensingh,Mymensingh,39985.63091,0.0,0,0.0
uni_456120446,Kaladaha,Fulbaria,Mymensingh,Mymensingh,26821.72351,0.0,0,0.0
uni_456120280,Fulbaria,Fulbaria,Mymensingh,Mymensingh,40621.24223,0.0,0,0.0
uni_456120246,Enayetpur,Fulbaria,Mymensingh,Mymensingh,45322.15101,0.0,0,0.0
uni_456120212,Deokhola,Fulbaria,Mymensingh,Mymensingh,16799.25118,0.0,0,0.0
uni_456120161,Bhabanipur,Fulbaria,Mymensingh,Mymensingh,32278.92523,0.0,0,0.0
uni_456122410,Jashara,Gafargaon,Mymensingh,Mymensingh,24822.09702,0.0,0,0.0
uni_456122477,Langair,Gafargaon,Mymensingh,Mymensingh,24462.00257,0.0,0,0.0
uni_456122479,Tangab,Gafargaon,Mymensingh,Mymensingh,34405.29138,0.0,0,0.0
uni_456123033,Gouripur Pourasabha (Municipality),Gouripur,Mymensingh,Mymensingh,33389.474799999996,0.0,0,0.0
uni_456123510,Mailakanda,Gouripur,Mymensingh,Mymensingh,36504.44704,0.0,0,0.0
uni_456123311,Gouripur,Gouripur,Mymensingh,Mymensingh,37275.08756,0.0,0,0.0
uni_456123211,Douhakhala,Gouripur,Mymensingh,Mymensingh,60642.4089,0.0,0,0.0
uni_456123152,Bokainagar,Gouripur,Mymensingh,Mymensingh,42137.65991,0.0,0,0.0
uni_456123143,Bhangnamari,Gouripur,Mymensingh,Mymensingh,40000.0168,0.0,0,0.0
uni_456123109,Achintyapur,Gouripur,Mymensingh,Mymensingh,35135.36764,0.0,0,0.0
uni_456122783,Usthi,Gafargaon,Mymensingh,Mymensingh,20735.09082,0.0,0,0.0
uni_456122511,Mashakhali,Gafargaon,Mymensingh,Mymensingh,30764.00803,0.0,0,0.0
uni_456122715,Saltia,Gafargaon,Mymensingh,Mymensingh,34149.43502,0.0,0,0.0
uni_456122689,Rasulpur,Gafargaon,Mymensingh,Mymensingh,20196.42517,0.0,0,0.0
uni_456122680,Raona,Gafargaon,Mymensingh,Mymensingh,28890.34014,0.0,0,0.0
uni_456122621,Panchbag,Gafargaon,Mymensingh,Mymensingh,40373.67799,0.0,0,0.0
uni_456122612,Paithal,Gafargaon,Mymensingh,Mymensingh,27949.28615,0.0,0,0.0
uni_456122545,Niguari,Gafargaon,Mymensingh,Mymensingh,36998.50507,0.0,0,0.0
uni_456152615,Paranganj,Mymensingh Sadar,Mymensingh,Mymensingh,31956.53519,0.0,0,0.0
uni_456165066,Muktagachha Pourasabha (Municipality),Muktagachha,Mymensingh,Mymensingh,59717.0244,0.0,0,0.0
uni_457218020,Durgapur Pourasabha (Municipality),Durgapur,Netrakona,Mymensingh,31869.49435,0.0,0,0.0
uni_456194521,Mokkhapur,Trishal,Mymensingh,Mymensingh,31056.25204,0.0,0,0.0
uni_456194453,Kanthal,Trishal,Mymensingh,Mymensingh,28027.8314,0.0,0,0.0
uni_456194444,Kanihari,Trishal,Mymensingh,Mymensingh,31286.68433,0.0,0,0.0
uni_456194344,Harirampur,Trishal,Mymensingh,Mymensingh,26969.81663,0.0,0,0.0
uni_456194211,Dhanikhola,Trishal,Mymensingh,Mymensingh,33631.6528,0.0,0,0.0
uni_456194152,Balipara,Trishal,Mymensingh,Mymensingh,40007.69373,0.0,0,0.0
uni_456194143,Bailar,Trishal,Mymensingh,Mymensingh,46507.02371,0.0,0,0.0
uni_456194109,Amirabari,Trishal,Mymensingh,Mymensingh,44643.66497,0.0,0,0.0
uni_456194088,Trishal Pourasabha (Municipality),Trishal,Mymensingh,Mymensingh,51434.5408,0.0,0,0.0
uni_456188745,Tarakanda,Tarakanda,Mymensingh,Mymensingh,43104.20893,0.0,0,0.0
uni_456188678,Rampur,Tarakanda,Mymensingh,Mymensingh,26608.05091,0.0,0,0.0
uni_456188462,Kamaria,Tarakanda,Mymensingh,Mymensingh,41023.21753,0.0,0,0.0
uni_456188453,Kamargaon,Tarakanda,Mymensingh,Mymensingh,22405.84035,0.0,0,0.0
uni_456188444,Kakni,Tarakanda,Mymensingh,Mymensingh,31377.52954,0.0,0,0.0
uni_456188311,Galagaon,Tarakanda,Mymensingh,Mymensingh,30182.30355,0.0,0,0.0
uni_456188211,Dhakua,Tarakanda,Mymensingh,Mymensingh,25785.91914,0.0,0,0.0
uni_456194512,Mathbari,Trishal,Mymensingh,Mymensingh,43967.37601,0.0,0,0.0
uni_456194679,Rampur,Trishal,Mymensingh,Mymensingh,26998.12147,0.0,0,0.0
uni_456165142,Banshati,Muktagachha,Mymensingh,Mymensingh,44069.6225,0.0,0,0.0
uni_456194713,Sakhua,Trishal,Mymensingh,Mymensingh,23036.89743,0.0,0,0.0
uni_457209717,Singdha,Barhatta,Netrakona,Mymensingh,25935.90161,0.0,0,0.0
uni_457209708,Sahata,Barhatta,Netrakona,Mymensingh,40687.68453,0.0,0,0.0
uni_457209674,Raypur,Barhatta,Netrakona,Mymensingh,29071.537940000002,0.0,0,0.0
uni_457209178,Chiram,Barhatta,Netrakona,Mymensingh,23512.60992,0.0,0,0.0
uni_457209152,Bausi,Barhatta,Netrakona,Mymensingh,26459.79936,0.0,0,0.0
uni_457209143,Barhatta,Barhatta,Netrakona,Mymensingh,33191.40264,0.0,0,0.0
uni_457209109,Asma,Barhatta,Netrakona,Mymensingh,24876.5552,0.0,0,0.0
uni_501020020,Bogura Pourasabha (Municipality),Bogura Sadar,Bogura,Rajshahi,380878.661,0.0,0,0.0
uni_457204724,Swarmushia,Atpara,Netrakona,Mymensingh,25105.02703,0.0,0,0.0
uni_457204715,Sukhari,Atpara,Netrakona,Mymensingh,22773.24956,0.0,0,0.0
uni_457204706,Shunai,Atpara,Netrakona,Mymensingh,18833.52778,0.0,0,0.0
uni_457204474,Luneshwar,Atpara,Netrakona,Mymensingh,23304.5577,0.0,0,0.0
uni_457204209,Duaz,Atpara,Netrakona,Mymensingh,16017.91265,0.0,0,0.0
uni_457204142,Baniajan,Atpara,Netrakona,Mymensingh,20547.31035,0.0,0,0.0
uni_456194747,Trishal,Trishal,Mymensingh,Mymensingh,42908.02326,0.0,0,0.0
uni_456188160,Biska,Tarakanda,Mymensingh,Mymensingh,52087.90533,0.0,0,0.0
uni_456188151,Banihala,Tarakanda,Mymensingh,Mymensingh,35889.36348,0.0,0,0.0
uni_456188142,Balikhan,Tarakanda,Mymensingh,Mymensingh,30242.04858,0.0,0,0.0
uni_456181712,Singheshwar,Fulpur,Mymensingh,Mymensingh,33313.51789,0.0,0,0.0
uni_456172310,Gangail,Nandail,Mymensingh,Mymensingh,30689.095119999998,0.0,0,0.0
uni_456172185,Char Betagair,Nandail,Mymensingh,Mymensingh,31721.12641,0.0,0,0.0
uni_456172177,Chandipasha,Nandail,Mymensingh,Mymensingh,40332.27751,0.0,0,0.0
uni_456172143,Bir Betagair,Nandail,Mymensingh,Mymensingh,16198.60889,0.0,0,0.0
uni_456172109,Achargaon,Nandail,Mymensingh,Mymensingh,32240.69126,0.0,0,0.0
uni_456172077,Nandail Pourasabha (Municipality),Nandail,Mymensingh,Mymensingh,31190.29416,0.0,0,0.0
uni_456165745,Tarati,Muktagachha,Mymensingh,Mymensingh,38026.6455,0.0,0,0.0
uni_456165513,Mankon,Muktagachha,Mymensingh,Mymensingh,38433.09904,0.0,0,0.0
uni_456165462,Kumargata,Muktagachha,Mymensingh,Mymensingh,55237.05875,0.0,0,0.0
uni_456165453,Kheruajani,Muktagachha,Mymensingh,Mymensingh,30970.09845,0.0,0,0.0
uni_456165444,Kashimpur,Muktagachha,Mymensingh,Mymensingh,36105.57943,0.0,0,0.0
uni_456165311,Ghoga,Muktagachha,Mymensingh,Mymensingh,28896.35764,0.0,0,0.0
uni_456165219,Dulla,Muktagachha,Mymensingh,Mymensingh,49626.56067,0.0,0,0.0
uni_456165210,Daogaon,Muktagachha,Mymensingh,Mymensingh,33030.7393,0.0,0,0.0
uni_456165151,Baragram,Muktagachha,Mymensingh,Mymensingh,38230.45773,0.0,0,0.0
uni_456172410,Jahangirpur,Nandail,Mymensingh,Mymensingh,37403.99968,0.0,0,0.0
uni_456172444,Kharua,Nandail,Mymensingh,Mymensingh,31839.33987,0.0,0,0.0
uni_456172511,Moazzempur,Nandail,Mymensingh,Mymensingh,32650.82846,0.0,0,0.0
uni_456181160,Bhaitkandi,Fulpur,Mymensingh,Mymensingh,29159.49409,0.0,0,0.0
uni_456181694,Rupsi,Fulpur,Mymensingh,Mymensingh,27371.32923,0.0,0,0.0
uni_456181685,Rambhadrapur,Fulpur,Mymensingh,Mymensingh,25059.46122,0.0,0,0.0
uni_456181676,Rahimganj,Fulpur,Mymensingh,Mymensingh,25728.79937,0.0,0,0.0
uni_456181609,Payari,Fulpur,Mymensingh,Mymensingh,32078.28501,0.0,0,0.0
uni_456181278,Fulpur,Fulpur,Mymensingh,Mymensingh,29179.40853,0.0,0,0.0
uni_456181178,Chhandhara,Fulpur,Mymensingh,Mymensingh,24000.97611,0.0,0,0.0
uni_456181151,Baola,Fulpur,Mymensingh,Mymensingh,26594.65812,0.0,0,0.0
uni_456172520,Mushuli,Nandail,Mymensingh,Mymensingh,39362.1506,0.0,0,0.0
uni_456181142,Balia,Fulpur,Mymensingh,Mymensingh,21789.77018,0.0,0,0.0
uni_456181083,Fulpur Pourasabha (Municipality),Fulpur,Mymensingh,Mymensingh,31708.2545,0.0,0,0.0
uni_456172722,Singrail,Nandail,Mymensingh,Mymensingh,33748.21789,0.0,0,0.0
uni_456172713,Sherpur,Nandail,Mymensingh,Mymensingh,29189.3583,0.0,0,0.0
uni_456172679,Rajganti,Nandail,Mymensingh,Mymensingh,30418.71842,0.0,0,0.0
uni_456172546,Nandail,Nandail,Mymensingh,Mymensingh,28353.04235,0.0,0,0.0
uni_501006708,Santahar,Adamdighi,Bogura,Rajshahi,29977.558970000002,0.0,0,0.0
uni_501020542,Namuja,Bogura Sadar,Bogura,Rajshahi,24593.70391,0.0,0,0.0
uni_501020241,Erulia,Bogura Sadar,Bogura,Rajshahi,35639.16662,0.0,0,0.0
uni_506460160,Barshail,Naogaon Sadar,Naogaon,Rajshahi,17804.55569,0.0,0,0.0
uni_506460712,Shailgachhi,Naogaon Sadar,Naogaon,Rajshahi,9859.570364,0.0,0,0.0
uni_506460447,Kirtipur,Naogaon Sadar,Naogaon,Rajshahi,22714.14092,0.0,0,0.0
uni_506460355,Hapania,Naogaon Sadar,Naogaon,Rajshahi,35046.82982,0.0,0,0.0
uni_506460346,Hansaigari,Naogaon Sadar,Naogaon,Rajshahi,11802.294633,0.0,0,0.0
uni_506460213,Dubalhati,Naogaon Sadar,Naogaon,Rajshahi,16381.7138,0.0,0,0.0
uni_506460179,Chandipur,Naogaon Sadar,Naogaon,Rajshahi,22240.58393,0.0,0,0.0
uni_506460169,Boalia,Naogaon Sadar,Naogaon,Rajshahi,27967.9743,0.0,0,0.0
uni_506460151,Balihar,Naogaon Sadar,Naogaon,Rajshahi,20119.18627,0.0,0,0.0
uni_506450343,Hatur,Mahadebpur,Naogaon,Rajshahi,27332.32983,0.0,0,0.0
uni_506460142,Baktarpur,Naogaon Sadar,Naogaon,Rajshahi,26274.35415,0.0,0,0.0
uni_506460050,Naogaon Pourasabha (Municipality),Naogaon Sadar,Naogaon,Rajshahi,176343.06507,0.0,0,0.0
uni_506450811,Vimpur,Mahadebpur,Naogaon,Rajshahi,33243.799732,0.0,0,0.0
uni_506450777,Uttargram,Mahadebpur,Naogaon,Rajshahi,27825.35734,0.0,0,0.0
uni_506450710,Safapur,Mahadebpur,Naogaon,Rajshahi,21901.64056,0.0,0,0.0
uni_506450676,Raigaon,Mahadebpur,Naogaon,Rajshahi,29430.11592,0.0,0,0.0
uni_506450510,Mahadebpur,Mahadebpur,Naogaon,Rajshahi,58894.93626,0.0,0,0.0
uni_506460721,Shikarpur,Naogaon Sadar,Naogaon,Rajshahi,9931.4001876,0.0,0,0.0
uni_506460747,Tilakpur,Naogaon Sadar,Naogaon,Rajshahi,29580.66924,0.0,0,0.0
uni_506469142,Bahadurpur,Niamatpur,Naogaon,Rajshahi,33043.59106,0.0,0,0.0
uni_506469151,Bhabicha,Niamatpur,Naogaon,Rajshahi,32336.503915,0.0,0,0.0
uni_506475553,Nirmail,Patnitala,Naogaon,Rajshahi,24081.67134,0.0,0,0.0
uni_506475544,Nazipur,Patnitala,Naogaon,Rajshahi,15557.236780000001,0.0,0,0.0
uni_506475510,Matiandar,Patnitala,Naogaon,Rajshahi,21368.52389,0.0,0,0.0
uni_506475443,Krishnapur,Patnitala,Naogaon,Rajshahi,23831.21481,0.0,0,0.0
uni_506475310,Ghoshnagar,Patnitala,Naogaon,Rajshahi,17977.50643,0.0,0,0.0
uni_506475210,Dibar,Patnitala,Naogaon,Rajshahi,16839.54665,0.0,0,0.0
uni_506475118,Amair,Patnitala,Naogaon,Rajshahi,18577.04313,0.0,0,0.0
uni_506475109,Akbarpur,Patnitala,Naogaon,Rajshahi,20035.72781,0.0,0,0.0
uni_506475070,Nazipur Pourasabha (Municipality),Patnitala,Naogaon,Rajshahi,22140.21339,0.0,0,0.0
uni_506469710,Sreemantapur,Niamatpur,Naogaon,Rajshahi,31114.22504,0.0,0,0.0
uni_506469676,Rasulpur,Niamatpur,Naogaon,Rajshahi,45194.3147,0.0,0,0.0
uni_506469609,Parail,Niamatpur,Naogaon,Rajshahi,34816.63639,0.0,0,0.0
uni_506469542,Niamatpur,Niamatpur,Naogaon,Rajshahi,27347.6759,0.0,0,0.0
uni_506469343,Hajinagar,Niamatpur,Naogaon,Rajshahi,36501.18698,0.0,0,0.0
uni_506469177,Chandannagar,Niamatpur,Naogaon,Rajshahi,32146.20953,0.0,0,0.0
uni_506450443,Khajur,Mahadebpur,Naogaon,Rajshahi,37669.31907,0.0,0,0.0
uni_506450243,Enayetpur,Mahadebpur,Naogaon,Rajshahi,35136.19901,0.0,0,0.0
uni_506475621,Patnitala,Patnitala,Naogaon,Rajshahi,26159.62104,0.0,0,0.0
uni_506406510,Mathurapur,Badalgachhi,Naogaon,Rajshahi,25344.0658,0.0,0,0.0
uni_506428211,Dhamoirhat,Dhamoirhat,Naogaon,Rajshahi,22609.2974,0.0,0,0.0
uni_506428127,Aranagar,Dhamoirhat,Naogaon,Rajshahi,21312.3265,0.0,0,0.0
uni_506428118,Alampur,Dhamoirhat,Naogaon,Rajshahi,26871.78661,0.0,0,0.0
uni_506428109,Agra Dwigun,Dhamoirhat,Naogaon,Rajshahi,23892.17281,0.0,0,0.0
uni_506428030,Dhamoirhat Pourasabha (Municipality),Dhamoirhat,Naogaon,Rajshahi,10257.38008,0.0,0,0.0
uni_506406611,Paharpur,Badalgachhi,Naogaon,Rajshahi,26723.22381,0.0,0,0.0
uni_506406519,Mithapur,Badalgachhi,Naogaon,Rajshahi,20152.02348,0.0,0,0.0
uni_506406443,Kola,Badalgachhi,Naogaon,Rajshahi,22088.71347,0.0,0,0.0
uni_506450184,Cheragpur,Mahadebpur,Naogaon,Rajshahi,26057.6681,0.0,0,0.0
uni_506406161,Bilashbari,Badalgachhi,Naogaon,Rajshahi,27049.44675,0.0,0,0.0
uni_506406152,Balubhara,Badalgachhi,Naogaon,Rajshahi,21567.23128,0.0,0,0.0
uni_506406143,Badalgachhi,Badalgachhi,Naogaon,Rajshahi,37122.78556,0.0,0,0.0
uni_506406109,Adhaipur,Badalgachhi,Naogaon,Rajshahi,26677.78645,0.0,0,0.0
uni_506403710,Sahagola,Atrai,Naogaon,Rajshahi,24470.29061,0.0,0,0.0
uni_506403610,Panchupur,Atrai,Naogaon,Rajshahi,21572.833364000002,0.0,0,0.0
uni_506403510,Maniari,Atrai,Naogaon,Rajshahi,40836.74611,0.0,0,0.0
uni_506428377,Isabpur,Dhamoirhat,Naogaon,Rajshahi,20351.84766,0.0,0,0.0
uni_506428411,Jahanpur,Dhamoirhat,Naogaon,Rajshahi,20057.93364,0.0,0,0.0
uni_506428445,Khelna,Dhamoirhat,Naogaon,Rajshahi,19297.80959,0.0,0,0.0
uni_506428776,Umar,Dhamoirhat,Naogaon,Rajshahi,25366.46381,0.0,0,0.0
uni_506450175,Chandash,Mahadebpur,Naogaon,Rajshahi,23291.78101,0.0,0,0.0
uni_506447749,Tentulia,Manda,Naogaon,Rajshahi,28546.661671,0.0,0,0.0
uni_506447624,Prasadpur,Manda,Naogaon,Rajshahi,28205.71818,0.0,0,0.0
uni_506447615,Paranpur,Manda,Naogaon,Rajshahi,25545.156013,0.0,0,0.0
uni_506447548,Nurullabad,Manda,Naogaon,Rajshahi,30489.05684,0.0,0,0.0
uni_506447522,Manda,Manda,Naogaon,Rajshahi,29895.52133,0.0,0,0.0
uni_506447513,Mainam,Manda,Naogaon,Rajshahi,23819.11593,0.0,0,0.0
uni_506447470,Kusumba,Manda,Naogaon,Rajshahi,33572.24481,0.0,0,0.0
uni_506447461,Kashab,Manda,Naogaon,Rajshahi,22118.19919,0.0,0,0.0
uni_506447452,Kanshopara,Manda,Naogaon,Rajshahi,25041.75766,0.0,0,0.0
uni_506447443,Kalikapur,Manda,Naogaon,Rajshahi,25252.888123,0.0,0,0.0
uni_506447310,Ganeshpur,Manda,Naogaon,Rajshahi,32080.3984,0.0,0,0.0
uni_506447160,Bishnupur,Manda,Naogaon,Rajshahi,26513.068339999998,0.0,0,0.0
uni_506447151,Bharsho,Manda,Naogaon,Rajshahi,31492.92617,0.0,0,0.0
uni_506447142,Bhalain,Manda,Naogaon,Rajshahi,29779.365859999998,0.0,0,0.0
uni_506475612,Patichara,Patnitala,Naogaon,Rajshahi,20837.62297,0.0,0,0.0
uni_506475713,Shihara,Patnitala,Naogaon,Rajshahi,21729.51173,0.0,0,0.0
uni_501020275,Fanpore,Bogura Sadar,Bogura,Rajshahi,17714.87424,0.0,0,0.0
uni_506944221,Durduria,Lalpur,Natore,Rajshahi,30241.82333,0.0,0,0.0
uni_506955151,Brahmapur,Naldanga,Natore,Rajshahi,20678.81689,0.0,0,0.0
uni_506955142,Bipra Belgharia,Naldanga,Natore,Rajshahi,33990.8657,0.0,0,0.0
uni_506955045,Naldanga Pourasabha (Municipality),Naldanga,Natore,Rajshahi,9161.674541,0.0,0,0.0
uni_506944844,Walia,Lalpur,Natore,Rajshahi,26803.86915,0.0,0,0.0
uni_506944480,Lalpur,Lalpur,Natore,Rajshahi,59531.61482,0.0,0,0.0
uni_506944446,Kadim Chilan,Lalpur,Natore,Rajshahi,18254.26018,0.0,0,0.0
uni_506944379,Ishwardi,Lalpur,Natore,Rajshahi,31844.55922,0.0,0,0.0
uni_506944212,Duaria,Lalpur,Natore,Rajshahi,21191.17615,0.0,0,0.0
uni_506941210,Dharabarisha,Gurudaspur,Natore,Rajshahi,38155.7668,0.0,0,0.0
uni_506944178,Chong Dhupail,Lalpur,Natore,Rajshahi,45772.49146,0.0,0,0.0
uni_506944144,Bil Maria,Lalpur,Natore,Rajshahi,39318.55422,0.0,0,0.0
uni_506944118,Arjunpur Baramhati,Lalpur,Natore,Rajshahi,23817.87969,0.0,0,0.0
uni_506944109,Arbab,Lalpur,Natore,Rajshahi,48536.00887,0.0,0,0.0
uni_506944035,Gopalpur (Lalpur) Pourasabha (Municipality),Lalpur,Natore,Rajshahi,22538.33042,0.0,0,0.0
uni_506941543,Najirpur,Gurudaspur,Natore,Rajshahi,38704.11676,0.0,0,0.0
uni_506941509,Mashinda,Gurudaspur,Natore,Rajshahi,42148.26694,0.0,0,0.0
uni_506955441,Khajura,Naldanga,Natore,Rajshahi,13983.9830639,0.0,0,0.0
uni_506955508,Madhnagar,Naldanga,Natore,Rajshahi,16610.3087916,0.0,0,0.0
uni_506955608,Piprul,Naldanga,Natore,Rajshahi,24631.6746843,0.0,0,0.0
uni_506963050,Natore Pourasabha (Municipality),Natore Sadar,Natore,Rajshahi,69545.5495,0.0,0,0.0
uni_506991445,Kalam,Singra,Natore,Rajshahi,19611.33468,0.0,0,0.0
uni_506991378,Italy,Singra,Natore,Rajshahi,45466.9648,0.0,0,0.0
uni_506991344,Hatiandaha,Singra,Natore,Rajshahi,28540.60766,0.0,0,0.0
uni_506991211,Dahia,Singra,Natore,Rajshahi,44241.666766,0.0,0,0.0
uni_506991193,Chougram,Singra,Natore,Rajshahi,37560.51711,0.0,0,0.0
uni_506991184,Chhatardighi,Singra,Natore,Rajshahi,26413.61325,0.0,0,0.0
uni_506991175,Chamari,Singra,Natore,Rajshahi,21827.35578,0.0,0,0.0
uni_506991075,Singra Pourasabha (Municipality),Singra,Natore,Rajshahi,27035.73637,0.0,0,0.0
uni_506963742,Tebaria,Natore Sadar,Natore,Rajshahi,59167.35841,0.0,0,0.0
uni_506963477,Lakkhipur Kholabaria,Natore Sadar,Natore,Rajshahi,33670.42506,0.0,0,0.0
uni_506963443,Kafuria,Natore Sadar,Natore,Rajshahi,39360.66835,0.0,0,0.0
uni_506963343,Halsa,Natore Sadar,Natore,Rajshahi,28195.5362,0.0,0,0.0
uni_506963210,Dighapatia,Natore Sadar,Natore,Rajshahi,38130.10367,0.0,0,0.0
uni_506963176,Chhatni,Natore Sadar,Natore,Rajshahi,44135.26433,0.0,0,0.0
uni_506963142,Bara Harishpur,Natore Sadar,Natore,Rajshahi,60826.727230000004,0.0,0,0.0
uni_506941442,Khubjipur,Gurudaspur,Natore,Rajshahi,15211.749088,0.0,0,0.0
uni_506941176,Chapila,Gurudaspur,Natore,Rajshahi,31405.89687,0.0,0,0.0
uni_506479175,Chhaor,Porsha,Naogaon,Rajshahi,23347.47051,0.0,0,0.0
uni_506485442,Kaligram,Raninagar,Naogaon,Rajshahi,24723.28095,0.0,0,0.0
uni_506486606,Patari,Sapahar,Naogaon,Rajshahi,18499.70894,0.0,0,0.0
uni_506486308,Goala,Sapahar,Naogaon,Rajshahi,37855.383019,0.0,0,0.0
uni_506486109,Aihai,Sapahar,Naogaon,Rajshahi,27761.722542,0.0,0,0.0
uni_506485677,Raninagar,Raninagar,Naogaon,Rajshahi,20801.78633,0.0,0,0.0
uni_506485610,Parail,Raninagar,Naogaon,Rajshahi,29812.142069999998,0.0,0,0.0
uni_506485510,Mirat,Raninagar,Naogaon,Rajshahi,12519.916725000001,0.0,0,0.0
uni_506485451,Kashimpur,Raninagar,Naogaon,Rajshahi,15543.97963,0.0,0,0.0
uni_506485309,Gona,Raninagar,Naogaon,Rajshahi,21087.63814,0.0,0,0.0
uni_506941142,Biaghat,Gurudaspur,Natore,Rajshahi,22505.70756,0.0,0,0.0
uni_506485242,Ekdala,Raninagar,Naogaon,Rajshahi,29715.7101,0.0,0,0.0
uni_506485142,Baragachha,Raninagar,Naogaon,Rajshahi,31889.52712,0.0,0,0.0
uni_506479741,Tentulia,Porsha,Naogaon,Rajshahi,30905.944304,0.0,0,0.0
uni_506479542,Nitpur,Porsha,Naogaon,Rajshahi,19120.7377926,0.0,0,0.0
uni_506479508,Mashidpur,Porsha,Naogaon,Rajshahi,20122.6785,0.0,0,0.0
uni_506479317,Ghatnagar,Porsha,Naogaon,Rajshahi,23776.65219,0.0,0,0.0
uni_506479308,Ganguria,Porsha,Naogaon,Rajshahi,24456.48813,0.0,0,0.0
uni_506486706,Sapahar,Sapahar,Naogaon,Rajshahi,31627.57013,0.0,0,0.0
uni_506486715,Shiranti,Sapahar,Naogaon,Rajshahi,27076.72027,0.0,0,0.0
uni_506486741,Tilna,Sapahar,Naogaon,Rajshahi,22912.41833,0.0,0,0.0
uni_506909021,Bagatipara Pourasabha (Municipality),Bagatipara,Natore,Rajshahi,13231.1201,0.0,0,0.0
uni_506941040,Gurudaspur Pourasabha (Municipality),Gurudaspur,Natore,Rajshahi,39583.6668,0.0,0,0.0
uni_506915544,Nagar,Baraigram,Natore,Rajshahi,33450.25023,0.0,0,0.0
uni_506915510,Majhgaon,Baraigram,Natore,Rajshahi,25486.35197,0.0,0,0.0
uni_506915418,Jonail,Baraigram,Natore,Rajshahi,29886.38158,0.0,0,0.0
uni_506915409,Joari,Baraigram,Natore,Rajshahi,34560.34468,0.0,0,0.0
uni_506915309,Gopalpur,Baraigram,Natore,Rajshahi,29059.77409,0.0,0,0.0
uni_506915176,Chandai,Baraigram,Natore,Rajshahi,18689.70724,0.0,0,0.0
uni_506915142,Baraigram,Baraigram,Natore,Rajshahi,31320.527289999998,0.0,0,0.0
uni_506915031,Baraigram Pourasabha (Municipality),Baraigram,Natore,Rajshahi,10608.84322,0.0,0,0.0
uni_506915025,Banpara Pourasabha (Municipality),Baraigram,Natore,Rajshahi,27944.3145,0.0,0,0.0
uni_506909608,Panka,Bagatipara,Natore,Rajshahi,31895.39037,0.0,0,0.0
uni_506909409,Jamnagar,Bagatipara,Natore,Rajshahi,30630.26229,0.0,0,0.0
uni_506909276,Faguar Diar,Bagatipara,Natore,Rajshahi,18951.61919,0.0,0,0.0
uni_506909209,Dayarampur,Bagatipara,Natore,Rajshahi,26605.72892,0.0,0,0.0
uni_506909142,Bagatipara,Bagatipara,Natore,Rajshahi,21141.85192,0.0,0,0.0
uni_506403443,Kalikapur,Atrai,Naogaon,Rajshahi,20974.709187,0.0,0,0.0
uni_506403343,Hatkalupara,Atrai,Naogaon,Rajshahi,20203.069235,0.0,0,0.0
uni_506403152,Bisha,Atrai,Naogaon,Rajshahi,34007.61,0.0,0,0.0
uni_501054510,Malancha,Kahaloo,Bogura,Rajshahi,27011.5625,0.0,0,0.0
uni_501067160,Burail,Nandigram,Bogura,Rajshahi,44618.47357,0.0,0,0.0
uni_501067151,Bhatra,Nandigram,Bogura,Rajshahi,39855.71902,0.0,0,0.0
uni_501067142,Bhatgram,Nandigram,Bogura,Rajshahi,35957.59449,0.0,0,0.0
uni_501067045,Nandigram Pourasabha (Municipality),Nandigram,Bogura,Rajshahi,17717.21165,0.0,0,0.0
uni_501054612,Paikar,Kahaloo,Bogura,Rajshahi,16838.7325,0.0,0,0.0
uni_501054545,Narahatta,Kahaloo,Bogura,Rajshahi,21171.25613,0.0,0,0.0
uni_501054519,Murail,Kahaloo,Bogura,Rajshahi,28351.71085,0.0,0,0.0
uni_501054451,Kalai,Kahaloo,Bogura,Rajshahi,17244.29024,0.0,0,0.0
uni_501040562,Nepaltali,Gabtali,Bogura,Rajshahi,27983.176489999998,0.0,0,0.0
uni_501054442,Kahaloo,Kahaloo,Bogura,Rajshahi,24694.46201,0.0,0,0.0
uni_501054408,Jamgram,Kahaloo,Bogura,Rajshahi,23697.90255,0.0,0,0.0
uni_501054209,Durgapur,Kahaloo,Bogura,Rajshahi,25295.16886,0.0,0,0.0
uni_501054142,Birkedar,Kahaloo,Bogura,Rajshahi,38368.92811,0.0,0,0.0
uni_501054042,Kahaloo Pourasabha (Municipality),Kahaloo,Bogura,Rajshahi,16328.45,0.0,0,0.0
uni_501040732,Sukhanpukur,Gabtali,Bogura,Rajshahi,26378.76324,0.0,0,0.0
uni_501040713,Sonaray,Gabtali,Bogura,Rajshahi,30561.39188,0.0,0,0.0
uni_501067541,Nandigram,Nandigram,Bogura,Rajshahi,23221.685269999998,0.0,0,0.0
uni_501067740,Thalta Majgram,Nandigram,Bogura,Rajshahi,34751.59696,0.0,0,0.0
uni_501081065,Sariakandi Pourasabha (Municipality),Sariakandi,Bogura,Rajshahi,13516.0254,0.0,0,0.0
uni_501081142,Bhelabari,Sariakandi,Bogura,Rajshahi,18276.809690000002,0.0,0,0.0
uni_501085127,Ashekpur,Shajahanpur,Bogura,Rajshahi,33104.86356,0.0,0,0.0
uni_501085118,Aria,Shajahanpur,Bogura,Rajshahi,29206.9087,0.0,0,0.0
uni_501085109,Amrul,Shajahanpur,Bogura,Rajshahi,18954.60722,0.0,0,0.0
uni_501085020,Bogura Pourasabha (Municipality),Shajahanpur,Bogura,Rajshahi,65221.450899999996,0.0,0,0.0
uni_501081714,Sariakandi,Sariakandi,Bogura,Rajshahi,18754.228852,0.0,0,0.0
uni_501081548,Narchi,Sariakandi,Bogura,Rajshahi,22167.00932,0.0,0,0.0
uni_501081472,Kutubpur,Sariakandi,Bogura,Rajshahi,15633.47291,0.0,0,0.0
uni_501081463,Karnibari,Sariakandi,Bogura,Rajshahi,27363.43556,0.0,0,0.0
uni_501081454,Kamalpur,Sariakandi,Bogura,Rajshahi,19626.865898,0.0,0,0.0
uni_501081445,Kajla,Sariakandi,Bogura,Rajshahi,32695.167254,0.0,0,0.0
uni_501081345,Hat Sherpur,Sariakandi,Bogura,Rajshahi,17114.738116,0.0,0,0.0
uni_501081278,Fulbari,Sariakandi,Bogura,Rajshahi,47565.84889,0.0,0,0.0
uni_501081186,Chandanbaisha,Sariakandi,Bogura,Rajshahi,8197.089626,0.0,0,0.0
uni_501081177,Chaluabari,Sariakandi,Bogura,Rajshahi,20507.9616937,0.0,0,0.0
uni_501081151,Bohail,Sariakandi,Bogura,Rajshahi,35656.334106,0.0,0,0.0
uni_501040679,Rameshwarpur,Gabtali,Bogura,Rajshahi,27009.9828,0.0,0,0.0
uni_501040553,Nashipur,Gabtali,Bogura,Rajshahi,24514.51993,0.0,0,0.0
uni_506403143,Bhonpara,Atrai,Naogaon,Rajshahi,35125.830069999996,0.0,0,0.0
uni_501020729,Sheikherkola,Bogura Sadar,Bogura,Rajshahi,27854.60735,0.0,0,0.0
uni_501027312,Gopalnagar,Dhunat,Bogura,Rajshahi,31455.47296,0.0,0,0.0
uni_501027245,Elangi,Dhunat,Bogura,Rajshahi,26324.93585,0.0,0,0.0
uni_501027211,Dhunat,Dhunat,Bogura,Rajshahi,32846.82153,0.0,0,0.0
uni_501027185,Choukibari,Dhunat,Bogura,Rajshahi,37063.55462,0.0,0,0.0
uni_501027176,Chikashi,Dhunat,Bogura,Rajshahi,32078.45066,0.0,0,0.0
uni_501027142,Bhandarbari,Dhunat,Bogura,Rajshahi,20291.915507,0.0,0,0.0
uni_501027030,Dhunat Pourasabha (Municipality),Dhunat,Bogura,Rajshahi,10470.9086,0.0,0,0.0
uni_501020720,Shakharia,Bogura Sadar,Bogura,Rajshahi,11659.3634,0.0,0,0.0
uni_501040544,Naruamala,Gabtali,Bogura,Rajshahi,32309.26906,0.0,0,0.0
uni_501020711,Sabgram,Bogura Sadar,Bogura,Rajshahi,19082.8134,0.0,0,0.0
uni_501020677,Razapur,Bogura Sadar,Bogura,Rajshahi,7791.8256,0.0,0,0.0
uni_501020560,Noongola,Bogura Sadar,Bogura,Rajshahi,19716.96862,0.0,0,0.0
uni_501020551,Nishindara,Bogura Sadar,Bogura,Rajshahi,23666.5117,0.0,0,0.0
uni_456120143,Bakta,Fulbaria,Mymensingh,Mymensingh,33783.3851,0.0,0,0.0
uni_501020475,Lahiripara,Bogura Sadar,Bogura,Rajshahi,25379.60543,0.0,0,0.0
uni_501020309,Gokul,Bogura Sadar,Bogura,Rajshahi,28123.831,0.0,0,0.0
uni_501027321,Gosaibari,Dhunat,Bogura,Rajshahi,32120.10769,0.0,0,0.0
uni_501027446,Kalerpara,Dhunat,Bogura,Rajshahi,32411.89515,0.0,0,0.0
uni_501027513,Mathurapur,Dhunat,Bogura,Rajshahi,36594.08524,0.0,0,0.0
uni_501027547,Nimgachhi,Dhunat,Bogura,Rajshahi,30431.423020000002,0.0,0,0.0
uni_501040510,Mahishaban,Gabtali,Bogura,Rajshahi,31250.87039,0.0,0,0.0
uni_501040443,Kagail,Gabtali,Bogura,Rajshahi,25859.74506,0.0,0,0.0
uni_501040310,Gabtali,Gabtali,Bogura,Rajshahi,23873.69955,0.0,0,0.0
uni_501040218,Durgahata,Gabtali,Bogura,Rajshahi,35907.34112,0.0,0,0.0
uni_501040209,Dakkhinpara,Gabtali,Bogura,Rajshahi,21149.85053,0.0,0,0.0
uni_501040142,Baliadighi,Gabtali,Bogura,Rajshahi,28728.65038,0.0,0,0.0
uni_501040040,Gabtali Pourasabha (Municipality),Gabtali,Bogura,Rajshahi,16682.1924,0.0,0,0.0
uni_501033939,Zianagar,Dupchachia,Bogura,Rajshahi,17158.56161,0.0,0,0.0
uni_501033740,Talora,Dupchachia,Bogura,Rajshahi,14851.11785,0.0,0,0.0
uni_501033318,Gunahar,Dupchachia,Bogura,Rajshahi,24262.99764,0.0,0,0.0
uni_501033309,Gobindapur,Dupchachia,Bogura,Rajshahi,29626.62104,0.0,0,0.0
uni_501033209,Dupchachia,Dupchachia,Bogura,Rajshahi,25763.42171,0.0,0,0.0
uni_501033175,Chamrul,Dupchachia,Bogura,Rajshahi,25210.69552,0.0,0,0.0
uni_501033070,Talora  Pourasabha (Municipality),Dupchachia,Bogura,Rajshahi,23865.46826,0.0,0,0.0
uni_501033037,Dupchachia Pourasabha (Municipality),Dupchachia,Bogura,Rajshahi,38249.7601,0.0,0,0.0
uni_501085179,Chopinagar,Shajahanpur,Bogura,Rajshahi,22331.283480000002,0.0,0,0.0
uni_501085312,Gohail,Shajahanpur,Bogura,Rajshahi,22466.50682,0.0,0,0.0
uni_501085445,Kharna,Shajahanpur,Bogura,Rajshahi,31620.24862,0.0,0,0.0
uni_503847212,Dhalahar,Joypurhat Sadar,Joypurhat,Rajshahi,14789.90597,0.0,0,0.0
uni_503858407,Jindarpur,Kalai,Joypurhat,Rajshahi,26101.8484,0.0,0,0.0
uni_503858109,Ahmmedabad,Kalai,Joypurhat,Rajshahi,20764.90153,0.0,0,0.0
uni_503858060,Kalai Pourasabha (Municipality),Kalai,Joypurhat,Rajshahi,22872.6262,0.0,0,0.0
uni_503847612,Puranapail,Joypurhat Sadar,Joypurhat,Rajshahi,30042.32265,0.0,0,0.0
uni_503847512,Mohammadabad,Joypurhat Sadar,Joypurhat,Rajshahi,11657.46369,0.0,0,0.0
uni_503847412,Jamalpur,Joypurhat Sadar,Joypurhat,Rajshahi,26539.64289,0.0,0,0.0
uni_503847221,Dogachhi,Joypurhat Sadar,Joypurhat,Rajshahi,32944.43834,0.0,0,0.0
uni_503847178,Chak Barkat,Joypurhat Sadar,Joypurhat,Rajshahi,15387.96656,0.0,0,0.0
uni_501085454,Khottapara,Shajahanpur,Bogura,Rajshahi,21388.72043,0.0,0,0.0
uni_503847152,Bhadsa,Joypurhat Sadar,Joypurhat,Rajshahi,26136.75941,0.0,0,0.0
uni_503847143,Bambu,Joypurhat Sadar,Joypurhat,Rajshahi,25979.03547,0.0,0,0.0
uni_503847109,Amdai,Joypurhat Sadar,Joypurhat,Rajshahi,23610.22874,0.0,0,0.0
uni_503847050,Joypurhat Pourasabha (Municipality),Joypurhat Sadar,Joypurhat,Rajshahi,74728.0451,0.0,0,0.0
uni_503813740,Tilakpur,Akkelpur,Joypurhat,Rajshahi,27245.68842,0.0,0,0.0
uni_503813706,Sonamukhi,Akkelpur,Joypurhat,Rajshahi,16670.14926,0.0,0,0.0
uni_503813680,Rukundipur,Akkelpur,Joypurhat,Rajshahi,25062.10561,0.0,0,0.0
uni_503858507,Matrai,Kalai,Joypurhat,Rajshahi,38316.31851,0.0,0,0.0
uni_503858607,Punat,Kalai,Joypurhat,Rajshahi,28313.35089,0.0,0,0.0
uni_503858773,Udaypur,Kalai,Joypurhat,Rajshahi,26518.4379,0.0,0,0.0
uni_503861067,Khetlal Pourasabha (Municipality),Khetlal,Joypurhat,Rajshahi,15225.87343,0.0,0,0.0
uni_506403109,Ahsanganj,Atrai,Naogaon,Rajshahi,23404.31196,0.0,0,0.0
uni_503874512,Mohammadpur,Panchbibi,Joypurhat,Rajshahi,26662.04395,0.0,0,0.0
uni_503874445,Kusumba,Panchbibi,Joypurhat,Rajshahi,37116.57903,0.0,0,0.0
uni_503874213,Dharanji,Panchbibi,Joypurhat,Rajshahi,24608.59667,0.0,0,0.0
uni_503874154,Balighata,Panchbibi,Joypurhat,Rajshahi,13152.92307,0.0,0,0.0
uni_503874145,Bagjana,Panchbibi,Joypurhat,Rajshahi,26774.30516,0.0,0,0.0
uni_503874127,Ayma Rasulpur,Panchbibi,Joypurhat,Rajshahi,25913.37487,0.0,0,0.0
uni_503874118,Atapur,Panchbibi,Joypurhat,Rajshahi,29639.48582,0.0,0,0.0
uni_503874109,Aolai,Panchbibi,Joypurhat,Rajshahi,33885.60126,0.0,0,0.0
uni_503874075,Panchbibi Pourasabha (Municipality),Panchbibi,Joypurhat,Rajshahi,25089.99353,0.0,0,0.0
uni_503861740,Tulsiganga,Khetlal,Joypurhat,Rajshahi,9995.60067,0.0,0,0.0
uni_503861508,Mamudpur,Khetlal,Joypurhat,Rajshahi,21003.40742,0.0,0,0.0
uni_503861152,Barail,Khetlal,Joypurhat,Rajshahi,13089.798780000001,0.0,0,0.0
uni_503861143,Bara Tara,Khetlal,Joypurhat,Rajshahi,26146.84667,0.0,0,0.0
uni_503861109,Alampur,Khetlal,Joypurhat,Rajshahi,21662.71392,0.0,0,0.0
uni_503813671,Raykali,Akkelpur,Joypurhat,Rajshahi,24747.16385,0.0,0,0.0
uni_503813307,Gopinathpur,Akkelpur,Joypurhat,Rajshahi,24642.80647,0.0,0,0.0
uni_503813025,Akkelpur Pourasabha (Municipality),Akkelpur,Joypurhat,Rajshahi,26488.34453,0.0,0,0.0
uni_501094143,Bihar,Shibganj,Bogura,Rajshahi,21245.83645,0.0,0,0.0
uni_501094082,Shibganj Pourasabha (Municipality),Shibganj,Bogura,Rajshahi,18271.97036,0.0,0,0.0
uni_501088728,Sughat,Sherpur,Bogura,Rajshahi,25481.27251,0.0,0,0.0
uni_501088719,Simabari,Sherpur,Bogura,Rajshahi,34575.56191,0.0,0,0.0
uni_501088710,Shahbandagi,Sherpur,Bogura,Rajshahi,50773.65946,0.0,0,0.0
uni_501088511,Mirzapur,Sherpur,Bogura,Rajshahi,31737.19747,0.0,0,0.0
uni_501088460,Kusumbi,Sherpur,Bogura,Rajshahi,36709.70951,0.0,0,0.0
uni_501088451,Khanpur,Sherpur,Bogura,Rajshahi,40625.53989,0.0,0,0.0
uni_501088442,Khamarkandi,Sherpur,Bogura,Rajshahi,21852.44286,0.0,0,0.0
uni_501088309,Garidaha,Sherpur,Bogura,Rajshahi,48334.29691,0.0,0,0.0
uni_501088151,Bishalpur,Sherpur,Bogura,Rajshahi,40769.617790000004,0.0,0,0.0
uni_501088142,Bhabanipur,Sherpur,Bogura,Rajshahi,43842.64765,0.0,0,0.0
uni_501088075,Sherpur Pourasabha (Municipality),Sherpur,Bogura,Rajshahi,12132.368699999999,0.0,0,0.0
uni_501085998,Bogura Cantonment,Shajahanpur,Bogura,Rajshahi,17240.7467,0.0,0,0.0
uni_501085522,Majhira,Shajahanpur,Bogura,Rajshahi,21423.0449,0.0,0,0.0
uni_501085513,Madla,Shajahanpur,Bogura,Rajshahi,15814.3105,0.0,0,0.0
uni_501094109,Atmul,Shibganj,Bogura,Rajshahi,33212.60865,0.0,0,0.0
uni_501094152,Buriganj,Shibganj,Bogura,Rajshahi,29238.79099,0.0,0,0.0
uni_501095742,Tekani Chukainagar,Sonatala,Bogura,Rajshahi,15415.540649999999,0.0,0,0.0
uni_501094211,Deuli,Shibganj,Bogura,Rajshahi,38688.31762,0.0,0,0.0
uni_501095708,Sonatala,Sonatala,Bogura,Rajshahi,17900.2957,0.0,0,0.0
uni_501095608,Pakulla,Sonatala,Bogura,Rajshahi,22529.44707,0.0,0,0.0
uni_501095508,Madhupur,Sonatala,Bogura,Rajshahi,24838.47636,0.0,0,0.0
uni_501095408,Jorgachha,Sonatala,Bogura,Rajshahi,46364.91692,0.0,0,0.0
uni_501095209,Digdair,Sonatala,Bogura,Rajshahi,33220.65785,0.0,0,0.0
uni_501095142,Balua,Sonatala,Bogura,Rajshahi,35162.0931,0.0,0,0.0
uni_501095087,Sonatala Pourasabha (Municipality),Sonatala,Bogura,Rajshahi,25646.22,0.0,0,0.0
uni_501094722,Syedpur,Shibganj,Bogura,Rajshahi,34051.41409,0.0,0,0.0
uni_501094713,Shibganj,Shibganj,Bogura,Rajshahi,36378.97186,0.0,0,0.0
uni_501094679,Raynagar,Shibganj,Bogura,Rajshahi,31880.2292,0.0,0,0.0
uni_501094612,Pirab,Shibganj,Bogura,Rajshahi,27590.47389,0.0,0,0.0
uni_501094528,Mokamtala,Shibganj,Bogura,Rajshahi,52326.3925,0.0,0,0.0
uni_501094519,Maydanhata,Shibganj,Bogura,Rajshahi,33616.51606,0.0,0,0.0
uni_501094510,Majhihatta,Shibganj,Bogura,Rajshahi,27353.86381,0.0,0,0.0
uni_501094443,Kichak,Shibganj,Bogura,Rajshahi,32567.89957,0.0,0,0.0
uni_456120152,Balian,Fulbaria,Mymensingh,Mymensingh,28421.32832,0.0,0,0.0
uni_456116142,Baghber,Dhobaura,Mymensingh,Mymensingh,33760.10437,0.0,0,0.0
uni_456120109,Achhim Patuli,Fulbaria,Mymensingh,Mymensingh,45610.46345,0.0,0,0.0
uni_404712709,Surkhali,Batiaghata,Khulna,Khulna,27510.04612,0.0,0,0.0
uni_404717477,Laudob,Dacope,Khulna,Khulna,9268.66481,0.0,0,0.0
uni_404717451,Kamarkhola,Dacope,Khulna,Khulna,6624.998728,0.0,0,0.0
uni_404717442,Kailasganj,Dacope,Khulna,Khulna,9087.76391,0.0,0,0.0
uni_404717210,Dacope,Dacope,Khulna,Khulna,6282.03865,0.0,0,0.0
uni_404717151,Banishanta,Dacope,Khulna,Khulna,15405.32603,0.0,0,0.0
uni_404717142,Bajua,Dacope,Khulna,Khulna,11399.67714,0.0,0,0.0
uni_404717022,Chalna Pourasabha (Municipality),Dacope,Khulna,Khulna,6003.19912,0.0,0,0.0
uni_404712411,Jalma,Batiaghata,Khulna,Khulna,69958.595973,0.0,0,0.0
uni_404740310,Gazirhat,Dighalia,Khulna,Khulna,14678.68814,0.0,0,0.0
uni_404712311,Gangarampur,Batiaghata,Khulna,Khulna,15910.69636,0.0,0,0.0
uni_404712161,Bhandarkot,Batiaghata,Khulna,Khulna,10086.02992,0.0,0,0.0
uni_404712152,Batiaghata,Batiaghata,Khulna,Khulna,18188.14705,0.0,0,0.0
uni_404712143,Baliadanga,Batiaghata,Khulna,Khulna,7767.37104,0.0,0,0.0
uni_404712109,Amirpur,Batiaghata,Khulna,Khulna,10052.95627,0.0,0,0.0
uni_404480782,Umedpur,Shailkupa,Jhenaidah,Khulna,38393.87068,0.0,0,0.0
uni_404480748,Tribeni,Shailkupa,Jhenaidah,Khulna,23781.44619,0.0,0,0.0
uni_404717611,Pankhali,Dacope,Khulna,Khulna,12818.09918,0.0,0,0.0
uni_404717711,Sutarkhali,Dacope,Khulna,Khulna,14214.180832,0.0,0,0.0
uni_404717745,Tildanga,Dacope,Khulna,Khulna,13215.454433,0.0,0,0.0
uni_404717997,Nalian Range,Dacope,Khulna,Khulna,45256.1573673,0.0,0,0.0
uni_404740143,Barakpur,Dighalia,Khulna,Khulna,48994.17223,0.0,0,0.0
uni_404730732,Shovna,Dumuria,Khulna,Khulna,24496.62553,0.0,0,0.0
uni_404730723,Sharafpur,Dumuria,Khulna,Khulna,15641.58904,0.0,0,0.0
uni_404730714,Sahas,Dumuria,Khulna,Khulna,15834.73232,0.0,0,0.0
uni_404730696,Rudaghara,Dumuria,Khulna,Khulna,13701.2726,0.0,0,0.0
uni_404730687,Rangpur,Dumuria,Khulna,Khulna,20798.33298,0.0,0,0.0
uni_404730678,Ragunathpur,Dumuria,Khulna,Khulna,14150.216647,0.0,0,0.0
uni_404730520,Magurkhali,Dumuria,Khulna,Khulna,23155.316189999998,0.0,0,0.0
uni_404730511,Maguraghona,Dumuria,Khulna,Khulna,15733.575313,0.0,0,0.0
uni_404730444,Kharnia,Dumuria,Khulna,Khulna,16333.23582,0.0,0,0.0
uni_404730311,Gutudia,Dumuria,Khulna,Khulna,45555.273632,0.0,0,0.0
uni_404730219,Dumuria,Dumuria,Khulna,Khulna,22198.45409,0.0,0,0.0
uni_404730210,Dhamalia,Dumuria,Khulna,Khulna,11016.44325,0.0,0,0.0
uni_404730143,Bhandarpara,Dumuria,Khulna,Khulna,22996.58415,0.0,0,0.0
uni_404730109,Atlia,Dumuria,Khulna,Khulna,25111.980814,0.0,0,0.0
uni_404480714,Sarutia,Shailkupa,Jhenaidah,Khulna,27483.3946,0.0,0,0.0
uni_404480548,Nityanandapur,Shailkupa,Jhenaidah,Khulna,26401.0574,0.0,0,0.0
uni_404480522,Mirzapur,Shailkupa,Jhenaidah,Khulna,33501.686929999996,0.0,0,0.0
uni_404471409,Jadabpur,Maheshpur,Jhenaidah,Khulna,27503.891176,0.0,0,0.0
uni_404471143,Banshbaria,Maheshpur,Jhenaidah,Khulna,20081.607787,0.0,0,0.0
uni_404471109,Azampur,Maheshpur,Jhenaidah,Khulna,25285.50759,0.0,0,0.0
uni_404471066,Maheshpur Pourasabha (Municipality),Maheshpur,Jhenaidah,Khulna,22612.91841,0.0,0,0.0
uni_404442707,Sabdalpur,Kotchandpur,Jhenaidah,Khulna,20078.64669,0.0,0,0.0
uni_404442442,Kushna,Kotchandpur,Jhenaidah,Khulna,28367.50771,0.0,0,0.0
uni_404442243,Elangi,Kotchandpur,Jhenaidah,Khulna,18817.41145,0.0,0,0.0
uni_404442209,Dora,Kotchandpur,Jhenaidah,Khulna,24717.205429999998,0.0,0,0.0
uni_404442142,Baluhar,Kotchandpur,Jhenaidah,Khulna,22524.46556,0.0,0,0.0
uni_404442050,Kotchandpur Pourasabha (Municipality),Kotchandpur,Jhenaidah,Khulna,35317.28857,0.0,0,0.0
uni_404433746,Trilochanpur,Kaliganj,Jhenaidah,Khulna,27787.181669999998,0.0,0,0.0
uni_404433720,Sundarpur Durgapur,Kaliganj,Jhenaidah,Khulna,21592.48032,0.0,0,0.0
uni_404433711,Simla Rokanpur,Kaliganj,Jhenaidah,Khulna,7986.25631,0.0,0,0.0
uni_404433685,Roygram,Kaliganj,Jhenaidah,Khulna,24490.0315,0.0,0,0.0
uni_404433676,Rakhalgachhi,Kaliganj,Jhenaidah,Khulna,25539.54257,0.0,0,0.0
uni_404433543,Niamatpur,Kaliganj,Jhenaidah,Khulna,21676.85475,0.0,0,0.0
uni_404471276,Fatepur,Maheshpur,Jhenaidah,Khulna,25485.15555,0.0,0,0.0
uni_404471443,Kazirber,Maheshpur,Jhenaidah,Khulna,29366.841646,0.0,0,0.0
uni_404480513,Manoharpur,Shailkupa,Jhenaidah,Khulna,18153.81622,0.0,0,0.0
uni_404471510,Mandarbaria,Maheshpur,Jhenaidah,Khulna,30025.59765,0.0,0,0.0
uni_404480446,Kancherkol,Shailkupa,Jhenaidah,Khulna,22668.28484,0.0,0,0.0
uni_404480346,Hakimpur,Shailkupa,Jhenaidah,Khulna,22502.34308,0.0,0,0.0
uni_404480279,Fulhari,Shailkupa,Jhenaidah,Khulna,23788.31194,0.0,0,0.0
uni_404480228,Dudhsar,Shailkupa,Jhenaidah,Khulna,34496.63972,0.0,0,0.0
uni_404480219,Dignagar,Shailkupa,Jhenaidah,Khulna,22549.46533,0.0,0,0.0
uni_404480210,Dhalharachandra,Shailkupa,Jhenaidah,Khulna,26511.15145,0.0,0,0.0
uni_404480143,Bagura,Shailkupa,Jhenaidah,Khulna,21678.52227,0.0,0,0.0
uni_404480109,Abaipur,Shailkupa,Jhenaidah,Khulna,20590.26216,0.0,0,0.0
uni_404480083,Shailkupa Pourasabha (Municipality),Shailkupa,Jhenaidah,Khulna,39131.50142,0.0,0,0.0
uni_404471730,Swaruppur,Maheshpur,Jhenaidah,Khulna,25343.97211,0.0,0,0.0
uni_404471721,Shyamkur,Maheshpur,Jhenaidah,Khulna,28256.849609999997,0.0,0,0.0
uni_404471712,Sbk,Maheshpur,Jhenaidah,Khulna,23263.34235,0.0,0,0.0
uni_404471612,Pantapara,Maheshpur,Jhenaidah,Khulna,18080.02407,0.0,0,0.0
uni_404471553,Nepa,Maheshpur,Jhenaidah,Khulna,35311.061085,0.0,0,0.0
uni_404471544,Natima,Maheshpur,Jhenaidah,Khulna,22933.337421,0.0,0,0.0
uni_404740210,Dighalia,Dighalia,Khulna,Khulna,90871.6503,0.0,0,0.0
uni_404740410,Jogipol,Dighalia,Khulna,Khulna,34282.6296,0.0,0,0.0
uni_405071611,Panti,Kumarkhali,Kushtia,Khulna,33293.04966,0.0,0,0.0
uni_405039212,Daulatpur,Daulatpur,Kushtia,Khulna,36667.19153,0.0,0,0.0
uni_405039631,Pragpur,Daulatpur,Kushtia,Khulna,33278.03425,0.0,0,0.0
uni_405039622,Piarpur,Daulatpur,Kushtia,Khulna,38437.45445,0.0,0,0.0
uni_405039613,Philipnagar,Daulatpur,Kushtia,Khulna,20672.905918,0.0,0,0.0
uni_405039521,Mathurapur,Daulatpur,Kushtia,Khulna,27262.01396,0.0,0,0.0
uni_405039512,Maricha,Daulatpur,Kushtia,Khulna,30040.756059,0.0,0,0.0
uni_405039445,Khalishakundi,Daulatpur,Kushtia,Khulna,26326.85853,0.0,0,0.0
uni_405039345,Hogalbaria,Daulatpur,Kushtia,Khulna,48218.18664,0.0,0,0.0
uni_405039178,Chilmari,Daulatpur,Kushtia,Khulna,27640.483446,0.0,0,0.0
uni_404740708,Senhati,Dighalia,Khulna,Khulna,44781.7856,0.0,0,0.0
uni_405039144,Boalia,Daulatpur,Kushtia,Khulna,33127.92374,0.0,0,0.0
uni_405039118,Aria,Daulatpur,Kushtia,Khulna,39601.51452,0.0,0,0.0
uni_405039109,Adabaria,Daulatpur,Kushtia,Khulna,32215.93908,0.0,0,0.0
uni_405015510,Mokarimpur,Bheramara,Kushtia,Khulna,40901.14441,0.0,0,0.0
uni_405015410,Juniadaha,Bheramara,Kushtia,Khulna,34420.69623,0.0,0,0.0
uni_405015211,Dharampur,Bheramara,Kushtia,Khulna,43757.755,0.0,0,0.0
uni_405015177,Chandgram,Bheramara,Kushtia,Khulna,20761.3816455,0.0,0,0.0
uni_405039682,Ramkrishnapur,Daulatpur,Kushtia,Khulna,38330.332454,0.0,0,0.0
uni_405039691,Refayetpur,Daulatpur,Kushtia,Khulna,36685.00973,0.0,0,0.0
uni_405063030,Khoksa Pourasabha (Municipality),Khoksa,Kushtia,Khulna,22979.2969,0.0,0,0.0
uni_405063109,Ambaria,Khoksa,Kushtia,Khulna,8008.8771,0.0,0,0.0
uni_405071444,Kaya,Kumarkhali,Kushtia,Khulna,37197.210745,0.0,0,0.0
uni_405071418,Jagannathpur,Kumarkhali,Kushtia,Khulna,21293.22792,0.0,0,0.0
uni_405071409,Jadubayra,Kumarkhali,Kushtia,Khulna,23047.09371,0.0,0,0.0
uni_405071185,Chapra,Kumarkhali,Kushtia,Khulna,43866.59564,0.0,0,0.0
uni_405071176,Chandpur,Kumarkhali,Kushtia,Khulna,24660.24659,0.0,0,0.0
uni_405071142,Bagulat,Kumarkhali,Kushtia,Khulna,24328.83276,0.0,0,0.0
uni_405071040,Kumarkhali Pourasabha (Municipality),Kumarkhali,Kushtia,Khulna,16419.1342,0.0,0,0.0
uni_405063719,Shimulia,Khoksa,Kushtia,Khulna,24227.21841,0.0,0,0.0
uni_405063710,Shamaspur,Khoksa,Kushtia,Khulna,14797.13604,0.0,0,0.0
uni_405063577,Osmanpur,Khoksa,Kushtia,Khulna,22881.47499,0.0,0,0.0
uni_405063444,Khoksa,Khoksa,Kushtia,Khulna,3607.0001,0.0,0,0.0
uni_405063418,Joyantihajra,Khoksa,Kushtia,Khulna,14538.57341,0.0,0,0.0
uni_405063409,Janipur,Khoksa,Kushtia,Khulna,14692.13941,0.0,0,0.0
uni_405063309,Gopgram,Khoksa,Kushtia,Khulna,7417.16956,0.0,0,0.0
uni_405063143,Betbaria,Khoksa,Kushtia,Khulna,14539.22577,0.0,0,0.0
uni_405015151,Bahirchar,Bheramara,Kushtia,Khulna,36884.07554,0.0,0,0.0
uni_405015142,Bahadurpur,Bheramara,Kushtia,Khulna,33364.30725,0.0,0,0.0
uni_405015020,Bheramara Pourasabha (Municipality),Bheramara,Kushtia,Khulna,19881.8037,0.0,0,0.0
uni_404764478,Laskar,Paikgachha,Khulna,Khulna,20744.597225,0.0,0,0.0
uni_404764344,Haridhali,Paikgachha,Khulna,Khulna,19130.01825,0.0,0,0.0
uni_404764318,Garaikhali,Paikgachha,Khulna,Khulna,23228.31768,0.0,0,0.0
uni_404764309,Gadaipur,Paikgachha,Khulna,Khulna,9428.156486,0.0,0,0.0
uni_404764209,Deluti,Paikgachha,Khulna,Khulna,39254.47552,0.0,0,0.0
uni_404764175,Chandkhali,Paikgachha,Khulna,Khulna,30991.282256,0.0,0,0.0
uni_404764066,Paikgachha Pourasabha (Municipality),Paikgachha,Khulna,Khulna,9741.5131,0.0,0,0.0
uni_404753997,Nalian Range,Koyra,Khulna,Khulna,78077.7344608,0.0,0,0.0
uni_404753775,Uttar Bedkashi,Koyra,Khulna,Khulna,11545.44045,0.0,0,0.0
uni_404753518,Maheshwaripur,Koyra,Khulna,Khulna,15797.778801,0.0,0,0.0
uni_404753509,Maharajpur,Koyra,Khulna,Khulna,19639.449881,0.0,0,0.0
uni_404753442,Kayra,Koyra,Khulna,Khulna,19329.448633,0.0,0,0.0
uni_404753210,Dakkhin Bedkashi,Koyra,Khulna,Khulna,8771.883174,0.0,0,0.0
uni_404753143,Bagali,Koyra,Khulna,Khulna,19835.901667,0.0,0,0.0
uni_404753109,Amadi,Koyra,Khulna,Khulna,20224.34846,0.0,0,0.0
uni_404740900,Arangghata,Dighalia,Khulna,Khulna,10062.6327,0.0,0,0.0
uni_404764444,Kapilmuni,Paikgachha,Khulna,Khulna,29461.503523,0.0,0,0.0
uni_404764487,Lata,Paikgachha,Khulna,Khulna,25081.681669,0.0,0,0.0
uni_404794741,Terokhada,Terokhada,Khulna,Khulna,14896.60298,0.0,0,0.0
uni_404764678,Raruli,Paikgachha,Khulna,Khulna,17975.636489,0.0,0,0.0
uni_404794707,Sachiadah,Terokhada,Khulna,Khulna,18045.34968,0.0,0,0.0
uni_404794508,Madhupur,Terokhada,Khulna,Khulna,31671.46794,0.0,0,0.0
uni_404794177,Chhagladah,Terokhada,Khulna,Khulna,14866.07371,0.0,0,0.0
uni_404794143,Barasat,Terokhada,Khulna,Khulna,18520.69163,0.0,0,0.0
uni_404794109,Ajugara,Terokhada,Khulna,Khulna,10048.65709,0.0,0,0.0
uni_404775740,Tilak Swalpa Bahirdia,Rupsa,Khulna,Khulna,24303.13452,0.0,0,0.0
uni_404775706,Sreefaltala,Rupsa,Khulna,Khulna,37529.39287,0.0,0,0.0
uni_404775540,Naihati,Rupsa,Khulna,Khulna,70850.98404,0.0,0,0.0
uni_404775308,Ghatbhog,Rupsa,Khulna,Khulna,32735.91806,0.0,0,0.0
uni_404775109,Aichganti,Rupsa,Khulna,Khulna,37006.1006,0.0,0,0.0
uni_404769608,Phultala,Phultala,Khulna,Khulna,17921.18535,0.0,0,0.0
uni_404769417,Jamira,Phultala,Khulna,Khulna,6180.923952,0.0,0,0.0
uni_404769209,Damodar,Phultala,Khulna,Khulna,24990.37497,0.0,0,0.0
uni_404769109,Atra Gilatala,Phultala,Khulna,Khulna,44222.1723,0.0,0,0.0
uni_404764712,Soladana,Paikgachha,Khulna,Khulna,28527.647835,0.0,0,0.0
uni_404433509,Maliat,Kaliganj,Jhenaidah,Khulna,16476.29829,0.0,0,0.0
uni_404433450,Kola,Kaliganj,Jhenaidah,Khulna,25134.19976,0.0,0,0.0
uni_404433441,Kashthabhanga,Kaliganj,Jhenaidah,Khulna,22354.83552,0.0,0,0.0
uni_404111711,Singhajhuli,Chaugachha,Jashore,Khulna,13691.48429,0.0,0,0.0
uni_404123343,Hajirbag,Jhikargachha,Jashore,Khulna,26661.36155,0.0,0,0.0
uni_404123317,Ganganandapur,Jhikargachha,Jashore,Khulna,22970.32597,0.0,0,0.0
uni_404123308,Gadkhali,Jhikargachha,Jashore,Khulna,29054.51342,0.0,0,0.0
uni_404123142,Bankra,Jhikargachha,Jashore,Khulna,21197.83314,0.0,0,0.0
uni_404123033,Jhikargachha Pourasabha (Municipality),Jhikargachha,Jashore,Khulna,37172.8672,0.0,0,0.0
uni_404111729,Swarupdaha,Chaugachha,Jashore,Khulna,31098.03819,0.0,0,0.0
uni_404111720,Sukhpukuria,Chaugachha,Jashore,Khulna,31259.48744,0.0,0,0.0
uni_404111627,Phulsara,Chaugachha,Jashore,Khulna,25275.78778,0.0,0,0.0
uni_404433407,Jamal,Kaliganj,Jhenaidah,Khulna,19585.89762,0.0,0,0.0
uni_404111618,Patibila,Chaugachha,Jashore,Khulna,18008.3058,0.0,0,0.0
uni_404111609,Pashapol,Chaugachha,Jashore,Khulna,20281.40034,0.0,0,0.0
uni_404111542,Narayanpur,Chaugachha,Jashore,Khulna,21410.49382,0.0,0,0.0
uni_404111409,Jagadishpur,Chaugachha,Jashore,Khulna,16507.6831,0.0,0,0.0
uni_404111342,Hakimpur,Chaugachha,Jashore,Khulna,24970.01055,0.0,0,0.0
uni_404111209,Dhuliani,Chaugachha,Jashore,Khulna,12735.76507,0.0,0,0.0
uni_404111175,Chaugachha,Chaugachha,Jashore,Khulna,15982.27235,0.0,0,0.0
uni_404123410,Jhikargachha,Jhikargachha,Jashore,Khulna,31765.04449,0.0,0,0.0
uni_404123510,Magura,Jhikargachha,Jashore,Khulna,26010.35947,0.0,0,0.0
uni_404123544,Nabharan,Jhikargachha,Jashore,Khulna,33966.88229,0.0,0,0.0
uni_404123553,Nirbaskhola,Jhikargachha,Jashore,Khulna,28909.51791,0.0,0,0.0
uni_404138746,Trimohini,Keshabpur,Jashore,Khulna,18063.20444,0.0,0,0.0
uni_404138728,Sufalakati,Keshabpur,Jashore,Khulna,13978.803386,0.0,0,0.0
uni_404138719,Satbaria,Keshabpur,Jashore,Khulna,25913.57954,0.0,0,0.0
uni_404138710,Sagardari,Keshabpur,Jashore,Khulna,30949.42094,0.0,0,0.0
uni_404138610,Panjia,Keshabpur,Jashore,Khulna,22115.738524,0.0,0,0.0
uni_404138518,Mangalkot,Keshabpur,Jashore,Khulna,21163.452409999998,0.0,0,0.0
uni_404138509,Majidpur,Keshabpur,Jashore,Khulna,33213.7565,0.0,0,0.0
uni_404138442,Keshabpur,Keshabpur,Jashore,Khulna,23270.23906,0.0,0,0.0
uni_404138342,Hasanpur,Keshabpur,Jashore,Khulna,17038.63587,0.0,0,0.0
uni_404138308,Gourighona,Keshabpur,Jashore,Khulna,17280.910881,0.0,0,0.0
uni_404138142,Bidyanandakati,Keshabpur,Jashore,Khulna,15843.95767,0.0,0,0.0
uni_404138037,Keshabpur Pourasabha (Municipality),Keshabpur,Jashore,Khulna,30175.3449,0.0,0,0.0
uni_404123721,Shimulia,Jhikargachha,Jashore,Khulna,20561.893055,0.0,0,0.0
uni_404123712,Shankarpur,Jhikargachha,Jashore,Khulna,22294.70435,0.0,0,0.0
uni_404123612,Panisara,Jhikargachha,Jashore,Khulna,24821.429640000002,0.0,0,0.0
uni_404111013,Chaugachha Pourasabha (Municipality),Chaugachha,Jashore,Khulna,23320.89565,0.0,0,0.0
uni_404109678,Raypur,Bagharpara,Jashore,Khulna,27654.50735,0.0,0,0.0
uni_404109545,Narikelbaria,Bagharpara,Jashore,Khulna,28152.06821,0.0,0,0.0
uni_401855709,Simanta,Jibannagar,Chuadanga,Khulna,32971.0242,0.0,0,0.0
uni_401855509,Manoharpur,Jibannagar,Chuadanga,Khulna,21789.88381,0.0,0,0.0
uni_401855442,Kdk,Jibannagar,Chuadanga,Khulna,15271.7772,0.0,0,0.0
uni_401855342,Hasadaha,Jibannagar,Chuadanga,Khulna,17164.64544,0.0,0,0.0
uni_401855143,Banka,Jibannagar,Chuadanga,Khulna,22630.42646,0.0,0,0.0
uni_401855109,Andulbaria,Jibannagar,Chuadanga,Khulna,28931.59089,0.0,0,0.0
uni_401855080,Jibannagar Pourasabha (Municipality),Jibannagar,Chuadanga,Khulna,25957.14693,0.0,0,0.0
uni_401831611,Par Krishnapur Madna,Damurhuda,Chuadanga,Khulna,26542.413520000002,0.0,0,0.0
uni_401831552,Natudaha,Damurhuda,Chuadanga,Khulna,18307.72522,0.0,0,0.0
uni_401831543,Natipota,Damurhuda,Chuadanga,Khulna,16684.32515,0.0,0,0.0
uni_401831451,Kurulgachhi,Damurhuda,Chuadanga,Khulna,25401.18896,0.0,0,0.0
uni_401831442,Karpasadanga,Damurhuda,Chuadanga,Khulna,45777.30676,0.0,0,0.0
uni_401831408,Juranpur,Damurhuda,Chuadanga,Khulna,36097.75443,0.0,0,0.0
uni_401831341,Hauli,Damurhuda,Chuadanga,Khulna,39407.5922,0.0,0,0.0
uni_401831208,Damurhuda,Damurhuda,Chuadanga,Khulna,40652.534550000004,0.0,0,0.0
uni_401831060,Darshana Pourasabha (Municipality),Damurhuda,Chuadanga,Khulna,36916.73892,0.0,0,0.0
uni_401855675,Raypur,Jibannagar,Chuadanga,Khulna,10929.28782,0.0,0,0.0
uni_401855776,Uthali,Jibannagar,Chuadanga,Khulna,18831.1625,0.0,0,0.0
uni_404109420,Jamdia,Bagharpara,Jashore,Khulna,26627.69829,0.0,0,0.0
uni_404104083,Noapara Pourasabha (Municipality),Abhaynagar,Jashore,Khulna,79924.30144,0.0,0,0.0
uni_404109411,Jahurpur,Bagharpara,Jashore,Khulna,24709.08392,0.0,0,0.0
uni_404109228,Dohakula,Bagharpara,Jashore,Khulna,28078.45727,0.0,0,0.0
uni_404109219,Dhalgram,Bagharpara,Jashore,Khulna,18228.39041,0.0,0,0.0
uni_404109210,Darajhat,Bagharpara,Jashore,Khulna,22593.392350000002,0.0,0,0.0
uni_404109151,Basuari,Bagharpara,Jashore,Khulna,24423.825100000002,0.0,0,0.0
uni_404109142,Bandabila,Bagharpara,Jashore,Khulna,32495.12086,0.0,0,0.0
uni_404109005,Bagharpara Pourasabha (Municipality),Bagharpara,Jashore,Khulna,3656.2785,0.0,0,0.0
uni_404104734,Sundali,Abhaynagar,Jashore,Khulna,17233.887740000002,0.0,0,0.0
uni_404104725,Sridharpur,Abhaynagar,Jashore,Khulna,37485.67102,0.0,0,0.0
uni_404104716,Siddhipasha,Abhaynagar,Jashore,Khulna,38156.44526,0.0,0,0.0
uni_404104707,Shubharara,Abhaynagar,Jashore,Khulna,28997.28751,0.0,0,0.0
uni_404104615,Prembag,Abhaynagar,Jashore,Khulna,22539.61954,0.0,0,0.0
uni_404104606,Payra,Abhaynagar,Jashore,Khulna,14847.00975,0.0,0,0.0
uni_404104176,Chalishia,Abhaynagar,Jashore,Khulna,17211.59791,0.0,0,0.0
uni_404104142,Baghutia,Abhaynagar,Jashore,Khulna,34202.33757,0.0,0,0.0
uni_404147016,Jashore Pourasabha (Municipality),Jashore Sadar,Jashore,Khulna,187727.4804,0.0,0,0.0
uni_404147109,Arabpur,Jashore Sadar,Jashore,Khulna,48928.84025,0.0,0,0.0
uni_404147143,Basundia,Jashore Sadar,Jashore,Khulna,35360.24329,0.0,0,0.0
uni_404419275,Fursandi,Jhenaidah Sadar,Jhenaidah,Khulna,20341.17873,0.0,0,0.0
uni_404419016,Jhenaidah Pourasabha (Municipality),Jhenaidah Sadar,Jhenaidah,Khulna,97576.19179,0.0,0,0.0
uni_404414743,Taherhuda,Harinakundu,Jhenaidah,Khulna,23619.18514,0.0,0,0.0
uni_404414676,Raghunathpur,Harinakundu,Jhenaidah,Khulna,23906.12962,0.0,0,0.0
uni_404414609,Phalsi,Harinakundu,Jhenaidah,Khulna,5550.63234,0.0,0,0.0
uni_404414443,Kapashatia,Harinakundu,Jhenaidah,Khulna,34291.79297,0.0,0,0.0
uni_404414409,Joradah,Harinakundu,Jhenaidah,Khulna,16860.62697,0.0,0,0.0
uni_404414210,Daulatpur,Harinakundu,Jhenaidah,Khulna,26626.84708,0.0,0,0.0
uni_404414176,Chandpur,Harinakundu,Jhenaidah,Khulna,29038.56765,0.0,0,0.0
uni_404414142,Bhayna,Harinakundu,Jhenaidah,Khulna,30775.10452,0.0,0,0.0
uni_404414012,Harinakundu Pourasabha (Municipality),Harinakundu,Jhenaidah,Khulna,28019.823220000002,0.0,0,0.0
uni_404190779,Ulasi,Sharsha,Jashore,Khulna,41464.922379999996,0.0,0,0.0
uni_404190712,Sharsha,Sharsha,Jashore,Khulna,45579.284104,0.0,0,0.0
uni_404190612,Putkhali,Sharsha,Jashore,Khulna,31334.12547,0.0,0,0.0
uni_404190545,Nizampur,Sharsha,Jashore,Khulna,19277.254216,0.0,0,0.0
uni_404190478,Lakkhanpur,Sharsha,Jashore,Khulna,17379.546476,0.0,0,0.0
uni_404419208,Dogachhi,Jhenaidah Sadar,Jhenaidah,Khulna,16024.92612,0.0,0,0.0
uni_404419309,Ganna,Jhenaidah Sadar,Jhenaidah,Khulna,23646.98068,0.0,0,0.0
uni_404190311,Goga,Sharsha,Jashore,Khulna,23001.38841,0.0,0,0.0
uni_404419318,Ghorshal,Jhenaidah Sadar,Jhenaidah,Khulna,20434.06139,0.0,0,0.0
uni_404433142,Barobazar,Kaliganj,Jhenaidah,Khulna,44984.81888,0.0,0,0.0
uni_404433032,Kaliganj Pourasabha (Municipality),Kaliganj,Jhenaidah,Khulna,53123.66301,0.0,0,0.0
uni_404419735,Surat,Jhenaidah Sadar,Jhenaidah,Khulna,13953.3791,0.0,0,0.0
uni_404419726,Saganna,Jhenaidah Sadar,Jhenaidah,Khulna,27335.03588,0.0,0,0.0
uni_404419717,Sadhuhati,Jhenaidah Sadar,Jhenaidah,Khulna,29465.94125,0.0,0,0.0
uni_404419633,Porahati,Jhenaidah Sadar,Jhenaidah,Khulna,32642.65261,0.0,0,0.0
uni_404419624,Paglakanai,Jhenaidah Sadar,Jhenaidah,Khulna,15357.41343,0.0,0,0.0
uni_404419615,Padmakar,Jhenaidah Sadar,Jhenaidah,Khulna,29268.59211,0.0,0,0.0
uni_404419548,Naldanga,Jhenaidah Sadar,Jhenaidah,Khulna,29171.36496,0.0,0,0.0
uni_404419522,Maharajpur,Jhenaidah Sadar,Jhenaidah,Khulna,28563.57069,0.0,0,0.0
uni_404419513,Madhuhati,Jhenaidah Sadar,Jhenaidah,Khulna,29498.80955,0.0,0,0.0
uni_404419454,Kumrabaria,Jhenaidah Sadar,Jhenaidah,Khulna,20801.71082,0.0,0,0.0
uni_404419445,Kalicharanpur,Jhenaidah Sadar,Jhenaidah,Khulna,14540.2127,0.0,0,0.0
uni_404419353,Harishankarpur,Jhenaidah Sadar,Jhenaidah,Khulna,22176.45814,0.0,0,0.0
uni_404419344,Halidhani,Jhenaidah Sadar,Jhenaidah,Khulna,18554.28067,0.0,0,0.0
uni_404190444,Kayba,Sharsha,Jashore,Khulna,24943.957213499998,0.0,0,0.0
uni_404190211,Dihi,Sharsha,Jashore,Khulna,22649.943945,0.0,0,0.0
uni_404147177,Chanchra,Jashore Sadar,Jashore,Khulna,51498.66727,0.0,0,0.0
uni_404161210,Dhakuria,Manirampur,Jashore,Khulna,34608.90844,0.0,0,0.0
uni_404161142,Bhojganti,Manirampur,Jashore,Khulna,13344.37963,0.0,0,0.0
uni_404161066,Manirampur Pourasabha (Municipality),Manirampur,Jashore,Khulna,31765.58761,0.0,0,0.0
uni_404147998,Jashore Cantonment,Jashore Sadar,Jashore,Khulna,45546.51,0.0,0,0.0
uni_404147784,Upashahar,Jashore Sadar,Jashore,Khulna,20120.6955,0.0,0,0.0
uni_404147684,Ramnagar,Jashore Sadar,Jashore,Khulna,57019.75914,0.0,0,0.0
uni_404147559,Noapara,Jashore Sadar,Jashore,Khulna,45325.474669999996,0.0,0,0.0
uni_404147550,Narendrapur,Jashore Sadar,Jashore,Khulna,33785.37658,0.0,0,0.0
uni_404147483,Lebutala,Jashore Sadar,Jashore,Khulna,24388.49945,0.0,0,0.0
uni_404147457,Kashimpur,Jashore Sadar,Jashore,Khulna,37249.06721,0.0,0,0.0
uni_404147448,Kachua,Jashore Sadar,Jashore,Khulna,32186.07446,0.0,0,0.0
uni_404147380,Ichhali,Jashore Sadar,Jashore,Khulna,28646.7345,0.0,0,0.0
uni_404147346,Haibatpur,Jashore Sadar,Jashore,Khulna,42381.85237,0.0,0,0.0
uni_404147279,Fatepur,Jashore Sadar,Jashore,Khulna,51207.77288,0.0,0,0.0
uni_404147212,Diara,Jashore Sadar,Jashore,Khulna,35698.76087,0.0,0,0.0
uni_404147186,Churamankati,Jashore Sadar,Jashore,Khulna,43545.39383,0.0,0,0.0
uni_404161176,Chaluahati,Manirampur,Jashore,Khulna,30355.26694,0.0,0,0.0
uni_404161219,Durbadanga,Manirampur,Jashore,Khulna,20824.13849,0.0,0,0.0
uni_404190160,Benapole (Part),Sharsha,Jashore,Khulna,19262.62048,0.0,0,0.0
uni_404161344,Haridaskati,Manirampur,Jashore,Khulna,30962.89821,0.0,0,0.0
uni_404190151,Bahadurpur,Sharsha,Jashore,Khulna,22465.894765,0.0,0,0.0
uni_404190142,Bag Anchra,Sharsha,Jashore,Khulna,30650.663307,0.0,0,0.0
uni_404190008,Benapole Pourasabha (Municipality),Sharsha,Jashore,Khulna,61180.40508,0.0,0,0.0
uni_404161719,Shyamkur,Manirampur,Jashore,Khulna,30673.78137,0.0,0,0.0
uni_404161685,Rohita,Manirampur,Jashore,Khulna,44740.74453,0.0,0,0.0
uni_404161552,Nehalpur,Manirampur,Jashore,Khulna,9610.29486,0.0,0,0.0
uni_404161534,Mashwimnagar,Manirampur,Jashore,Khulna,27019.392060000002,0.0,0,0.0
uni_404161525,Manoharpur,Manirampur,Jashore,Khulna,11752.38452,0.0,0,0.0
uni_404161516,Manirampur,Manirampur,Jashore,Khulna,12973.855019999999,0.0,0,0.0
uni_404161473,Kultia,Manirampur,Jashore,Khulna,18453.46746,0.0,0,0.0
uni_404161464,Khedapara,Manirampur,Jashore,Khulna,37966.92275,0.0,0,0.0
uni_404161455,Khanpur,Manirampur,Jashore,Khulna,27186.14191,0.0,0,0.0
uni_404161446,Kashimnagar,Manirampur,Jashore,Khulna,15338.44381,0.0,0,0.0
uni_404161412,Jhanpa,Manirampur,Jashore,Khulna,30257.93092,0.0,0,0.0
uni_404161353,Hariharnagar,Manirampur,Jashore,Khulna,33181.51015,0.0,0,0.0
uni_405071544,Nandalalpur,Kumarkhali,Kushtia,Khulna,37532.2415,0.0,0,0.0
uni_405071711,Sadaki,Kumarkhali,Kushtia,Khulna,29091.90254,0.0,0,0.0
uni_456120018,Fulbaria Pourasabha (Municipality),Fulbaria,Mymensingh,Mymensingh,39034.6749,0.0,0,0.0
uni_408790408,Jalalpur,Tala,Satkhira,Khulna,26489.600879999998,0.0,0,0.0
uni_408790712,Sarulia,Tala,Satkhira,Khulna,41008.35557,0.0,0,0.0
uni_408790546,Nagarghata,Tala,Satkhira,Khulna,21103.781345,0.0,0,0.0
uni_408790512,Magura,Tala,Satkhira,Khulna,24609.84689,0.0,0,0.0
uni_408790469,Kumira,Tala,Satkhira,Khulna,24969.1933,0.0,0,0.0
uni_408790460,Kheshra,Tala,Satkhira,Khulna,32225.02912,0.0,0,0.0
uni_408790451,Khalishkhali,Tala,Satkhira,Khulna,29142.392701,0.0,0,0.0
uni_408790442,Khalilnagar,Tala,Satkhira,Khulna,26230.694882,0.0,0,0.0
uni_408790374,Islamkati,Tala,Satkhira,Khulna,21545.17109,0.0,0,0.0
uni_453929176,Char Goalini,Islampur,Jamalpur,Mymensingh,18002.68761,0.0,0,0.0
uni_408790208,Dhandia,Tala,Satkhira,Khulna,16572.010425,0.0,0,0.0
uni_408786723,Shyamnagar,Shyamnagar,Satkhira,Khulna,18029.06325,0.0,0,0.0
uni_408786680,Ramjannagar,Shyamnagar,Satkhira,Khulna,15470.821265,0.0,0,0.0
uni_408786613,Padmapukur,Shyamnagar,Satkhira,Khulna,8255.4146625,0.0,0,0.0
uni_408786546,Nurnagar,Shyamnagar,Satkhira,Khulna,11907.272218,0.0,0,0.0
uni_408786512,Munshiganj,Shyamnagar,Satkhira,Khulna,21886.921624,0.0,0,0.0
uni_408786453,Kashimari,Shyamnagar,Satkhira,Khulna,19250.77935,0.0,0,0.0
uni_408790746,Tala,Tala,Satkhira,Khulna,22995.4444135,0.0,0,0.0
uni_408790755,Tentulia,Tala,Satkhira,Khulna,23599.63057,0.0,0,0.0
uni_453907011,Bakshiganj Pourasabha (Municipality),Bakshiganj,Jamalpur,Mymensingh,27377.1656,0.0,0,0.0
uni_453907142,Bagarchar,Bakshiganj,Jamalpur,Mymensingh,24412.38152,0.0,0,0.0
uni_453929033,Islampur Pourasabha (Municipality),Islampur,Jamalpur,Mymensingh,28835.5443,0.0,0,0.0
uni_453915611,Par Ramrampur,Dewanganj,Jamalpur,Mymensingh,61116.9129,0.0,0,0.0
uni_453915346,Hatibhanga,Dewanganj,Jamalpur,Mymensingh,28308.01665,0.0,0,0.0
uni_453915221,Dewanganj,Dewanganj,Jamalpur,Mymensingh,12743.87477,0.0,0,0.0
uni_453915212,Dangdhara,Dewanganj,Jamalpur,Mymensingh,62902.30184,0.0,0,0.0
uni_453915194,Chukaibari,Dewanganj,Jamalpur,Mymensingh,5701.879544,0.0,0,0.0
uni_453915185,Chikajani,Dewanganj,Jamalpur,Mymensingh,28818.949872,0.0,0,0.0
uni_453915176,Char Amkhaoa,Dewanganj,Jamalpur,Mymensingh,55092.23544,0.0,0,0.0
uni_453915142,Bahadurabad,Dewanganj,Jamalpur,Mymensingh,50849.3649,0.0,0,0.0
uni_453915016,Dewanganj Pourasabha (Municipality),Dewanganj,Jamalpur,Mymensingh,26539.58336,0.0,0,0.0
uni_453907709,Sadhurpara,Bakshiganj,Jamalpur,Mymensingh,19491.76836,0.0,0,0.0
uni_453907543,Nilakkhia,Bakshiganj,Jamalpur,Mymensingh,19522.75303,0.0,0,0.0
uni_453907509,Merurchar,Bakshiganj,Jamalpur,Mymensingh,31157.41472,0.0,0,0.0
uni_453907160,Battajore,Bakshiganj,Jamalpur,Mymensingh,19908.84888,0.0,0,0.0
uni_453907151,Bakshiganj,Bakshiganj,Jamalpur,Mymensingh,10711.8918,0.0,0,0.0
uni_408786444,Kaikhali,Shyamnagar,Satkhira,Khulna,15947.898651,0.0,0,0.0
uni_408786377,Ishwaripur,Shyamnagar,Satkhira,Khulna,25110.273981,0.0,0,0.0
uni_408786310,Gabura,Shyamnagar,Satkhira,Khulna,12478.848578,0.0,0,0.0
uni_408747747,Tarali,Kaliganj,Satkhira,Khulna,24881.597794,0.0,0,0.0
uni_408747547,Nalta,Kaliganj,Satkhira,Khulna,28376.447036,0.0,0,0.0
uni_408747521,Moutala,Kaliganj,Satkhira,Khulna,12551.297107,0.0,0,0.0
uni_408747512,Mathureshpur,Kaliganj,Satkhira,Khulna,31741.059063,0.0,0,0.0
uni_408747453,Kushlia,Kaliganj,Satkhira,Khulna,18416.468223,0.0,0,0.0
uni_408747444,Krishnanagar,Kaliganj,Satkhira,Khulna,17832.395974,0.0,0,0.0
uni_408747211,Dakkhin Sreepur,Kaliganj,Satkhira,Khulna,12549.04538,0.0,0,0.0
uni_408747177,Champaphul,Kaliganj,Satkhira,Khulna,12559.127229,0.0,0,0.0
uni_408747151,Bishnupur,Kaliganj,Satkhira,Khulna,14234.95474,0.0,0,0.0
uni_408747142,Bharasimla,Kaliganj,Satkhira,Khulna,23784.56208,0.0,0,0.0
uni_408743714,Sonabaria,Kalaroa,Satkhira,Khulna,20066.28619,0.0,0,0.0
uni_408743482,Langaljhara,Kalaroa,Satkhira,Khulna,11763.18618,0.0,0,0.0
uni_408743472,Kushadanga,Kalaroa,Satkhira,Khulna,16350.56784,0.0,0,0.0
uni_408743463,Keralkata,Kalaroa,Satkhira,Khulna,23406.71342,0.0,0,0.0
uni_408743454,Keragachhi,Kalaroa,Satkhira,Khulna,21941.00851,0.0,0,0.0
uni_408743445,Kayla,Kalaroa,Satkhira,Khulna,4897.740309999999,0.0,0,0.0
uni_408747680,Ratanpur,Kaliganj,Satkhira,Khulna,25138.38277,0.0,0,0.0
uni_408782066,Satkhira Pourasabha (Municipality),Satkhira Sadar,Satkhira,Khulna,133704.41975,0.0,0,0.0
uni_408786152,Buri Goalini,Shyamnagar,Satkhira,Khulna,14646.6607274,0.0,0,0.0
uni_408782109,Agardari,Satkhira Sadar,Satkhira,Khulna,42000.735213,0.0,0,0.0
uni_408786143,Bhurulia,Shyamnagar,Satkhira,Khulna,14405.49524,0.0,0,0.0
uni_408786109,Atulia,Shyamnagar,Satkhira,Khulna,24828.860417,0.0,0,0.0
uni_408782716,Shibpur,Satkhira Sadar,Satkhira,Khulna,16332.699006,0.0,0,0.0
uni_408782484,Labsa,Satkhira Sadar,Satkhira,Khulna,34630.884360000004,0.0,0,0.0
uni_408782450,Kushkhali,Satkhira Sadar,Satkhira,Khulna,25329.994703,0.0,0,0.0
uni_408782416,Jhaudanga,Satkhira Sadar,Satkhira,Khulna,32409.64395,0.0,0,0.0
uni_408782316,Ghona,Satkhira Sadar,Satkhira,Khulna,14100.53953,0.0,0,0.0
uni_408782282,Fingri,Satkhira Sadar,Satkhira,Khulna,35677.044125,0.0,0,0.0
uni_408782215,Dhulihar,Satkhira Sadar,Satkhira,Khulna,38300.845398,0.0,0,0.0
uni_408782180,Brahmarajpur,Satkhira Sadar,Satkhira,Khulna,32009.86038,0.0,0,0.0
uni_408782171,Bhomra,Satkhira Sadar,Satkhira,Khulna,32895.190623,0.0,0,0.0
uni_408782162,Banshdaha,Satkhira Sadar,Satkhira,Khulna,26283.96704,0.0,0,0.0
uni_408782153,Balli,Satkhira Sadar,Satkhira,Khulna,12080.131143,0.0,0,0.0
uni_408782144,Baikari,Satkhira Sadar,Satkhira,Khulna,12172.33709,0.0,0,0.0
uni_408782118,Alipur,Satkhira Sadar,Satkhira,Khulna,21044.1051935,0.0,0,0.0
uni_453929142,Belgachha,Islampur,Jamalpur,Mymensingh,22577.484118,0.0,0,0.0
uni_453929185,Char Putimari,Islampur,Jamalpur,Mymensingh,30980.44154,0.0,0,0.0
uni_405071720,Sadipur,Kumarkhali,Kushtia,Khulna,19972.940838,0.0,0,0.0
uni_453985109,Aona,Sarishabari,Jamalpur,Mymensingh,36635.83595,0.0,0,0.0
uni_453985710,Satpoa,Sarishabari,Jamalpur,Mymensingh,54144.01443,0.0,0,0.0
uni_453985618,Pogaldigha,Sarishabari,Jamalpur,Mymensingh,65261.54567,0.0,0,0.0
uni_453985609,Pingna,Sarishabari,Jamalpur,Mymensingh,30746.00347,0.0,0,0.0
uni_453985509,Mahadan,Sarishabari,Jamalpur,Mymensingh,25733.12186,0.0,0,0.0
uni_453985442,Kamrabad,Sarishabari,Jamalpur,Mymensingh,22557.98905,0.0,0,0.0
uni_453985210,Doail,Sarishabari,Jamalpur,Mymensingh,43459.310339999996,0.0,0,0.0
uni_453985143,Bhatara,Sarishabari,Jamalpur,Mymensingh,28955.66008,0.0,0,0.0
uni_453985083,Sarishabari Pourasabha (Municipality),Sarishabari,Jamalpur,Mymensingh,43967.3473,0.0,0,0.0
uni_453929194,Chinaduli,Islampur,Jamalpur,Mymensingh,18924.247333,0.0,0,0.0
uni_453961713,Shyampur,Melandaha,Jamalpur,Mymensingh,23955.34525,0.0,0,0.0
uni_453961555,Nayanagar,Melandaha,Jamalpur,Mymensingh,24347.62848,0.0,0,0.0
uni_453961546,Nangla,Melandaha,Jamalpur,Mymensingh,32993.77446,0.0,0,0.0
uni_453961512,Mahmudpur,Melandaha,Jamalpur,Mymensingh,39672.66854,0.0,0,0.0
uni_453961445,Kulia,Melandaha,Jamalpur,Mymensingh,29915.89418,0.0,0,0.0
uni_453961411,Jhawgara,Melandaha,Jamalpur,Mymensingh,25389.05708,0.0,0,0.0
uni_453961311,Ghosherpara,Melandaha,Jamalpur,Mymensingh,38209.07759,0.0,0,0.0
uni_456113011,Bhaluka Pourasabha (Municipality),Bhaluka,Mymensingh,Mymensingh,37284.2981,0.0,0,0.0
uni_456113142,Bhaluka,Bhaluka,Mymensingh,Mymensingh,31080.60695,0.0,0,0.0
uni_456113151,Bharadoba,Bhaluka,Mymensingh,Mymensingh,38216.83992,0.0,0,0.0
uni_456113160,Birunia,Bhaluka,Mymensingh,Mymensingh,19544.71584,0.0,0,0.0
uni_456116610,Porakandulia,Dhobaura,Mymensingh,Mymensingh,24807.13679,0.0,0,0.0
uni_456116328,Goatala,Dhobaura,Mymensingh,Mymensingh,27683.44152,0.0,0,0.0
uni_456116319,Ghoshgaon,Dhobaura,Mymensingh,Mymensingh,22378.92467,0.0,0,0.0
uni_456116310,Gamaritala,Dhobaura,Mymensingh,Mymensingh,28722.11576,0.0,0,0.0
uni_456116218,Dhobaura,Dhobaura,Mymensingh,Mymensingh,37546.419069999996,0.0,0,0.0
uni_456116209,Dakkhin Maijpara,Dhobaura,Mymensingh,Mymensingh,35625.76255,0.0,0,0.0
uni_506991678,Ramananda Khajura,Singra,Natore,Rajshahi,38427.44231,0.0,0,0.0
uni_456113779,Uthura,Bhaluka,Mymensingh,Mymensingh,30102.355630000002,0.0,0,0.0
uni_456113679,Rajai,Bhaluka,Mymensingh,Mymensingh,20848.9096,0.0,0,0.0
uni_456113521,Meduari,Bhaluka,Mymensingh,Mymensingh,25623.39478,0.0,0,0.0
uni_456113512,Mallikbari,Bhaluka,Mymensingh,Mymensingh,60362.67257,0.0,0,0.0
uni_456113445,Kachina,Bhaluka,Mymensingh,Mymensingh,37804.35135,0.0,0,0.0
uni_456113345,Habirbari,Bhaluka,Mymensingh,Mymensingh,127483.46969,0.0,0,0.0
uni_456113220,Dhitpur,Bhaluka,Mymensingh,Mymensingh,23095.57829,0.0,0,0.0
uni_456113211,Dakatia,Bhaluka,Mymensingh,Mymensingh,40042.112329999996,0.0,0,0.0
uni_453961277,Fulkocha,Melandaha,Jamalpur,Mymensingh,4954.38956,0.0,0,0.0
uni_453961210,Durmut,Melandaha,Jamalpur,Mymensingh,26360.79469,0.0,0,0.0
uni_453961176,Char Banipakuria,Melandaha,Jamalpur,Mymensingh,38955.7576,0.0,0,0.0
uni_453936545,Narundi,Jamalpur Sadar,Jamalpur,Mymensingh,36883.2996,0.0,0,0.0
uni_453936477,Lakkhirchar,Jamalpur Sadar,Jamalpur,Mymensingh,31457.24926,0.0,0,0.0
uni_453936443,Kendua,Jamalpur Sadar,Jamalpur,Mymensingh,29412.16829,0.0,0,0.0
uni_453936376,Itail,Jamalpur Sadar,Jamalpur,Mymensingh,26577.24277,0.0,0,0.0
uni_453936309,Ghoradhap,Jamalpur Sadar,Jamalpur,Mymensingh,27956.46561,0.0,0,0.0
uni_453936209,Digpait,Jamalpur Sadar,Jamalpur,Mymensingh,26080.84987,0.0,0,0.0
uni_453936142,Banshchara,Jamalpur Sadar,Jamalpur,Mymensingh,29937.01755,0.0,0,0.0
uni_453936050,Jamalpur Pourasabha (Municipality),Jamalpur Sadar,Jamalpur,Mymensingh,162271.57588,0.0,0,0.0
uni_453929714,Sapdhari,Islampur,Jamalpur,Mymensingh,15222.122134,0.0,0,0.0
uni_453929622,Patharshi,Islampur,Jamalpur,Mymensingh,28055.87698,0.0,0,0.0
uni_453929613,Palbanda,Islampur,Jamalpur,Mymensingh,22768.95393,0.0,0,0.0
uni_453929546,Noarpara,Islampur,Jamalpur,Mymensingh,30034.356931,0.0,0,0.0
uni_453929446,Kulkandi,Islampur,Jamalpur,Mymensingh,14971.3127425,0.0,0,0.0
uni_453929379,Islampur,Islampur,Jamalpur,Mymensingh,18299.52596,0.0,0,0.0
uni_453929320,Goalerchar,Islampur,Jamalpur,Mymensingh,25210.71744,0.0,0,0.0
uni_453929311,Gaibandha,Islampur,Jamalpur,Mymensingh,43454.41851,0.0,0,0.0
uni_453936511,Meshta,Jamalpur Sadar,Jamalpur,Mymensingh,26038.35988,0.0,0,0.0
uni_453936678,Ranagachha,Jamalpur Sadar,Jamalpur,Mymensingh,37849.86065,0.0,0,0.0
uni_453961109,Adra,Melandaha,Jamalpur,Mymensingh,22278.11749,0.0,0,0.0
uni_453936687,Rashidpur,Jamalpur Sadar,Jamalpur,Mymensingh,24650.87828,0.0,0,0.0
uni_453961067,Melandaha Pourasabha (Municipality),Melandaha,Jamalpur,Mymensingh,31994.1321,0.0,0,0.0
uni_453961026,Hazrabari Pourasabha (Municipality),Melandaha,Jamalpur,Mymensingh,20795.01975,0.0,0,0.0
uni_453958709,Sidhuli,Madarganj,Jamalpur,Mymensingh,21703.55885,0.0,0,0.0
uni_453958444,Karaichara,Madarganj,Jamalpur,Mymensingh,32956.83671,0.0,0,0.0
uni_453958410,Jorekhali,Madarganj,Jamalpur,Mymensingh,40611.43852,0.0,0,0.0
uni_453958310,Gunaritala,Madarganj,Jamalpur,Mymensingh,36708.930140000004,0.0,0,0.0
uni_453958177,Char Pakerdaha,Madarganj,Jamalpur,Mymensingh,34374.94856,0.0,0,0.0
uni_453958143,Balijuri,Madarganj,Jamalpur,Mymensingh,31687.62536,0.0,0,0.0
uni_453958109,Adarbhita,Madarganj,Jamalpur,Mymensingh,34407.93999,0.0,0,0.0
uni_453958060,Madarganj Pourasabha (Municipality),Madarganj,Jamalpur,Mymensingh,23425.14378,0.0,0,0.0
uni_453936758,Tulsirchar,Jamalpur Sadar,Jamalpur,Mymensingh,41828.7618,0.0,0,0.0
uni_453936749,Titpalla,Jamalpur Sadar,Jamalpur,Mymensingh,27521.55501,0.0,0,0.0
uni_453936731,Sreepur,Jamalpur Sadar,Jamalpur,Mymensingh,21744.60493,0.0,0,0.0
uni_453936722,Sharifpur,Jamalpur Sadar,Jamalpur,Mymensingh,36240.92955,0.0,0,0.0
uni_453936713,Shahbazpur,Jamalpur Sadar,Jamalpur,Mymensingh,28940.44576,0.0,0,0.0
uni_408743427,Jugikhali,Kalaroa,Satkhira,Khulna,18573.34604,0.0,0,0.0
uni_408743418,Joynagar,Kalaroa,Satkhira,Khulna,12472.65213,0.0,0,0.0
uni_408743409,Jalalabad,Kalaroa,Satkhira,Khulna,15533.641903,0.0,0,0.0
uni_405566211,Digha,Mohammadpur,Magura,Khulna,22463.03314,0.0,0,0.0
uni_405585210,Dhaneshwargati,Shalikha,Magura,Khulna,33816.87338,0.0,0,0.0
uni_405585143,Bunagati,Shalikha,Magura,Khulna,15193.289687999999,0.0,0,0.0
uni_405585109,Arpara,Shalikha,Magura,Khulna,25593.68635,0.0,0,0.0
uni_405566677,Rajapur,Mohammadpur,Magura,Khulna,20214.83557,0.0,0,0.0
uni_405566610,Palashbaria,Mohammadpur,Magura,Khulna,31909.07494,0.0,0,0.0
uni_405566543,Nahata,Mohammadpur,Magura,Khulna,29206.25373,0.0,0,0.0
uni_405566509,Mohammadpur,Mohammadpur,Magura,Khulna,21811.05543,0.0,0,0.0
uni_405566160,Binodpur,Mohammadpur,Magura,Khulna,31002.61915,0.0,0,0.0
uni_408743342,Helatala,Kalaroa,Satkhira,Khulna,23992.76791,0.0,0,0.0
uni_405566151,Balidia,Mohammadpur,Magura,Khulna,30601.71865,0.0,0,0.0
uni_405566142,Babukhali,Mohammadpur,Magura,Khulna,33594.93368,0.0,0,0.0
uni_405557715,Shatrujitpur,Magura Sadar,Magura,Khulna,17551.554070000002,0.0,0,0.0
uni_405557681,Raghabdair,Magura Sadar,Magura,Khulna,36742.79502,0.0,0,0.0
uni_405557515,Maghi,Magura Sadar,Magura,Khulna,36804.44847,0.0,0,0.0
uni_405557456,Kuchiamora,Magura Sadar,Magura,Khulna,21686.38888,0.0,0,0.0
uni_405557447,Kasundi,Magura Sadar,Magura,Khulna,14020.06173,0.0,0,0.0
uni_405585310,Gangarampur,Shalikha,Magura,Khulna,22445.888899999998,0.0,0,0.0
uni_405585707,Shalikha,Shalikha,Magura,Khulna,17705.6675,0.0,0,0.0
uni_405585716,Shatakhali,Shalikha,Magura,Khulna,29792.34786,0.0,0,0.0
uni_405585742,Talkhari,Shalikha,Magura,Khulna,41639.25375,0.0,0,0.0
uni_405747675,Raypur,Gangni,Meherpur,Khulna,26022.38389,0.0,0,0.0
uni_405747509,Matmura,Gangni,Meherpur,Khulna,46571.13474,0.0,0,0.0
uni_405747450,Kazipur,Gangni,Meherpur,Khulna,32383.86879,0.0,0,0.0
uni_405747441,Kathuli,Gangni,Meherpur,Khulna,32076.80706,0.0,0,0.0
uni_405747209,Dhankhola,Gangni,Meherpur,Khulna,50357.1908,0.0,0,0.0
uni_405747142,Bamandi,Gangni,Meherpur,Khulna,33304.33463,0.0,0,0.0
uni_405747022,Gangni Pourasabha (Municipality),Gangni,Meherpur,Khulna,27361.80783,0.0,0,0.0
uni_405595726,Sreepur,Sreepur,Magura,Khulna,22082.46222,0.0,0,0.0
uni_405595717,Sreekol,Sreepur,Magura,Khulna,27716.17803,0.0,0,0.0
uni_405595708,Sabdalpur,Sreepur,Magura,Khulna,24451.47001,0.0,0,0.0
uni_405595542,Nakol,Sreepur,Magura,Khulna,25107.8714,0.0,0,0.0
uni_405595442,Kadirpara,Sreepur,Magura,Khulna,14562.59877,0.0,0,0.0
uni_405595309,Gayeshpur,Sreepur,Magura,Khulna,18730.9316,0.0,0,0.0
uni_405595209,Dariapur,Sreepur,Magura,Khulna,16223.31531,0.0,0,0.0
uni_405595109,Amalsar,Sreepur,Magura,Khulna,26444.26904,0.0,0,0.0
uni_405557413,Jagadal,Magura Sadar,Magura,Khulna,24573.23627,0.0,0,0.0
uni_405557354,Hajrapur,Magura Sadar,Magura,Khulna,25882.91282,0.0,0,0.0
uni_405557345,Hajipur,Magura Sadar,Magura,Khulna,38402.03204,0.0,0,0.0
uni_405094109,Ambaria,Mirpur,Kushtia,Khulna,14985.70845,0.0,0,0.0
uni_405079782,Ujangram,Kushtia Sadar,Kushtia,Khulna,22104.07001,0.0,0,0.0
uni_405079616,Patikabari,Kushtia Sadar,Kushtia,Khulna,17850.16009,0.0,0,0.0
uni_405079524,Manohardia,Kushtia Sadar,Kushtia,Khulna,21051.41055,0.0,0,0.0
uni_405079456,Kanchanpur,Kushtia Sadar,Kushtia,Khulna,14681.88972,0.0,0,0.0
uni_405079423,Jiarkhi,Kushtia Sadar,Kushtia,Khulna,18460.98909,0.0,0,0.0
uni_405079414,Jhaudia,Kushtia Sadar,Kushtia,Khulna,23733.10649,0.0,0,0.0
uni_405079355,Hatash Haripur,Kushtia Sadar,Kushtia,Khulna,36480.654439,0.0,0,0.0
uni_405079346,Harinarayanpur,Kushtia Sadar,Kushtia,Khulna,13573.15483,0.0,0,0.0
uni_405079312,Goswami Durgapur,Kushtia Sadar,Kushtia,Khulna,18592.52082,0.0,0,0.0
uni_405079154,Battail,Kushtia Sadar,Kushtia,Khulna,42903.29666,0.0,0,0.0
uni_405079127,Alampur,Kushtia Sadar,Kushtia,Khulna,28333.67076,0.0,0,0.0
uni_405079118,Ailchara,Kushtia Sadar,Kushtia,Khulna,34817.75997,0.0,0,0.0
uni_405079109,Abdalpur,Kushtia Sadar,Kushtia,Khulna,24841.54271,0.0,0,0.0
uni_405079060,Kushtia Pourasabha (Municipality),Kushtia Sadar,Kushtia,Khulna,227260.4626,0.0,0,0.0
uni_405071729,Shilaidaha,Kumarkhali,Kushtia,Khulna,28078.374046,0.0,0,0.0
uni_405094080,Mirpur Pourasabha (Municipality),Mirpur,Kushtia,Khulna,25647.34675,0.0,0,0.0
uni_405094118,Amla,Mirpur,Kushtia,Khulna,30148.28042,0.0,0,0.0
uni_405557311,Gopalgram,Magura Sadar,Magura,Khulna,12376.83815,0.0,0,0.0
uni_405094144,Bahalbaria,Mirpur,Kushtia,Khulna,24362.016216,0.0,0,0.0
uni_405557178,Chaulia,Magura Sadar,Magura,Khulna,26538.61963,0.0,0,0.0
uni_405557152,Berail Palita,Magura Sadar,Magura,Khulna,19280.41913,0.0,0,0.0
uni_405557143,Bagia,Magura Sadar,Magura,Khulna,17981.34826,0.0,0,0.0
uni_405557109,Atharokhada,Magura Sadar,Magura,Khulna,29685.139760000002,0.0,0,0.0
uni_405557050,Magura Pourasabha (Municipality),Magura Sadar,Magura,Khulna,100433.29193,0.0,0,0.0
uni_405094748,Talbaria,Mirpur,Kushtia,Khulna,28770.075161,0.0,0,0.0
uni_405094714,Sadarpur,Mirpur,Kushtia,Khulna,30189.46584,0.0,0,0.0
uni_405094614,Poradaha,Mirpur,Kushtia,Khulna,42388.57953,0.0,0,0.0
uni_405094514,Malihad,Mirpur,Kushtia,Khulna,27284.0652,0.0,0,0.0
uni_405094447,Kursha,Mirpur,Kushtia,Khulna,18177.37192,0.0,0,0.0
uni_405094281,Fulbaria,Mirpur,Kushtia,Khulna,14021.41353,0.0,0,0.0
uni_405094214,Dhubail,Mirpur,Kushtia,Khulna,19506.53302,0.0,0,0.0
uni_405094188,Chithalia,Mirpur,Kushtia,Khulna,12597.112650000001,0.0,0,0.0
uni_405094179,Chhatian,Mirpur,Kushtia,Khulna,24106.710610000002,0.0,0,0.0
uni_405094153,Baruipara,Mirpur,Kushtia,Khulna,30335.87597,0.0,0,0.0
uni_405747709,Shaharbati,Gangni,Meherpur,Khulna,24601.40825,0.0,0,0.0
uni_405747718,Sholataka,Gangni,Meherpur,Khulna,25768.790109999998,0.0,0,0.0
uni_405747744,Tentulbaria,Gangni,Meherpur,Khulna,29321.1347,0.0,0,0.0
uni_408704118,Ashashuni,Ashashuni,Satkhira,Khulna,13635.178588,0.0,0,0.0
uni_406576748,Tularampur,Narail Sadar,Narail,Khulna,19142.78531,0.0,0,0.0
uni_406576730,Shingasholpur,Narail Sadar,Narail,Khulna,13899.288349999999,0.0,0,0.0
uni_406576721,Sheikhhati,Narail Sadar,Narail,Khulna,22295.30067,0.0,0,0.0
uni_406576712,Shahabad,Narail Sadar,Narail,Khulna,16735.40676,0.0,0,0.0
uni_406576521,Mulia,Narail Sadar,Narail,Khulna,8638.393820000001,0.0,0,0.0
uni_406576512,Maijpara,Narail Sadar,Narail,Khulna,21998.07056,0.0,0,0.0
uni_406576445,Kalora,Narail Sadar,Narail,Khulna,19477.43969,0.0,0,0.0
uni_406576345,Habakhali,Narail Sadar,Narail,Khulna,17450.581747,0.0,0,0.0
uni_406576179,Chandibarpur,Narail Sadar,Narail,Khulna,20479.4939,0.0,0,0.0
uni_406576161,Bichhali,Narail Sadar,Narail,Khulna,25837.44168,0.0,0,0.0
uni_406576152,Bhadrabila,Narail Sadar,Narail,Khulna,18164.5885,0.0,0,0.0
uni_406576143,Banshgram,Narail Sadar,Narail,Khulna,25289.27421,0.0,0,0.0
uni_406576109,Auria,Narail Sadar,Narail,Khulna,27669.34347,0.0,0,0.0
uni_406576066,Narail Pourasabha (Municipality),Narail Sadar,Narail,Khulna,32041.05304,0.0,0,0.0
uni_406552714,Shalnagar,Lohagara,Narail,Khulna,16526.2958,0.0,0,0.0
uni_408704109,Anulia,Ashashuni,Satkhira,Khulna,30985.475296,0.0,0,0.0
uni_408704144,Baradal,Ashashuni,Satkhira,Khulna,37065.36018,0.0,0,0.0
uni_406552547,Naldi,Lohagara,Narail,Khulna,29349.7812,0.0,0,0.0
uni_408704153,Budhhata,Ashashuni,Satkhira,Khulna,35244.92291,0.0,0,0.0
uni_408743209,Deyara,Kalaroa,Satkhira,Khulna,14803.38166,0.0,0,0.0
uni_408743175,Chandanpur,Kalaroa,Satkhira,Khulna,23316.54109,0.0,0,0.0
uni_408743033,Kalaroa Pourasabha (Municipality),Kalaroa,Satkhira,Khulna,29600.84418,0.0,0,0.0
uni_408725707,Sakhipur,Debhata,Satkhira,Khulna,28818.96488,0.0,0,0.0
uni_408725607,Parulia,Debhata,Satkhira,Khulna,28350.003371,0.0,0,0.0
uni_408725540,Naoapara,Debhata,Satkhira,Khulna,30083.606134999998,0.0,0,0.0
uni_408725440,Kulia,Debhata,Satkhira,Khulna,16672.218977,0.0,0,0.0
uni_408725208,Debhata,Debhata,Satkhira,Khulna,27633.70402,0.0,0,0.0
uni_408704721,Sreeula,Ashashuni,Satkhira,Khulna,14782.7596643,0.0,0,0.0
uni_408704712,Shovnali,Ashashuni,Satkhira,Khulna,9851.522673,0.0,0,0.0
uni_408704612,Pratapnagar,Ashashuni,Satkhira,Khulna,36399.094897,0.0,0,0.0
uni_408704462,Kulla,Ashashuni,Satkhira,Khulna,37409.05514,0.0,0,0.0
uni_408704453,Khajra,Ashashuni,Satkhira,Khulna,38432.57096,0.0,0,0.0
uni_408704444,Kadakati,Ashashuni,Satkhira,Khulna,9502.704043,0.0,0,0.0
uni_408704212,Dargahpur,Ashashuni,Satkhira,Khulna,14565.349195,0.0,0,0.0
uni_406552556,Noagram,Lohagara,Narail,Khulna,20454.98758,0.0,0,0.0
uni_406552513,Mallikpur,Lohagara,Narail,Khulna,13441.57529,0.0,0,0.0
uni_405760142,Bagoan,Mujibnagar,Meherpur,Khulna,51244.37695,0.0,0,0.0
uni_406528344,Hamidpur,Kalia,Narail,Khulna,16787.37719,0.0,0,0.0
uni_406528160,Baranal Iliasabad,Kalia,Narail,Khulna,10688.31295,0.0,0,0.0
uni_406528151,Babra Hachla,Kalia,Narail,Khulna,10903.48305,0.0,0,0.0
uni_406528142,Baaisona,Kalia,Narail,Khulna,23360.65829,0.0,0,0.0
uni_406528033,Kalia Pourasabha (Municipality),Kalia,Narail,Khulna,23830.767920000002,0.0,0,0.0
uni_405787733,Shyampur,Meherpur Sadar,Meherpur,Khulna,19620.65039,0.0,0,0.0
uni_405787608,Pirojpur,Meherpur Sadar,Meherpur,Khulna,18759.53371,0.0,0,0.0
uni_405787442,Kutubpur,Meherpur Sadar,Meherpur,Khulna,49597.57866,0.0,0,0.0
uni_405787144,Buripota,Meherpur Sadar,Meherpur,Khulna,42847.50495,0.0,0,0.0
uni_405787131,Baradi,Meherpur Sadar,Meherpur,Khulna,22109.39112,0.0,0,0.0
uni_405787118,Amjhupi,Meherpur Sadar,Meherpur,Khulna,31016.36544,0.0,0,0.0
uni_405787109,Amdah,Meherpur Sadar,Meherpur,Khulna,29684.09323,0.0,0,0.0
uni_405787033,Meherpur Pourasabha (Municipality),Meherpur Sadar,Meherpur,Khulna,46754.89046,0.0,0,0.0
uni_405760516,Monakhali,Mujibnagar,Meherpur,Khulna,14451.59895,0.0,0,0.0
uni_405760507,Mahajanpur,Mujibnagar,Meherpur,Khulna,13720.00438,0.0,0,0.0
uni_405760209,Dariapur,Mujibnagar,Meherpur,Khulna,16031.229544,0.0,0,0.0
uni_406528178,Chanchuri,Kalia,Narail,Khulna,16586.23734,0.0,0,0.0
uni_406528411,Joynagar,Kalia,Narail,Khulna,14566.10324,0.0,0,0.0
uni_406552495,Lohagara,Lohagara,Narail,Khulna,4782.79562,0.0,0,0.0
uni_406528445,Kalabaria,Kalia,Narail,Khulna,17254.73348,0.0,0,0.0
uni_406552486,Lakkhipasha,Lohagara,Narail,Khulna,11524.27688,0.0,0,0.0
uni_406552477,Lahuria,Lohagara,Narail,Khulna,22897.46513,0.0,0,0.0
uni_406552451,Kotakol,Lohagara,Narail,Khulna,12626.29805,0.0,0,0.0
uni_406552442,Kashipur,Lohagara,Narail,Khulna,15171.3781,0.0,0,0.0
uni_406552408,Joypur,Lohagara,Narail,Khulna,16876.78388,0.0,0,0.0
uni_406552374,Itna,Lohagara,Narail,Khulna,23673.8795,0.0,0,0.0
uni_406552208,Dighalia,Lohagara,Narail,Khulna,21389.83103,0.0,0,0.0
uni_406552044,Lohagara Pourasabha (Municipality),Lohagara,Narail,Khulna,20929.40394,0.0,0,0.0
uni_406528716,Salamabad,Kalia,Narail,Khulna,12087.32312,0.0,0,0.0
uni_406528640,Purulia,Kalia,Narail,Khulna,19585.89681,0.0,0,0.0
uni_406528631,Peraly,Kalia,Narail,Khulna,18844.59692,0.0,0,0.0
uni_406528622,Panchgram,Kalia,Narail,Khulna,7220.68459,0.0,0,0.0
uni_406528613,Pahardanga,Kalia,Narail,Khulna,13153.08989,0.0,0,0.0
uni_406528513,Mauli,Kalia,Narail,Khulna,16491.30706,0.0,0,0.0
uni_406528454,Khashial,Kalia,Narail,Khulna,14552.6579,0.0,0,0.0
uni_506991479,Lalore,Singra,Natore,Rajshahi,19339.12194,0.0,0,0.0
uni_507037178,Choudala,Gomastapur,Chapainababganj,Rajshahi,36433.983290000004,0.0,0,0.0
uni_506991712,Sherkol,Singra,Natore,Rajshahi,31164.797218,0.0,0,0.0
uni_559408222,Duosuo,Baliadangi,Thakurgaon,Rangpur,26059.77036,0.0,0,0.0
uni_559482033,Pirganj Pourasabha (Municipality),Pirganj,Thakurgaon,Rangpur,27050.55865,0.0,0,0.0
uni_559451345,Haripur,Haripur,Thakurgaon,Rangpur,22571.5357,0.0,0,0.0
uni_559451311,Gedura,Haripur,Thakurgaon,Rangpur,27600.50506,0.0,0,0.0
uni_559451211,Dangipara,Haripur,Thakurgaon,Rangpur,23046.75945,0.0,0,0.0
uni_559451152,Bhaturia,Haripur,Thakurgaon,Rangpur,24614.23488,0.0,0,0.0
uni_559451143,Bakua,Haripur,Thakurgaon,Rangpur,25435.99161,0.0,0,0.0
uni_559451109,Amgaon,Haripur,Thakurgaon,Rangpur,28917.03645,0.0,0,0.0
uni_559408213,Dhantala,Baliadangi,Thakurgaon,Rangpur,27694.87303,0.0,0,0.0
uni_558558178,Bhangni,Mithapukur,Rangpur,Rangpur,30158.191319999998,0.0,0,0.0
uni_559408179,Charol,Baliadangi,Thakurgaon,Rangpur,27239.46202,0.0,0,0.0
uni_559408161,Bhanor,Baliadangi,Thakurgaon,Rangpur,26433.52422,0.0,0,0.0
uni_559408152,Barabari,Baliadangi,Thakurgaon,Rangpur,33713.99253,0.0,0,0.0
uni_559408143,Bara Palashbari,Baliadangi,Thakurgaon,Rangpur,24643.79464,0.0,0,0.0
uni_558592707,Sayar,Taraganj,Rangpur,Rangpur,27240.80064,0.0,0,0.0
uni_558592442,Kursha,Taraganj,Rangpur,Rangpur,38979.101109999996,0.0,0,0.0
uni_558592342,Hariarkuthi,Taraganj,Rangpur,Rangpur,27692.52681,0.0,0,0.0
uni_559482142,Bairchuna,Pirganj,Thakurgaon,Rangpur,24733.99142,0.0,0,0.0
uni_559482151,Bhomradaha,Pirganj,Thakurgaon,Rangpur,17546.497,0.0,0,0.0
uni_559482210,Daulatpur,Pirganj,Thakurgaon,Rangpur,22108.74858,0.0,0,0.0
uni_559482343,Hajipur,Pirganj,Thakurgaon,Rangpur,22744.73676,0.0,0,0.0
uni_559486677,Rator,Ranishankail,Thakurgaon,Rangpur,23918.11875,0.0,0,0.0
uni_559486552,Nekmarad,Ranishankail,Thakurgaon,Rangpur,37134.97207,0.0,0,0.0
uni_559486543,Nanduar,Ranishankail,Thakurgaon,Rangpur,27183.857210000002,0.0,0,0.0
uni_559486476,Lehemba,Ranishankail,Thakurgaon,Rangpur,29551.84851,0.0,0,0.0
uni_559486442,Kashipur,Ranishankail,Thakurgaon,Rangpur,19133.38088,0.0,0,0.0
uni_559486342,Hossaingaon,Ranishankail,Thakurgaon,Rangpur,25730.11582,0.0,0,0.0
uni_559486209,Dharmagar,Ranishankail,Thakurgaon,Rangpur,28550.98514,0.0,0,0.0
uni_559486142,Bachor,Ranishankail,Thakurgaon,Rangpur,26973.59485,0.0,0,0.0
uni_559486055,Ranishankail Pourasabha (Municipality),Ranishankail,Thakurgaon,Rangpur,16600.6789,0.0,0,0.0
uni_559482720,Syedpur,Pirganj,Thakurgaon,Rangpur,21323.06212,0.0,0,0.0
uni_559482711,Sengaon,Pirganj,Thakurgaon,Rangpur,18565.57404,0.0,0,0.0
uni_559482611,Pirganj,Pirganj,Thakurgaon,Rangpur,20122.98417,0.0,0,0.0
uni_559482453,Kosha Raniganj,Pirganj,Thakurgaon,Rangpur,20630.10386,0.0,0,0.0
uni_559482444,Khangaon,Pirganj,Thakurgaon,Rangpur,22710.02931,0.0,0,0.0
uni_559482410,Jabarhat,Pirganj,Thakurgaon,Rangpur,27301.94453,0.0,0,0.0
uni_558592242,Ekarchali,Taraganj,Rangpur,Rangpur,22653.41063,0.0,0,0.0
uni_558592109,Alampur,Taraganj,Rangpur,Rangpur,29883.39523,0.0,0,0.0
uni_558576750,Tukuria,Pirganj,Rangpur,Rangpur,21972.214500000002,0.0,0,0.0
uni_558573460,Kandi,Pirgachha,Rangpur,Rangpur,31998.8953,0.0,0,0.0
uni_558573442,Kaikuri,Pirgachha,Rangpur,Rangpur,37810.96445,0.0,0,0.0
uni_558573375,Itakumari,Pirgachha,Rangpur,Rangpur,26897.98669,0.0,0,0.0
uni_558573176,Chhaola,Pirgachha,Rangpur,Rangpur,41348.93671,0.0,0,0.0
uni_558573109,Annadanagar,Pirgachha,Rangpur,Rangpur,32854.58614,0.0,0,0.0
uni_558558686,Ranipukur,Mithapukur,Rangpur,Rangpur,27951.94097,0.0,0,0.0
uni_558558619,Payraband,Mithapukur,Rangpur,Rangpur,41542.00683,0.0,0,0.0
uni_558558535,Mirzapur,Mithapukur,Rangpur,Rangpur,34240.60823,0.0,0,0.0
uni_558558526,Milanpur,Mithapukur,Rangpur,Rangpur,21825.25549,0.0,0,0.0
uni_558558517,Mayenpur,Mithapukur,Rangpur,Rangpur,26475.80575,0.0,0,0.0
uni_558558483,Latibpur,Mithapukur,Rangpur,Rangpur,38974.61903,0.0,0,0.0
uni_558558457,Khoragachh,Mithapukur,Rangpur,Rangpur,29586.85322,0.0,0,0.0
uni_558558448,Kafrikhal,Mithapukur,Rangpur,Rangpur,37446.07301,0.0,0,0.0
uni_558558381,Imadpur,Mithapukur,Rangpur,Rangpur,45872.17917,0.0,0,0.0
uni_558558314,Gopalpur,Mithapukur,Rangpur,Rangpur,25982.22815,0.0,0,0.0
uni_558558214,Durgapur,Mithapukur,Rangpur,Rangpur,63587.966010000004,0.0,0,0.0
uni_558573451,Kalyani,Pirgachha,Rangpur,Rangpur,28253.8007,0.0,0,0.0
uni_558573610,Parul,Pirgachha,Rangpur,Rangpur,42056.2799,0.0,0,0.0
uni_558576716,Shanerhat,Pirganj,Rangpur,Rangpur,27478.12584,0.0,0,0.0
uni_558573619,Pirgachha,Pirgachha,Rangpur,Rangpur,57294.56128,0.0,0,0.0
uni_558576690,Ramnathpur,Pirganj,Rangpur,Rangpur,31187.33063,0.0,0,0.0
uni_558576681,Raipur,Pirganj,Rangpur,Rangpur,19202.54611,0.0,0,0.0
uni_558576622,Pirganj,Pirganj,Rangpur,Rangpur,20843.10472,0.0,0,0.0
uni_558576613,Panchgachhi,Pirganj,Rangpur,Rangpur,23852.31164,0.0,0,0.0
uni_558576521,Mithipur,Pirganj,Rangpur,Rangpur,32640.48434,0.0,0,0.0
uni_558576512,Madankhali,Pirganj,Rangpur,Rangpur,23036.67675,0.0,0,0.0
uni_558576453,Kumedpur,Pirganj,Rangpur,Rangpur,21513.18415,0.0,0,0.0
uni_558576444,Kabilpur,Pirganj,Rangpur,Rangpur,35873.40371,0.0,0,0.0
uni_558576187,Chatra,Pirganj,Rangpur,Rangpur,28525.15191,0.0,0,0.0
uni_558576178,Chaitrakol,Pirganj,Rangpur,Rangpur,22969.67052,0.0,0,0.0
uni_558576160,Bhendabari,Pirganj,Rangpur,Rangpur,19985.63948,0.0,0,0.0
uni_558576151,Bara Darga,Pirganj,Rangpur,Rangpur,27862.62415,0.0,0,0.0
uni_558576142,Bara Alampur,Pirganj,Rangpur,Rangpur,24981.1897,0.0,0,0.0
uni_558576066,Pirganj Pourasabha (Municipality),Pirganj,Rangpur,Rangpur,25536.9078,0.0,0,0.0
uni_558573744,Tambulpur,Pirgachha,Rangpur,Rangpur,36933.13454,0.0,0,0.0
uni_559494066,Thakurgaon Pourasabha (Municipality),Thakurgaon Sadar,Thakurgaon,Rangpur,101418.609,0.0,0,0.0
uni_559494109,Akcha,Thakurgaon Sadar,Thakurgaon,Rangpur,32387.705280000002,0.0,0,0.0
uni_559494118,Akhanagar,Thakurgaon Sadar,Thakurgaon,Rangpur,15079.42931,0.0,0,0.0
uni_603626719,Shankhala,Chunarughat,Habiganj,Sylhet,55046.93443,0.0,0,0.0
uni_603626676,Ranigaon,Chunarughat,Habiganj,Sylhet,33396.06861,0.0,0,0.0
uni_603626609,Paikpara,Chunarughat,Habiganj,Sylhet,38685.54875,0.0,0,0.0
uni_603626509,Mirashi,Chunarughat,Habiganj,Sylhet,32764.02344,0.0,0,0.0
uni_603626310,Gazipur,Chunarughat,Habiganj,Sylhet,44966.28288,0.0,0,0.0
uni_603626210,Deorgachh,Chunarughat,Habiganj,Sylhet,30243.4323,0.0,0,0.0
uni_603626176,Chunarughat,Chunarughat,Habiganj,Sylhet,17547.858930000002,0.0,0,0.0
uni_603626109,Ahmmadabad,Chunarughat,Habiganj,Sylhet,30105.5759,0.0,0,0.0
uni_603626016,Chunarughat Pourasabha (Municipality),Chunarughat,Habiganj,Sylhet,9741.965400000001,0.0,0,0.0
uni_603611791,Uttar Purba Baniachong,Baniachong,Habiganj,Sylhet,30141.14802,0.0,0,0.0
uni_603611782,Uttar Pashchim Baniachong,Baniachong,Habiganj,Sylhet,12606.75614,0.0,0,0.0
uni_603611723,Sujatpur,Baniachong,Habiganj,Sylhet,26276.38565,0.0,0,0.0
uni_603611714,Subidpur,Baniachong,Habiganj,Sylhet,35236.28117,0.0,0,0.0
uni_603611622,Pukhra,Baniachong,Habiganj,Sylhet,32410.71754,0.0,0,0.0
uni_603611613,Pailarkandi,Baniachong,Habiganj,Sylhet,15239.91988,0.0,0,0.0
uni_603611529,Muradpur,Baniachong,Habiganj,Sylhet,15869.6126,0.0,0,0.0
uni_603626710,Satiajuri,Chunarughat,Habiganj,Sylhet,16254.16706,0.0,0,0.0
uni_603626778,Ubahata,Chunarughat,Habiganj,Sylhet,29363.88018,0.0,0,0.0
uni_603611511,Makrampur,Baniachong,Habiganj,Sylhet,30283.88917,0.0,0,0.0
uni_603644020,Habiganj Pourasabha (Municipality),Habiganj Sadar,Habiganj,Sylhet,54650.9861,0.0,0,0.0
uni_603671040,Madhabpur Pourasabha (Municipality),Madhabpur,Habiganj,Sylhet,22740.5386,0.0,0,0.0
uni_603668518,Muriauk,Lakhai,Habiganj,Sylhet,20109.54359,0.0,0,0.0
uni_603668509,Murakari,Lakhai,Habiganj,Sylhet,20741.88215,0.0,0,0.0
uni_603668475,Lakhai,Lakhai,Habiganj,Sylhet,27174.354698,0.0,0,0.0
uni_603668441,Karab,Lakhai,Habiganj,Sylhet,29709.83547,0.0,0,0.0
uni_603668151,Bulla,Lakhai,Habiganj,Sylhet,36433.39849,0.0,0,0.0
uni_603668142,Bamai,Lakhai,Habiganj,Sylhet,38505.91983,0.0,0,0.0
uni_603644745,Tegharia,Habiganj Sadar,Habiganj,Sylhet,29825.52704,0.0,0,0.0
uni_603644685,Richi,Habiganj Sadar,Habiganj,Sylhet,41147.52879,0.0,0,0.0
uni_603644676,Raziura,Habiganj Sadar,Habiganj,Sylhet,28561.45782,0.0,0,0.0
uni_603644609,Pail,Habiganj Sadar,Habiganj,Sylhet,26318.04217,0.0,0,0.0
uni_603644541,Nizampur,Habiganj Sadar,Habiganj,Sylhet,21160.69753,0.0,0,0.0
uni_603644482,Lukra,Habiganj Sadar,Habiganj,Sylhet,35787.70763,0.0,0,0.0
uni_603644473,Laskarpur,Habiganj Sadar,Habiganj,Sylhet,19915.85384,0.0,0,0.0
uni_603644307,Gopaya,Habiganj Sadar,Habiganj,Sylhet,28407.11174,0.0,0,0.0
uni_603611520,Mandari,Baniachong,Habiganj,Sylhet,26219.84489,0.0,0,0.0
uni_603611452,Khagaura,Baniachong,Habiganj,Sylhet,27291.4932,0.0,0,0.0
uni_559494127,Auliapur,Thakurgaon Sadar,Thakurgaon,Rangpur,28293.67862,0.0,0,0.0
uni_559494722,Salandar,Thakurgaon Sadar,Thakurgaon,Rangpur,37384.38161,0.0,0,0.0
uni_559494711,Ruhia,Thakurgaon Sadar,Thakurgaon,Rangpur,20595.17951,0.0,0,0.0
uni_559494702,Raypur,Thakurgaon Sadar,Thakurgaon,Rangpur,26820.62311,0.0,0,0.0
uni_559494693,Rajagaon,Thakurgaon Sadar,Thakurgaon,Rangpur,17750.644659999998,0.0,0,0.0
uni_559494684,Rahimanpur,Thakurgaon Sadar,Thakurgaon,Rangpur,41489.00093,0.0,0,0.0
uni_559494551,Nargun,Thakurgaon Sadar,Thakurgaon,Rangpur,27029.9233,0.0,0,0.0
uni_559494517,Mohammadpur,Thakurgaon Sadar,Thakurgaon,Rangpur,26236.670290000002,0.0,0,0.0
uni_559494425,Jamalpur,Thakurgaon Sadar,Thakurgaon,Rangpur,28044.40528,0.0,0,0.0
uni_559494416,Jagannathpur,Thakurgaon Sadar,Thakurgaon,Rangpur,42647.57281,0.0,0,0.0
uni_559494316,Gareya,Thakurgaon Sadar,Thakurgaon,Rangpur,28853.60942,0.0,0,0.0
uni_559494224,Dholarhat,Thakurgaon Sadar,Thakurgaon,Rangpur,19650.09306,0.0,0,0.0
uni_559494215,Debipur,Thakurgaon Sadar,Thakurgaon,Rangpur,31683.27004,0.0,0,0.0
uni_559494181,Chilarang,Thakurgaon Sadar,Thakurgaon,Rangpur,24697.18666,0.0,0,0.0
uni_559494163,Begunbari,Thakurgaon Sadar,Thakurgaon,Rangpur,22503.04755,0.0,0,0.0
uni_559494154,Baragaon,Thakurgaon Sadar,Thakurgaon,Rangpur,12452.59161,0.0,0,0.0
uni_559494145,Balia,Thakurgaon Sadar,Thakurgaon,Rangpur,27628.31758,0.0,0,0.0
uni_559494720,Ruhia Pashchim,Thakurgaon Sadar,Thakurgaon,Rangpur,20316.9535,0.0,0,0.0
uni_559494727,Senua,Thakurgaon Sadar,Thakurgaon,Rangpur,10281.34022,0.0,0,0.0
uni_603611443,Kagapasha,Baniachong,Habiganj,Sylhet,50656.02011,0.0,0,0.0
uni_559494731,Shukhan Pukhri,Thakurgaon Sadar,Thakurgaon,Rangpur,23623.12335,0.0,0,0.0
uni_603611218,Dakkhin Purba Baniachong,Baniachong,Habiganj,Sylhet,24398.20297,0.0,0,0.0
uni_603611209,Dakkhin Pashchim Baniachong,Baniachong,Habiganj,Sylhet,24719.11098,0.0,0,0.0
uni_603611142,Baraiuri,Baniachong,Habiganj,Sylhet,25023.2125,0.0,0,0.0
uni_603605717,Snanghat,Bahubal,Habiganj,Sylhet,33230.39536,0.0,0,0.0
uni_603605708,Satkapan,Bahubal,Habiganj,Sylhet,37102.79244,0.0,0,0.0
uni_603605608,Putijuri,Bahubal,Habiganj,Sylhet,35061.38162,0.0,0,0.0
uni_603605508,Mirpur,Bahubal,Habiganj,Sylhet,27159.18361,0.0,0,0.0
uni_603605474,Lamatasi,Bahubal,Habiganj,Sylhet,23111.80114,0.0,0,0.0
uni_603605151,Bhadeshwar,Bahubal,Habiganj,Sylhet,59107.31727,0.0,0,0.0
uni_603605142,Bahubal,Bahubal,Habiganj,Sylhet,28086.90103,0.0,0,0.0
uni_603602707,Shibpasha,Ajmiriganj,Habiganj,Sylhet,27775.47662,0.0,0,0.0
uni_603602442,Kakailchheo,Ajmiriganj,Habiganj,Sylhet,20358.8538,0.0,0,0.0
uni_603602408,Jalsukha,Ajmiriganj,Habiganj,Sylhet,15777.40307,0.0,0,0.0
uni_603602109,Ajmiriganj,Ajmiriganj,Habiganj,Sylhet,7246.9626,0.0,0,0.0
uni_603602012,Ajmiriganj Pourasabha (Municipality),Ajmiriganj,Habiganj,Sylhet,9505.75258,0.0,0,0.0
uni_558558180,Chengmari,Mithapukur,Rangpur,Rangpur,33398.94803,0.0,0,0.0
uni_558558169,Barabala,Mithapukur,Rangpur,Rangpur,24360.11119,0.0,0,0.0
uni_506991721,Sukash,Singra,Natore,Rajshahi,36432.3695,0.0,0,0.0
uni_557345678,Ranachandi,Kishoreganj,Nilphamari,Rangpur,26326.2773,0.0,0,0.0
uni_557364444,Kachukata,Nilphamari Sadar,Nilphamari,Rangpur,24294.68385,0.0,0,0.0
uni_557364377,Itakhola,Nilphamari Sadar,Nilphamari,Rangpur,31962.15984,0.0,0,0.0
uni_557364310,Gorgram,Nilphamari Sadar,Nilphamari,Rangpur,31186.9285,0.0,0,0.0
uni_557364193,Charaikhola,Nilphamari Sadar,Nilphamari,Rangpur,26626.83823,0.0,0,0.0
uni_557364184,Chapra Saramjani,Nilphamari Sadar,Nilphamari,Rangpur,25167.23848,0.0,0,0.0
uni_557364175,Chaora Baragachha,Nilphamari Sadar,Nilphamari,Rangpur,29844.72851,0.0,0,0.0
uni_557364050,Nilphamari Pourasabha (Municipality),Nilphamari Sadar,Nilphamari,Rangpur,89017.0319,0.0,0,0.0
uni_557345611,Putimari,Kishoreganj,Nilphamari,Rangpur,25461.79644,0.0,0,0.0
uni_558558160,Bara Hazratpur,Mithapukur,Rangpur,Rangpur,36536.29547,0.0,0,0.0
uni_557345544,Nitai,Kishoreganj,Nilphamari,Rangpur,22476.22572,0.0,0,0.0
uni_557345510,Magura,Kishoreganj,Nilphamari,Rangpur,29662.12233,0.0,0,0.0
uni_557345443,Kishoreganj,Kishoreganj,Nilphamari,Rangpur,29659.57052,0.0,0,0.0
uni_557345310,Garagram,Kishoreganj,Nilphamari,Rangpur,28747.1097,0.0,0,0.0
uni_557345177,Chandkhana,Kishoreganj,Nilphamari,Rangpur,31017.67887,0.0,0,0.0
uni_557345151,Barabhita,Kishoreganj,Nilphamari,Rangpur,27370.22335,0.0,0,0.0
uni_557345142,Bahagili,Kishoreganj,Nilphamari,Rangpur,27071.84026,0.0,0,0.0
uni_557364453,Khokshabari,Nilphamari Sadar,Nilphamari,Rangpur,27041.54478,0.0,0,0.0
uni_557364462,Kundapukur,Nilphamari Sadar,Nilphamari,Rangpur,33512.64602,0.0,0,0.0
uni_557364480,Lakkhichap,Nilphamari Sadar,Nilphamari,Rangpur,24843.11928,0.0,0,0.0
uni_557364613,Palashbari,Nilphamari Sadar,Nilphamari,Rangpur,25780.98204,0.0,0,0.0
uni_557704508,Mirzapur,Atowari,Panchagarh,Rangpur,23428.05258,0.0,0,0.0
uni_557704210,Dhamor,Atowari,Panchagarh,Rangpur,19806.27142,0.0,0,0.0
uni_557704143,Balarampur,Atowari,Panchagarh,Rangpur,24536.37175,0.0,0,0.0
uni_557385998,Saidpur Cantonment,Saidpur,Nilphamari,Rangpur,5618.922,0.0,0,0.0
uni_557385459,Kashiram Belpukur,Saidpur,Nilphamari,Rangpur,28488.05369,0.0,0,0.0
uni_557385450,Khata Madhupur,Saidpur,Nilphamari,Rangpur,24284.75251,0.0,0,0.0
uni_557385441,Kamarpukur,Saidpur,Nilphamari,Rangpur,38870.5165,0.0,0,0.0
uni_557385151,Botlagari,Saidpur,Nilphamari,Rangpur,26146.881690000002,0.0,0,0.0
uni_557385142,Bangalipur,Saidpur,Nilphamari,Rangpur,21988.57833,0.0,0,0.0
uni_557385075,Saidpur Pourasabha (Municipality),Saidpur,Nilphamari,Rangpur,143798.3105,0.0,0,0.0
uni_557364750,Tupamari,Nilphamari Sadar,Nilphamari,Rangpur,29347.85886,0.0,0,0.0
uni_557364724,Sonaray,Nilphamari Sadar,Nilphamari,Rangpur,29778.45881,0.0,0,0.0
uni_557364715,Sangalshi,Nilphamari Sadar,Nilphamari,Rangpur,29464.962,0.0,0,0.0
uni_557364681,Ramnagar,Nilphamari Sadar,Nilphamari,Rangpur,22863.42456,0.0,0,0.0
uni_557364622,Panchapukur,Nilphamari Sadar,Nilphamari,Rangpur,19511.83912,0.0,0,0.0
uni_557336721,Shoulmari,Jaldhaka,Nilphamari,Rangpur,27810.6295,0.0,0,0.0
uni_557336712,Shimulbari,Jaldhaka,Nilphamari,Rangpur,25970.80563,0.0,0,0.0
uni_557336513,Mirganj,Jaldhaka,Nilphamari,Rangpur,22814.2272,0.0,0,0.0
uni_557315142,Bamunia,Domar,Nilphamari,Rangpur,14691.36674,0.0,0,0.0
uni_557312745,Tepa Kharibari,Dimla,Nilphamari,Rangpur,24586.20802,0.0,0,0.0
uni_557312620,Purba Chhatnai,Dimla,Nilphamari,Rangpur,17917.41919,0.0,0,0.0
uni_557312611,Pashchim Chhatnai,Dimla,Nilphamari,Rangpur,26018.4744,0.0,0,0.0
uni_557312544,Nautara,Dimla,Nilphamari,Rangpur,34516.01791,0.0,0,0.0
uni_557312452,Khalisha Chapani,Dimla,Nilphamari,Rangpur,44730.36845,0.0,0,0.0
uni_557312443,Khaga Kharibari,Dimla,Nilphamari,Rangpur,20732.06976,0.0,0,0.0
uni_557312409,Jhunagachh Chapani,Dimla,Nilphamari,Rangpur,44259.50465,0.0,0,0.0
uni_557312309,Gayabari,Dimla,Nilphamari,Rangpur,23082.99946,0.0,0,0.0
uni_557312209,Dimla,Dimla,Nilphamari,Rangpur,52039.60285,0.0,0,0.0
uni_557312142,Balapara,Dimla,Nilphamari,Rangpur,37201.47011,0.0,0,0.0
uni_555270710,Sreerampur,Patgram,Lalmonirhat,Rangpur,24788.14973,0.0,0,0.0
uni_555270610,Patgram,Patgram,Lalmonirhat,Rangpur,19752.53433,0.0,0,0.0
uni_555270444,Kuchlibari,Patgram,Lalmonirhat,Rangpur,8314.74181,0.0,0,0.0
uni_555270418,Jongra,Patgram,Lalmonirhat,Rangpur,23881.66568,0.0,0,0.0
uni_555270409,Jagatber,Patgram,Lalmonirhat,Rangpur,27979.475010000002,0.0,0,0.0
uni_557315025,Domar Pourasabha (Municipality),Domar,Nilphamari,Rangpur,23037.212160000003,0.0,0,0.0
uni_557315151,Bhogdabari,Domar,Nilphamari,Rangpur,43455.65677,0.0,0,0.0
uni_557336462,Khutamara,Jaldhaka,Nilphamari,Rangpur,34953.20624,0.0,0,0.0
uni_557315160,Boragari,Domar,Nilphamari,Rangpur,32741.27478,0.0,0,0.0
uni_557336453,Kanthali,Jaldhaka,Nilphamari,Rangpur,26232.04051,0.0,0,0.0
uni_557336444,Kaimari,Jaldhaka,Nilphamari,Rangpur,43017.72455,0.0,0,0.0
uni_557336319,Golna,Jaldhaka,Nilphamari,Rangpur,34447.70042,0.0,0,0.0
uni_557336310,Golmunda,Jaldhaka,Nilphamari,Rangpur,24495.50354,0.0,0,0.0
uni_557336218,Dharmapal,Jaldhaka,Nilphamari,Rangpur,23808.00664,0.0,0,0.0
uni_557336209,Dauabari,Jaldhaka,Nilphamari,Rangpur,14976.26951,0.0,0,0.0
uni_557336142,Balagram,Jaldhaka,Nilphamari,Rangpur,32683.162360000002,0.0,0,0.0
uni_557336037,Jaldhaka Pourasabha (Municipality),Jaldhaka,Nilphamari,Rangpur,59556.64836,0.0,0,0.0
uni_557315712,Sonaray,Domar,Nilphamari,Rangpur,26559.47106,0.0,0,0.0
uni_557315612,Panga Matukpur,Domar,Nilphamari,Rangpur,21565.26864,0.0,0,0.0
uni_557315446,Ketkibari,Domar,Nilphamari,Rangpur,23248.25992,0.0,0,0.0
uni_557315412,Jorabari,Domar,Nilphamari,Rangpur,21610.98232,0.0,0,0.0
uni_557315345,Harinchara,Domar,Nilphamari,Rangpur,17904.12557,0.0,0,0.0
uni_557315311,Gomnati,Domar,Nilphamari,Rangpur,22463.82005,0.0,0,0.0
uni_557315211,Domar,Domar,Nilphamari,Rangpur,7343.09725,0.0,0,0.0
uni_557704674,Radhanagar,Atowari,Panchagarh,Rangpur,29897.19126,0.0,0,0.0
uni_557704741,Taria,Atowari,Panchagarh,Rangpur,22817.0922,0.0,0,0.0
uni_557725020,Boda Pourasabha (Municipality),Boda,Panchagarh,Rangpur,23418.56278,0.0,0,0.0
uni_558527444,Kolkonda,Gangachara,Rangpur,Rangpur,43256.7479,0.0,0,0.0
uni_558527310,Gajaghanta,Gangachara,Rangpur,Rangpur,40162.59227,0.0,0,0.0
uni_558527152,Betgari,Gangachara,Rangpur,Rangpur,39517.0364,0.0,0,0.0
uni_558527143,Barabil,Gangachara,Rangpur,Rangpur,50931.92076,0.0,0,0.0
uni_558527109,Alam Biditar,Gangachara,Rangpur,Rangpur,34067.28662,0.0,0,0.0
uni_558503687,Ramnathpur,Badarganj,Rangpur,Rangpur,35109.55463,0.0,0,0.0
uni_558503678,Radhanagar,Badarganj,Rangpur,Rangpur,20738.37813,0.0,0,0.0
uni_558503512,Madhupur,Badarganj,Rangpur,Rangpur,34546.19815,0.0,0,0.0
uni_558503478,Lohanipara,Badarganj,Rangpur,Rangpur,31686.36604,0.0,0,0.0
uni_558503452,Kutubpur,Badarganj,Rangpur,Rangpur,26063.82005,0.0,0,0.0
uni_558503443,Kalupara,Badarganj,Rangpur,Rangpur,26478.975010000002,0.0,0,0.0
uni_558503318,Gopinathpur,Badarganj,Rangpur,Rangpur,25737.70148,0.0,0,0.0
uni_558503309,Gopalpur,Badarganj,Rangpur,Rangpur,20350.60983,0.0,0,0.0
uni_558503209,Damodarpur,Badarganj,Rangpur,Rangpur,32045.41939,0.0,0,0.0
uni_558503142,Bishnupur,Badarganj,Rangpur,Rangpur,32126.10954,0.0,0,0.0
uni_558503013,Badarganj Pourasabha (Municipality),Badarganj,Rangpur,Rangpur,30443.7076,0.0,0,0.0
uni_558527319,Gangachara,Gangachara,Rangpur,Rangpur,44903.22581,0.0,0,0.0
uni_558527478,Lakkhitari,Gangachara,Rangpur,Rangpur,40040.42385,0.0,0,0.0
uni_557790741,Tentulia,Tentulia,Panchagarh,Rangpur,16988.72942,0.0,0,0.0
uni_558527512,Marneya,Gangachara,Rangpur,Rangpur,35386.8603,0.0,0,0.0
uni_558558151,Balua Masimpur,Mithapukur,Rangpur,Rangpur,29284.23471,0.0,0,0.0
uni_558558142,Balarhat,Mithapukur,Rangpur,Rangpur,23344.09899,0.0,0,0.0
uni_558549708,Sadya Pushkarini,Rangpur Sadar,Rangpur,Rangpur,32443.42733,0.0,0,0.0
uni_558549508,Maminpur,Rangpur Sadar,Rangpur,Rangpur,25038.51813,0.0,0,0.0
uni_558549441,Khaleya,Rangpur Sadar,Rangpur,Rangpur,52920.33814,0.0,0,0.0
uni_558549341,Haridebpur,Rangpur Sadar,Rangpur,Rangpur,38063.50743,0.0,0,0.0
uni_558549175,Chandanpat,Rangpur Sadar,Rangpur,Rangpur,31070.48759,0.0,0,0.0
uni_558542741,Tepa Madhupur,Kaunia,Rangpur,Rangpur,42260.6299,0.0,0,0.0
uni_558542715,Shahidbag,Kaunia,Rangpur,Rangpur,17515.8762,0.0,0,0.0
uni_558542706,Sarai,Kaunia,Rangpur,Rangpur,27245.4984,0.0,0,0.0
uni_558542449,Kursha,Kaunia,Rangpur,Rangpur,47797.95881,0.0,0,0.0
uni_558542440,Kaunia Balapara,Kaunia,Rangpur,Rangpur,41154.69649,0.0,0,0.0
uni_558542340,Haragachh,Kaunia,Rangpur,Rangpur,21066.1805,0.0,0,0.0
uni_558542025,Haragachh (Kaunia) Pourasabha (Municipality),Kaunia,Rangpur,Rangpur,51920.7451,0.0,0,0.0
uni_558527546,Nohali,Gangachara,Rangpur,Rangpur,31254.16859,0.0,0,0.0
uni_557790750,Tirnaihat,Tentulia,Panchagarh,Rangpur,14985.95336,0.0,0,0.0
uni_557790707,Shalbahan,Tentulia,Panchagarh,Rangpur,17059.67795,0.0,0,0.0
uni_557725142,Barashashi,Boda,Panchagarh,Rangpur,32266.66622,0.0,0,0.0
uni_557734709,Shaldanga,Debiganj,Panchagarh,Rangpur,22752.39049,0.0,0,0.0
uni_557734228,Debiganj,Debiganj,Panchagarh,Rangpur,14539.35779,0.0,0,0.0
uni_557734219,Debidoba,Debiganj,Panchagarh,Rangpur,31594.75258,0.0,0,0.0
uni_557734210,Dandapal,Debiganj,Panchagarh,Rangpur,18698.9219,0.0,0,0.0
uni_557734184,Chilahati,Debiganj,Panchagarh,Rangpur,27555.24472,0.0,0,0.0
uni_557734175,Chengti Hazradanga,Debiganj,Panchagarh,Rangpur,20234.74106,0.0,0,0.0
uni_557734030,Debiganj Pourasabha (Municipality),Debiganj,Panchagarh,Rangpur,27376.78985,0.0,0,0.0
uni_557725712,Sakoa,Boda,Panchagarh,Rangpur,14631.93931,0.0,0,0.0
uni_557725612,Panchpir,Boda,Panchagarh,Rangpur,19086.89333,0.0,0,0.0
uni_557725520,Maydandighi,Boda,Panchagarh,Rangpur,20422.64379,0.0,0,0.0
uni_557725511,Mareya Bamanhat,Boda,Panchagarh,Rangpur,16484.42677,0.0,0,0.0
uni_557725444,Kajaldighi Kaliganj,Boda,Panchagarh,Rangpur,26729.40736,0.0,0,0.0
uni_557725410,Jhalai Shalshiri,Boda,Panchagarh,Rangpur,15031.06028,0.0,0,0.0
uni_557725178,Chandanbari,Boda,Panchagarh,Rangpur,17303.04047,0.0,0,0.0
uni_557725160,Boda,Boda,Panchagarh,Rangpur,7954.67167,0.0,0,0.0
uni_557725151,Benghari Banagram,Boda,Panchagarh,Rangpur,21909.62198,0.0,0,0.0
uni_557734609,Pamuli,Debiganj,Panchagarh,Rangpur,14957.64538,0.0,0,0.0
uni_557734718,Sonahar Mallikadaha,Debiganj,Panchagarh,Rangpur,24800.47262,0.0,0,0.0
uni_557790211,Debnagar,Tentulia,Panchagarh,Rangpur,26547.55456,0.0,0,0.0
uni_557734727,Sundardighi,Debiganj,Panchagarh,Rangpur,17582.7118,0.0,0,0.0
uni_557790160,Buraburi,Tentulia,Panchagarh,Rangpur,17563.58043,0.0,0,0.0
uni_557790151,Bhajanpur,Tentulia,Panchagarh,Rangpur,14219.48901,0.0,0,0.0
uni_557790142,Banglabandha,Tentulia,Panchagarh,Rangpur,16132.66903,0.0,0,0.0
uni_557773712,Satmera,Panchagarh Sadar,Panchagarh,Rangpur,41184.66927,0.0,0,0.0
uni_557773612,Panchagarh,Panchagarh Sadar,Panchagarh,Rangpur,39335.29202,0.0,0,0.0
uni_557773512,Magura,Panchagarh Sadar,Panchagarh,Rangpur,11384.67997,0.0,0,0.0
uni_557773445,Kamat Kajaldighi,Panchagarh Sadar,Panchagarh,Rangpur,26781.11119,0.0,0,0.0
uni_557773353,Haribhasa,Panchagarh Sadar,Panchagarh,Rangpur,41827.20077,0.0,0,0.0
uni_557773344,Hafizabad,Panchagarh Sadar,Panchagarh,Rangpur,28467.381849999998,0.0,0,0.0
uni_557773310,Garinabari,Panchagarh Sadar,Panchagarh,Rangpur,14597.1449,0.0,0,0.0
uni_557773210,Dhakkamara,Panchagarh Sadar,Panchagarh,Rangpur,30247.5002,0.0,0,0.0
uni_557773176,Chaklahat,Panchagarh Sadar,Panchagarh,Rangpur,49749.87391,0.0,0,0.0
uni_557773109,Amarkhana,Panchagarh Sadar,Panchagarh,Rangpur,32156.93567,0.0,0,0.0
uni_557773050,Panchagarh Pourasabha (Municipality),Panchagarh Sadar,Panchagarh,Rangpur,73941.10975999999,0.0,0,0.0
uni_557734745,Tepriganj,Debiganj,Panchagarh,Rangpur,32441.45405,0.0,0,0.0
uni_603671109,Adaoir,Madhabpur,Habiganj,Sylhet,12615.499530000001,0.0,0,0.0
uni_603671118,Andiura,Madhabpur,Habiganj,Sylhet,22442.21719,0.0,0,0.0
uni_603671144,Baghasura,Madhabpur,Habiganj,Sylhet,38290.67175,0.0,0,0.0
uni_609117442,Kurar Bazar,Beanibazar,Sylhet,Sylhet,10767.59771,0.0,0,0.0
uni_609120019,Bishwanath Pourasabha (Municipality),Bishwanath,Sylhet,Sylhet,53269.66206,0.0,0,0.0
uni_609117745,Tilpara,Beanibazar,Sylhet,Sylhet,25794.95958,0.0,0,0.0
uni_609117711,Sheola,Beanibazar,Sylhet,Sylhet,32180.49008,0.0,0,0.0
uni_609117528,Muria,Beanibazar,Sylhet,Sylhet,43806.29791,0.0,0,0.0
uni_609117519,Mollapur,Beanibazar,Sylhet,Sylhet,12923.41044,0.0,0,0.0
uni_609117510,Mathiura,Beanibazar,Sylhet,Sylhet,12857.72244,0.0,0,0.0
uni_609117476,Lauta,Beanibazar,Sylhet,Sylhet,30747.03373,0.0,0,0.0
uni_609117210,Dubag,Beanibazar,Sylhet,Sylhet,29710.34464,0.0,0,0.0
uni_603671153,Bahara,Madhabpur,Habiganj,Sylhet,29592.04095,0.0,0,0.0
uni_609117176,Charkhai,Beanibazar,Sylhet,Sylhet,41678.841889999996,0.0,0,0.0
uni_609117109,Alinagar,Beanibazar,Sylhet,Sylhet,24792.52155,0.0,0,0.0
uni_609117016,Beanibazar Pourasabha (Municipality),Beanibazar,Sylhet,Sylhet,43809.58573,0.0,0,0.0
uni_609108625,Purba Pailanpur,Balaganj,Sylhet,Sylhet,18555.16678,0.0,0,0.0
uni_609108616,Purba Gouripur,Balaganj,Sylhet,Sylhet,21661.72711,0.0,0,0.0
uni_609108607,Pashchim Gouripur,Balaganj,Sylhet,Sylhet,21872.775466,0.0,0,0.0
uni_609108210,Dewan Bazar,Balaganj,Sylhet,Sylhet,37073.891514,0.0,0,0.0
uni_609120109,Alangkari,Bishwanath,Sylhet,Sylhet,18711.46699,0.0,0,0.0
uni_609120143,Bishwanath,Bishwanath,Sylhet,Sylhet,21156.54152,0.0,0,0.0
uni_609120210,Dashghar,Bishwanath,Sylhet,Sylhet,27308.28604,0.0,0,0.0
uni_609120219,Daulatpur,Bishwanath,Sylhet,Sylhet,34731.18191,0.0,0,0.0
uni_609131451,Kuchai,Dakkhin Surma,Sylhet,Sylhet,34142.9636,0.0,0,0.0
uni_609131442,Kamal Bazar,Dakkhin Surma,Sylhet,Sylhet,11144.3191,0.0,0,0.0
uni_609131408,Jalalpur,Dakkhin Surma,Sylhet,Sylhet,36412.76632,0.0,0,0.0
uni_609131209,Daudpur,Dakkhin Surma,Sylhet,Sylhet,30132.09301,0.0,0,0.0
uni_609131142,Baraikandi,Dakkhin Surma,Sylhet,Sylhet,39759.1473,0.0,0,0.0
uni_609127774,Uttar Ranikhai,Companiganj,Sylhet,Sylhet,35060.693400000004,0.0,0,0.0
uni_609127740,Telikhal,Companiganj,Sylhet,Sylhet,26538.41035,0.0,0,0.0
uni_609127392,Islampur Purba,Companiganj,Sylhet,Sylhet,52590.26515,0.0,0,0.0
uni_609127383,Islampur Pashchim,Companiganj,Sylhet,Sylhet,37781.90711,0.0,0,0.0
uni_609127374,Ichhakalas,Companiganj,Sylhet,Sylhet,43051.06165,0.0,0,0.0
uni_609127208,Dakkhin Ranikhai,Companiganj,Sylhet,Sylhet,33990.32571,0.0,0,0.0
uni_609120677,Rampasha,Bishwanath,Sylhet,Sylhet,23731.27014,0.0,0,0.0
uni_609120478,Lamakazi,Bishwanath,Sylhet,Sylhet,31560.63326,0.0,0,0.0
uni_609120444,Khajanchi,Bishwanath,Sylhet,Sylhet,45880.33748,0.0,0,0.0
uni_609120228,Deokalas,Bishwanath,Sylhet,Sylhet,26503.64964,0.0,0,0.0
uni_609108151,Boaljur,Balaganj,Sylhet,Sylhet,16906.63807,0.0,0,0.0
uni_609108142,Balaganj,Balaganj,Sylhet,Sylhet,31471.38673,0.0,0,0.0
uni_609092783,Uttar Sreepur,Tahirpur,Sunamganj,Sylhet,67465.4680297,0.0,0,0.0
uni_609087633,Purba Birgaon,Shantiganj,Sunamganj,Sylhet,15350.05141,0.0,0,0.0
uni_609087615,Pashchim Pagla,Shantiganj,Sunamganj,Sylhet,22159.92606,0.0,0,0.0
uni_609087606,Pashchim Birgaon,Shantiganj,Sunamganj,Sylhet,22502.74212,0.0,0,0.0
uni_609087407,Joykalas,Shantiganj,Sunamganj,Sylhet,40187.494,0.0,0,0.0
uni_609087208,Dargapasha,Shantiganj,Sunamganj,Sylhet,27861.04096,0.0,0,0.0
uni_609086706,Shalla,Shalla,Sunamganj,Sylhet,26370.858314,0.0,0,0.0
uni_609086143,Bahara,Shalla,Sunamganj,Sylhet,35406.398221,0.0,0,0.0
uni_609086109,Atgaon,Shalla,Sunamganj,Sylhet,28392.624053,0.0,0,0.0
uni_609063778,Uttar Bangshikunda,Madhyanagar,Sunamganj,Sylhet,25900.5856537,0.0,0,0.0
uni_609063509,Madhyanagar,Madhyanagar,Sunamganj,Sylhet,28796.504565,0.0,0,0.0
uni_609063209,Dakkhin Bangshikunda,Madhyanagar,Sunamganj,Sylhet,29098.13834,0.0,0,0.0
uni_609063175,Chamardani,Madhyanagar,Sunamganj,Sylhet,37985.82103,0.0,0,0.0
uni_609050807,Vimkhali,Jamalganj,Sunamganj,Sylhet,20782.93059,0.0,0,0.0
uni_609050707,Sachna Bazar,Jamalganj,Sunamganj,Sylhet,20097.70387,0.0,0,0.0
uni_609050417,Jamalganj Uttar,Jamalganj,Sunamganj,Sylhet,15751.5434404,0.0,0,0.0
uni_609050408,Jamalganj Sadar,Jamalganj,Sunamganj,Sylhet,16566.69715,0.0,0,0.0
uni_609087624,Patharia,Shantiganj,Sunamganj,Sylhet,32476.16127,0.0,0,0.0
uni_609087642,Purba Pagla,Shantiganj,Sunamganj,Sylhet,44862.97967,0.0,0,0.0
uni_609092774,Uttar Baradal,Tahirpur,Sunamganj,Sylhet,39006.66103,0.0,0,0.0
uni_609087710,Shimulbank,Shantiganj,Sunamganj,Sylhet,20170.49931,0.0,0,0.0
uni_609092740,Tahirpur,Tahirpur,Sunamganj,Sylhet,32578.42981,0.0,0,0.0
uni_609092219,Dakkhin Sreepur,Tahirpur,Sunamganj,Sylhet,27309.7099844,0.0,0,0.0
uni_609092210,Dakkhin Baradal,Tahirpur,Sunamganj,Sylhet,22500.17564,0.0,0,0.0
uni_609092151,Balijuri,Tahirpur,Sunamganj,Sylhet,18275.82069,0.0,0,0.0
uni_609092142,Badaghat,Tahirpur,Sunamganj,Sylhet,49267.27263,0.0,0,0.0
uni_609089711,Surma,Sunamganj Sadar,Sunamganj,Sylhet,36417.784680000004,0.0,0,0.0
uni_609089677,Rangarchar,Sunamganj Sadar,Sunamganj,Sylhet,39290.85419,0.0,0,0.0
uni_609089519,Mollahpara,Sunamganj Sadar,Sunamganj,Sylhet,35411.26018,0.0,0,0.0
uni_609089510,Mohanpur,Sunamganj Sadar,Sunamganj,Sylhet,23726.09536,0.0,0,0.0
uni_609089476,Lakkhansree,Sunamganj Sadar,Sunamganj,Sylhet,37478.31766,0.0,0,0.0
uni_609089450,Kurbannagar,Sunamganj Sadar,Sunamganj,Sylhet,29060.51008,0.0,0,0.0
uni_609089441,Kathair,Sunamganj Sadar,Sunamganj,Sylhet,19552.83158,0.0,0,0.0
uni_609089407,Jahangirnagar,Sunamganj Sadar,Sunamganj,Sylhet,21660.52904,0.0,0,0.0
uni_609089307,Gourarang,Sunamganj Sadar,Sunamganj,Sylhet,55883.13021,0.0,0,0.0
uni_609089060,Sunamganj Pourasabha (Municipality),Sunamganj Sadar,Sunamganj,Sylhet,73721.7326,0.0,0,0.0
uni_609131477,Lalabazar,Dakkhin Surma,Sylhet,Sylhet,28242.80291,0.0,0,0.0
uni_609131511,Moglabazar,Dakkhin Surma,Sylhet,Sylhet,39626.54318,0.0,0,0.0
uni_609131520,Mollargaon,Dakkhin Surma,Sylhet,Sylhet,19840.1787,0.0,0,0.0
uni_609162340,Hatkhola,Sylhet Sadar,Sylhet,Sylhet,41362.8617,0.0,0,0.0
uni_609160775,Umarpur,Osmaninagar,Sylhet,Sylhet,29265.95973,0.0,0,0.0
uni_609160741,Tajpur,Osmaninagar,Sylhet,Sylhet,25638.25169,0.0,0,0.0
uni_609160707,Sadipur,Osmaninagar,Sylhet,Sylhet,58593.51835,0.0,0,0.0
uni_609160607,Pashchim Pailanpur,Osmaninagar,Sylhet,Sylhet,24111.81542,0.0,0,0.0
uni_609160309,Goala Bazar,Osmaninagar,Sylhet,Sylhet,23481.7664,0.0,0,0.0
uni_609160209,Dayamir,Osmaninagar,Sylhet,Sylhet,34777.19442,0.0,0,0.0
uni_609160142,Burunga Bazar,Osmaninagar,Sylhet,Sylhet,21801.55831,0.0,0,0.0
uni_609159711,Satbank,Kanaighat,Sylhet,Sylhet,12886.78699,0.0,0,0.0
uni_609159677,Rajaganj,Kanaighat,Sylhet,Sylhet,44892.82325,0.0,0,0.0
uni_609159626,Purba Lakkhiprasad,Kanaighat,Sylhet,Sylhet,53054.15503,0.0,0,0.0
uni_609159617,Purba Dighirpar,Kanaighat,Sylhet,Sylhet,28911.92039,0.0,0,0.0
uni_609159608,Pashchim Lakkhiprasad,Kanaighat,Sylhet,Sylhet,34497.61543,0.0,0,0.0
uni_609159442,Kanaighat,Kanaighat,Sylhet,Sylhet,18525.424610000002,0.0,0,0.0
uni_609159408,Jhingabari,Kanaighat,Sylhet,Sylhet,52923.40859,0.0,0,0.0
uni_609159209,Dakkhin Banigram,Kanaighat,Sylhet,Sylhet,38877.7069,0.0,0,0.0
uni_609160784,Usmanpur,Osmaninagar,Sylhet,Sylhet,27594.37801,0.0,0,0.0
uni_609162407,Jalalabad,Sylhet Sadar,Sylhet,Sylhet,32694.62443,0.0,0,0.0
uni_609159037,Kanaighat Pourasabha (Municipality),Kanaighat,Sylhet,Sylhet,28183.41856,0.0,0,0.0
uni_609162442,Kandigaon,Sylhet Sadar,Sylhet,Sylhet,54114.95571,0.0,0,0.0
uni_609194710,Sultanpur,Zakiganj,Sylhet,Sylhet,26909.26049,0.0,0,0.0
uni_609194511,Manikpur,Zakiganj,Sylhet,Sylhet,37204.36522,0.0,0,0.0
uni_609194460,Khalachhara,Zakiganj,Sylhet,Sylhet,23444.07699,0.0,0,0.0
uni_609194451,Kaskanakpur,Zakiganj,Sylhet,Sylhet,23393.6292,0.0,0,0.0
uni_609194442,Kajalsar,Zakiganj,Sylhet,Sylhet,36545.85099,0.0,0,0.0
uni_609194160,Birasree,Zakiganj,Sylhet,Sylhet,18889.96486,0.0,0,0.0
uni_609194151,Barathakuri,Zakiganj,Sylhet,Sylhet,18336.16934,0.0,0,0.0
uni_609194142,Barahal,Zakiganj,Sylhet,Sylhet,39201.74907,0.0,0,0.0
uni_609194075,Zakiganj Pourasabha (Municipality),Zakiganj,Sylhet,Sylhet,11735.950209999999,0.0,0,0.0
uni_609162998,Cantonment,Sylhet Sadar,Sylhet,Sylhet,11740.5484,0.0,0,0.0
uni_609162752,Tultikar,Sylhet Sadar,Sylhet,Sylhet,32606.5479,0.0,0,0.0
uni_609162743,Tuker Bazar,Sylhet Sadar,Sylhet,Sylhet,114946.18898,0.0,0,0.0
uni_609162511,Mogalgaon,Sylhet Sadar,Sylhet,Sylhet,40385.27737,0.0,0,0.0
uni_609162460,Khadimpara,Sylhet Sadar,Sylhet,Sylhet,98414.66581,0.0,0,0.0
uni_609162451,Khadimnagar,Sylhet Sadar,Sylhet,Sylhet,145699.61777,0.0,0,0.0
uni_609159142,Bara Chatul,Kanaighat,Sylhet,Sylhet,28402.17569,0.0,0,0.0
uni_609153543,Nijpat,Jaintapur,Sylhet,Sylhet,40631.582519999996,0.0,0,0.0
uni_609131711,Silam,Dakkhin Surma,Sylhet,Sylhet,43111.75579,0.0,0,0.0
uni_609138712,Sharifganj,Golapganj,Sylhet,Sylhet,19114.94434,0.0,0,0.0
uni_609138487,Lakkhipasha,Golapganj,Sylhet,Sylhet,23112.97249,0.0,0,0.0
uni_609138478,Lakkhanaband,Golapganj,Sylhet,Sylhet,34652.54335,0.0,0,0.0
uni_609138312,Golapganj,Golapganj,Sylhet,Sylhet,24607.30634,0.0,0,0.0
uni_609138278,Fulbari,Golapganj,Sylhet,Sylhet,39792.66326,0.0,0,0.0
uni_609138211,Dhaka Dakkhin,Golapganj,Sylhet,Sylhet,36630.09267,0.0,0,0.0
uni_609138160,Budhbari Bazar,Golapganj,Sylhet,Sylhet,15110.05036,0.0,0,0.0
uni_609138151,Bhadeshwar,Golapganj,Sylhet,Sylhet,38769.34965,0.0,0,0.0
uni_609138142,Bagha,Golapganj,Sylhet,Sylhet,61920.98378,0.0,0,0.0
uni_609138025,Golapganj Pourasabha (Municipality),Golapganj,Sylhet,Sylhet,62367.188,0.0,0,0.0
uni_609135781,Uttar Kushiara,Fenchuganj,Sylhet,Sylhet,22601.81089,0.0,0,0.0
uni_609135772,Uttar Fenchuganj,Fenchuganj,Sylhet,Sylhet,25887.7462,0.0,0,0.0
uni_609135507,Maijgaon,Fenchuganj,Sylhet,Sylhet,40332.6329,0.0,0,0.0
uni_609135308,Ghilachhara,Fenchuganj,Sylhet,Sylhet,54879.58905,0.0,0,0.0
uni_609135274,Fenchuganj,Fenchuganj,Sylhet,Sylhet,10055.3901,0.0,0,0.0
uni_609131745,Tetli,Dakkhin Surma,Sylhet,Sylhet,30042.1813,0.0,0,0.0
uni_609138612,Paschim Amura,Golapganj,Sylhet,Sylhet,25237.19498,0.0,0,0.0
uni_609138779,Uttar Badepasha,Golapganj,Sylhet,Sylhet,19884.50487,0.0,0,0.0
uni_609153410,Jaintapur,Jaintapur,Sylhet,Sylhet,53217.62223,0.0,0,0.0
uni_609141209,Doubari,Gowainghat,Sylhet,Sylhet,26757.34803,0.0,0,0.0
uni_609153277,Fatepur,Jaintapur,Sylhet,Sylhet,20907.16483,0.0,0,0.0
uni_609153210,Darbast,Jaintapur,Sylhet,Sylhet,73444.39624,0.0,0,0.0
uni_609153184,Chiknagul,Jaintapur,Sylhet,Sylhet,25327.07286,0.0,0,0.0
uni_609153175,Charikata,Jaintapur,Sylhet,Sylhet,36628.72425,0.0,0,0.0
uni_609141744,Towakul,Gowainghat,Sylhet,Sylhet,26650.36567,0.0,0,0.0
uni_609141677,Rustampur,Gowainghat,Sylhet,Sylhet,39824.41304,0.0,0,0.0
uni_609141645,Purba Alirgaon,Gowainghat,Sylhet,Sylhet,29237.16505,0.0,0,0.0
uni_609141618,Purba Jaflong,Gowainghat,Sylhet,Sylhet,35059.86199,0.0,0,0.0
uni_609141612,Pashchim Alirgaon,Gowainghat,Sylhet,Sylhet,25262.90014,0.0,0,0.0
uni_609141609,Pashchim Jaflong,Gowainghat,Sylhet,Sylhet,18841.33893,0.0,0,0.0
uni_609141542,Nandirgaon,Gowainghat,Sylhet,Sylhet,34438.53987,0.0,0,0.0
uni_609141511,Maddho Jaflong,Gowainghat,Sylhet,Sylhet,19493.83224,0.0,0,0.0
uni_609141475,Lengura,Gowainghat,Sylhet,Sylhet,22019.57437,0.0,0,0.0
uni_609141315,Gowainghat Sadar,Gowainghat,Sylhet,Sylhet,20508.48064,0.0,0,0.0
uni_609141276,Fatepur,Gowainghat,Sylhet,Sylhet,24910.734950000002,0.0,0,0.0
uni_609050275,Fenarbank,Jamalganj,Sunamganj,Sylhet,50061.686254,0.0,0,0.0
uni_609050142,Beheli,Jamalganj,Sunamganj,Sylhet,31992.40856,0.0,0,0.0
uni_609047710,Syedpur Shaharpara,Jagannathpur,Sunamganj,Sylhet,23158.63232,0.0,0,0.0
uni_605865151,Bhatera,Kulaura,Moulvibazar,Sylhet,22737.20299,0.0,0,0.0
uni_605865025,Kulaura Pourasabha (Municipality),Kulaura,Moulvibazar,Sylhet,27450.392,0.0,0,0.0
uni_605856711,Shamsernagar,Kamalganj,Moulvibazar,Sylhet,22022.84057,0.0,0,0.0
uni_605856677,Rahimpur,Kamalganj,Moulvibazar,Sylhet,31310.18513,0.0,0,0.0
uni_605856610,Patanushar,Kamalganj,Moulvibazar,Sylhet,23630.37656,0.0,0,0.0
uni_605856518,Munsi Bazar,Kamalganj,Moulvibazar,Sylhet,12980.6268,0.0,0,0.0
uni_605856509,Madhabpur,Kamalganj,Moulvibazar,Sylhet,31923.03347,0.0,0,0.0
uni_605856442,Kamalganj,Kamalganj,Moulvibazar,Sylhet,23488.67968,0.0,0,0.0
uni_605856375,Islampur,Kamalganj,Moulvibazar,Sylhet,29265.180966,0.0,0,0.0
uni_605856118,Alinagar,Kamalganj,Moulvibazar,Sylhet,26149.41291,0.0,0,0.0
uni_605856109,Adampur,Kamalganj,Moulvibazar,Sylhet,24079.81225,0.0,0,0.0
uni_605856015,Kamalganj Pourasabha (Municipality),Kamalganj,Moulvibazar,Sylhet,10864.73487,0.0,0,0.0
uni_605835708,Sagarnal,Juri,Moulvibazar,Sylhet,11382.63846,0.0,0,0.0
uni_605835616,Purba Juri,Juri,Moulvibazar,Sylhet,21493.435964,0.0,0,0.0
uni_605835607,Pashchim Juri,Juri,Moulvibazar,Sylhet,11693.11205,0.0,0,0.0
uni_605835408,Jayfarnagar,Juri,Moulvibazar,Sylhet,33795.269828,0.0,0,0.0
uni_605865142,Baramchal,Kulaura,Moulvibazar,Sylhet,18838.08908,0.0,0,0.0
uni_605865160,Bhukshimail,Kulaura,Moulvibazar,Sylhet,32423.549448,0.0,0,0.0
uni_605835274,Fultala,Juri,Moulvibazar,Sylhet,14398.2642,0.0,0,0.0
uni_605865169,Brahman Bazar,Kulaura,Moulvibazar,Sylhet,31897.69981,0.0,0,0.0
uni_605874311,Giasnagar,Moulvibazar Sadar,Moulvibazar,Sylhet,41721.88241,0.0,0,0.0
uni_605874244,Ekatuna,Moulvibazar Sadar,Moulvibazar,Sylhet,28600.76866,0.0,0,0.0
uni_605874177,Chandnighat,Moulvibazar Sadar,Moulvibazar,Sylhet,28134.69133,0.0,0,0.0
uni_605874118,Amtail,Moulvibazar Sadar,Moulvibazar,Sylhet,31618.864999999998,0.0,0,0.0
uni_605874109,Akhailkura,Moulvibazar Sadar,Moulvibazar,Sylhet,28456.31883,0.0,0,0.0
uni_605874050,Moulvibazar Pourasabha (Municipality),Moulvibazar Sadar,Moulvibazar,Sylhet,43539.7635,0.0,0,0.0
uni_605865748,Tilagaon,Kulaura,Moulvibazar,Sylhet,36176.29737,0.0,0,0.0
uni_605865714,Sharifpur,Kulaura,Moulvibazar,Sylhet,25262.82033,0.0,0,0.0
uni_605865680,Rautgaon,Kulaura,Moulvibazar,Sylhet,16399.376,0.0,0,0.0
uni_605865613,Pritwimpasha,Kulaura,Moulvibazar,Sylhet,24546.02747,0.0,0,0.0
uni_605865463,Kulaura,Kulaura,Moulvibazar,Sylhet,24041.946703,0.0,0,0.0
uni_605865454,Karmadha,Kulaura,Moulvibazar,Sylhet,44006.042704,0.0,0,0.0
uni_605865445,Kadipur,Kulaura,Moulvibazar,Sylhet,29518.53296,0.0,0,0.0
uni_605865411,Joychandi,Kulaura,Moulvibazar,Sylhet,30842.54944,0.0,0,0.0
uni_605865344,Hajipur,Kulaura,Moulvibazar,Sylhet,23123.44491,0.0,0,0.0
uni_605835308,Goalbari,Juri,Moulvibazar,Sylhet,25885.64263,0.0,0,0.0
uni_605814778,Uttar Shahbajpur,Baralekha,Moulvibazar,Sylhet,48459.38817,0.0,0,0.0
uni_605874453,Kanakpur,Moulvibazar Sadar,Moulvibazar,Sylhet,26002.11198,0.0,0,0.0
uni_603677463,Kurshi,Nabiganj,Habiganj,Sylhet,28947.63529,0.0,0,0.0
uni_603677445,Kaliar Bhanga,Nabiganj,Habiganj,Sylhet,24207.56736,0.0,0,0.0
uni_603677378,Inatganj,Nabiganj,Habiganj,Sylhet,27460.09984,0.0,0,0.0
uni_603677311,Gaznaipur,Nabiganj,Habiganj,Sylhet,29600.00846,0.0,0,0.0
uni_603677219,Dighalbak,Nabiganj,Habiganj,Sylhet,43608.83659,0.0,0,0.0
uni_603677210,Debpara,Nabiganj,Habiganj,Sylhet,29674.51069,0.0,0,0.0
uni_603677143,Bausa,Nabiganj,Habiganj,Sylhet,28617.15166,0.0,0,0.0
uni_603677109,Aushkandi,Nabiganj,Habiganj,Sylhet,40761.50772,0.0,0,0.0
uni_603677060,Nabiganj Pourasabha (Municipality),Nabiganj,Habiganj,Sylhet,18620.86226,0.0,0,0.0
uni_603671713,Shahjahanpur,Madhabpur,Habiganj,Sylhet,40120.67886,0.0,0,0.0
uni_603671547,Noapara,Madhabpur,Habiganj,Sylhet,54037.70106,0.0,0,0.0
uni_603671414,Jagadishpur,Madhabpur,Habiganj,Sylhet,38361.377609999996,0.0,0,0.0
uni_603671215,Dharmaghar,Madhabpur,Habiganj,Sylhet,21518.37307,0.0,0,0.0
uni_603671189,Choumuhani,Madhabpur,Habiganj,Sylhet,30655.71793,0.0,0,0.0
uni_603671180,Chhatiain,Madhabpur,Habiganj,Sylhet,25286.68434,0.0,0,0.0
uni_603671162,Bulla,Madhabpur,Habiganj,Sylhet,27571.99715,0.0,0,0.0
uni_603677454,Kargaon,Nabiganj,Habiganj,Sylhet,37631.10317,0.0,0,0.0
uni_603677547,Nabiganj,Nabiganj,Habiganj,Sylhet,10653.681690000001,0.0,0,0.0
uni_605814744,Talimpur,Baralekha,Moulvibazar,Sylhet,53878.422829,0.0,0,0.0
uni_603677614,Paniumda,Nabiganj,Habiganj,Sylhet,33313.46492,0.0,0,0.0
uni_605814710,Sujanagar,Baralekha,Moulvibazar,Sylhet,15147.190188,0.0,0,0.0
uni_605814544,Nij Bahadurpur,Baralekha,Moulvibazar,Sylhet,35371.60321,0.0,0,0.0
uni_605814237,Daser Bazar,Baralekha,Moulvibazar,Sylhet,26640.21345,0.0,0,0.0
uni_605814228,Dakkhinbhag (Uttar),Baralekha,Moulvibazar,Sylhet,24519.91034,0.0,0,0.0
uni_605814219,Dakkhinbhag (Dakkhin),Baralekha,Moulvibazar,Sylhet,18378.368438,0.0,0,0.0
uni_605814210,Dakkhin Shahbajpur,Baralekha,Moulvibazar,Sylhet,47380.9944,0.0,0,0.0
uni_605814151,Barni,Baralekha,Moulvibazar,Sylhet,18002.80245,0.0,0,0.0
uni_605814142,Baralekha,Baralekha,Moulvibazar,Sylhet,29699.71512,0.0,0,0.0
uni_605814013,Baralekha Pourasabha (Municipality),Baralekha,Moulvibazar,Sylhet,17259.89554,0.0,0,0.0
uni_603687711,Shayestaganj,Shayestaganj,Habiganj,Sylhet,14791.98479,0.0,0,0.0
uni_603687550,Nurpur,Shayestaganj,Habiganj,Sylhet,20290.5689,0.0,0,0.0
uni_603687187,Brahmandora,Shayestaganj,Habiganj,Sylhet,22467.78394,0.0,0,0.0
uni_603687080,Shayestaganj Pourasabha (Municipality),Shayestaganj,Habiganj,Sylhet,31051.4332,0.0,0,0.0
uni_603677632,Purba Barabhakair,Nabiganj,Habiganj,Sylhet,13277.12193,0.0,0,0.0
uni_603677623,Pashchim Barabhakair,Nabiganj,Habiganj,Sylhet,15702.74523,0.0,0,0.0
uni_605874444,Kamalpur,Moulvibazar Sadar,Moulvibazar,Sylhet,15946.52921,0.0,0,0.0
uni_605874462,Khalilpur,Moulvibazar Sadar,Moulvibazar,Sylhet,38270.05379,0.0,0,0.0
uni_609047676,Raniganj,Jagannathpur,Sunamganj,Sylhet,37450.33906,0.0,0,0.0
uni_609032710,Selbarash,Dharmapasha,Sunamganj,Sylhet,26077.52157,0.0,0,0.0
uni_609032609,Paikurati,Dharmapasha,Sunamganj,Sylhet,35039.85051,0.0,0,0.0
uni_609032409,Joysree,Dharmapasha,Sunamganj,Sylhet,27491.59549,0.0,0,0.0
uni_609032218,Dharmapasha,Dharmapasha,Sunamganj,Sylhet,28267.39351,0.0,0,0.0
uni_609029744,Taral,Derai,Sunamganj,Sylhet,26216.44546,0.0,0,0.0
uni_609029685,Rajanagar,Derai,Sunamganj,Sylhet,33561.32323,0.0,0,0.0
uni_609029676,Rafinagar,Derai,Sunamganj,Sylhet,23968.65893,0.0,0,0.0
uni_609029452,Kulanj,Derai,Sunamganj,Sylhet,33406.72119,0.0,0,0.0
uni_609029443,Karimpur,Derai,Sunamganj,Sylhet,38467.3507,0.0,0,0.0
uni_609029409,Jagadal,Derai,Sunamganj,Sylhet,34453.291785,0.0,0,0.0
uni_609029210,Derai Sarmangal,Derai,Sunamganj,Sylhet,16837.74926,0.0,0,0.0
uni_609029176,Charnarchar,Derai,Sunamganj,Sylhet,26305.02534,0.0,0,0.0
uni_609029142,Bhatipara,Derai,Sunamganj,Sylhet,21739.96982,0.0,0,0.0
uni_609029040,Derai Pourasabha (Municipality),Derai,Sunamganj,Sylhet,28165.70126,0.0,0,0.0
uni_609023781,Uttar Khurma,Chhatak,Sunamganj,Sylhet,23343.00049,0.0,0,0.0
uni_609023714,Singchapair,Chhatak,Sunamganj,Sylhet,27657.92614,0.0,0,0.0
uni_609032676,Rajapur,Dharmapasha,Sunamganj,Sylhet,24691.59978,0.0,0,0.0
uni_609032719,Sukhair,Dharmapasha,Sunamganj,Sylhet,13799.560435,0.0,0,0.0
uni_609023448,Kalaruka,Chhatak,Sunamganj,Sylhet,44617.39145,0.0,0,0.0
uni_609033142,Banglabazar,Dowarabazar,Sunamganj,Sylhet,28264.67759,0.0,0,0.0
uni_609047617,Patli,Jagannathpur,Sunamganj,Sylhet,28661.32671,0.0,0,0.0
uni_609047608,Pailgaon,Jagannathpur,Sunamganj,Sylhet,37848.49289,0.0,0,0.0
uni_609047508,Mirpur,Jagannathpur,Sunamganj,Sylhet,28038.44159,0.0,0,0.0
uni_609047441,Kalkalia,Jagannathpur,Sunamganj,Sylhet,36198.04085,0.0,0,0.0
uni_609047176,Chilaura Haldipur,Jagannathpur,Sunamganj,Sylhet,37738.68588,0.0,0,0.0
uni_609047109,Asharkandi,Jagannathpur,Sunamganj,Sylhet,45118.91085,0.0,0,0.0
uni_609047050,Jagannathpur Pourasabha (Municipality),Jagannathpur,Sunamganj,Sylhet,32129.54873,0.0,0,0.0
uni_609033711,Surma,Dowarabazar,Sunamganj,Sylhet,17525.49294,0.0,0,0.0
uni_609033611,Pandargaon,Dowarabazar,Sunamganj,Sylhet,23245.1004,0.0,0,0.0
uni_609033544,Narsingpur,Dowarabazar,Sunamganj,Sylhet,35362.24092,0.0,0,0.0
uni_609033510,Mannargaon,Dowarabazar,Sunamganj,Sylhet,28154.0615,0.0,0,0.0
uni_609033476,Lakkhipur,Dowarabazar,Sunamganj,Sylhet,22535.96121,0.0,0,0.0
uni_609033219,Dowarabazar,Dowarabazar,Sunamganj,Sylhet,19833.43106,0.0,0,0.0
uni_609033210,Dohalia,Dowarabazar,Sunamganj,Sylhet,25311.86435,0.0,0,0.0
uni_609033151,Bogla Bazar,Dowarabazar,Sunamganj,Sylhet,15253.1824,0.0,0,0.0
uni_609023548,Noarai,Chhatak,Sunamganj,Sylhet,58345.90317,0.0,0,0.0
uni_609023414,Jaua Bazar,Chhatak,Sunamganj,Sylhet,40106.82628,0.0,0,0.0
uni_605874513,Manumukh,Moulvibazar Sadar,Moulvibazar,Sylhet,22887.0982,0.0,0,0.0
uni_605883509,Mirzapur,Sreemangal,Moulvibazar,Sylhet,34373.291198,0.0,0,0.0
uni_605883441,Kalapur,Sreemangal,Moulvibazar,Sylhet,53529.342343000004,0.0,0,0.0
uni_605883143,Bhunabir,Sreemangal,Moulvibazar,Sylhet,33543.77224,0.0,0,0.0
uni_605883109,Ashidron,Sreemangal,Moulvibazar,Sylhet,37085.86666,0.0,0,0.0
uni_605883075,Sreemangal Pourasabha (Municipality),Sreemangal,Moulvibazar,Sylhet,14734.158599999999,0.0,0,0.0
uni_605880776,Uttarbhag,Rajnagar,Moulvibazar,Sylhet,69301.06325,0.0,0,0.0
uni_605880742,Tengra,Rajnagar,Moulvibazar,Sylhet,40266.01468,0.0,0,0.0
uni_605880675,Rajnagar,Rajnagar,Moulvibazar,Sylhet,23460.43075,0.0,0,0.0
uni_605880608,Panchgaon,Rajnagar,Moulvibazar,Sylhet,21239.3291,0.0,0,0.0
uni_605880516,Munsi Bazar,Rajnagar,Moulvibazar,Sylhet,36092.00888,0.0,0,0.0
uni_605880507,Mansurnagar,Rajnagar,Moulvibazar,Sylhet,20629.18738,0.0,0,0.0
uni_605880440,Kamarchak,Rajnagar,Moulvibazar,Sylhet,28986.93931,0.0,0,0.0
uni_605880274,Fatepur,Rajnagar,Moulvibazar,Sylhet,45130.911642,0.0,0,0.0
uni_605874780,Upper Kagabala,Moulvibazar Sadar,Moulvibazar,Sylhet,30129.25529,0.0,0,0.0
uni_605874548,Nazirabad,Moulvibazar Sadar,Moulvibazar,Sylhet,34646.8595,0.0,0,0.0
uni_605874522,Mostafapur,Moulvibazar Sadar,Moulvibazar,Sylhet,39252.43568,0.0,0,0.0
uni_605883450,Kalighat,Sreemangal,Moulvibazar,Sylhet,54445.7006,0.0,0,0.0
uni_605883675,Rajghat,Sreemangal,Moulvibazar,Sylhet,45244.72377,0.0,0,0.0
uni_609023380,Islampur,Chhatak,Sunamganj,Sylhet,33486.71855,0.0,0,0.0
uni_605883709,Satgaon,Sreemangal,Moulvibazar,Sylhet,19489.48612,0.0,0,0.0
uni_609023313,Gobindganj Saidergaon,Chhatak,Sunamganj,Sylhet,20360.77926,0.0,0,0.0
uni_609023221,Dolar Bazar,Chhatak,Sunamganj,Sylhet,34321.53863,0.0,0,0.0
uni_609023212,Dakkhin Khurma,Chhatak,Sunamganj,Sylhet,32149.36222,0.0,0,0.0
uni_609023194,Chhatak,Chhatak,Sunamganj,Sylhet,13463.37532,0.0,0,0.0
uni_609023185,Chhaila Afzalabad,Chhatak,Sunamganj,Sylhet,35042.77123,0.0,0,0.0
uni_609023176,Char Mahalla,Chhatak,Sunamganj,Sylhet,25315.03891,0.0,0,0.0
uni_609023142,Bhatgaon,Chhatak,Sunamganj,Sylhet,37943.50553,0.0,0,0.0
uni_609023020,Chhatak Pourasabha (Municipality),Chhatak,Sunamganj,Sylhet,55876.9807,0.0,0,0.0
uni_609018707,Salukabad,Bishwambharpur,Sunamganj,Sylhet,53273.01887,0.0,0,0.0
uni_609018607,Palash,Bishwambharpur,Sunamganj,Sylhet,26034.6329,0.0,0,0.0
uni_609018276,Fatehpur,Bishwambharpur,Sunamganj,Sylhet,33745.77631,0.0,0,0.0
uni_609018217,Dhanpur,Bishwambharpur,Sunamganj,Sylhet,41511.98219,0.0,0,0.0
uni_609018208,Dakkhin Badaghat,Bishwambharpur,Sunamganj,Sylhet,25601.06048,0.0,0,0.0
uni_605883727,Sreemangal,Sreemangal,Moulvibazar,Sylhet,51431.051106,0.0,0,0.0
uni_605883718,Sindurkhan,Sreemangal,Moulvibazar,Sylhet,34363.90388,0.0,0,0.0
uni_555270210,Dahagram,Patgram,Lalmonirhat,Rangpur,8763.92671,0.0,0,0.0
uni_555270151,Burimari,Patgram,Lalmonirhat,Rangpur,24890.27999,0.0,0,0.0
uni_555270142,Baura,Patgram,Lalmonirhat,Rangpur,32349.55939,0.0,0,0.0
uni_508172611,Parila,Paba,Rajshahi,Rajshahi,52156.54302,0.0,0,0.0
uni_508182708,Shilmaria,Puthia,Rajshahi,Rajshahi,37998.05339,0.0,0,0.0
uni_508182608,Puthia,Puthia,Rajshahi,Rajshahi,15800.96973,0.0,0,0.0
uni_508182409,Jiupara,Puthia,Rajshahi,Rajshahi,26111.89921,0.0,0,0.0
uni_508182160,Bhalukgachhi,Puthia,Rajshahi,Rajshahi,26320.12202,0.0,0,0.0
uni_508182151,Belpukuria,Puthia,Rajshahi,Rajshahi,65195.00602,0.0,0,0.0
uni_508182142,Baneshwar,Puthia,Rajshahi,Rajshahi,34744.13449,0.0,0,0.0
uni_508182080,Puthia Pourasabha (Municipality),Puthia,Rajshahi,Rajshahi,26442.79256,0.0,0,0.0
uni_508172370,Hujuripara,Paba,Rajshahi,Rajshahi,31064.678659999998,0.0,0,0.0
uni_508894781,Udhunia,Ullapara,Sirajganj,Rajshahi,39470.6025,0.0,0,0.0
uni_508172361,Haripur,Paba,Rajshahi,Rajshahi,38487.162485,0.0,0,0.0
uni_508172352,Harian,Paba,Rajshahi,Rajshahi,31766.351528699997,0.0,0,0.0
uni_508172343,Haragram,Paba,Rajshahi,Rajshahi,31497.03539,0.0,0,0.0
uni_508172218,Darshanpara,Paba,Rajshahi,Rajshahi,14018.75106,0.0,0,0.0
uni_508172209,Damkura,Paba,Rajshahi,Rajshahi,24335.532619999998,0.0,0,0.0
uni_508172142,Baragachhi,Paba,Rajshahi,Rajshahi,43156.10685,0.0,0,0.0
uni_508172075,Naohata Pourasabha (Municipality),Paba,Rajshahi,Rajshahi,83926.5618,0.0,0,0.0
uni_508194070,Mundumala Pourasabha (Municipality),Tanore,Rajshahi,Rajshahi,25445.88853,0.0,0,0.0
uni_508194083,Tanore Pourasabha (Municipality),Tanore,Rajshahi,Rajshahi,21705.11098,0.0,0,0.0
uni_508194142,Badhair,Tanore,Rajshahi,Rajshahi,28045.66666,0.0,0,0.0
uni_508194176,Chanduria,Tanore,Rajshahi,Rajshahi,17266.92931,0.0,0,0.0
uni_508827441,Khas Kaulia,Chouhali,Sirajganj,Rajshahi,22539.908786,0.0,0,0.0
uni_508827308,Ghorjan,Chouhali,Sirajganj,Rajshahi,23573.499684,0.0,0,0.0
uni_508827142,Baghutia,Chouhali,Sirajganj,Rajshahi,21677.3437,0.0,0,0.0
uni_508811675,Rajapur,Belkuchi,Sirajganj,Rajshahi,63270.9715,0.0,0,0.0
uni_508811220,Dhukaria Bera,Belkuchi,Sirajganj,Rajshahi,57184.5126,0.0,0,0.0
uni_508811211,Daulatpur,Belkuchi,Sirajganj,Rajshahi,71531.09534,0.0,0,0.0
uni_508811160,Bhangabari,Belkuchi,Sirajganj,Rajshahi,84234.99279999999,0.0,0,0.0
uni_508811151,Belkuchi,Belkuchi,Sirajganj,Rajshahi,23879.64812,0.0,0,0.0
uni_508811142,Baradhul,Belkuchi,Sirajganj,Rajshahi,26516.40876,0.0,0,0.0
uni_508811016,Belkuchi Pourasabha (Municipality),Belkuchi,Sirajganj,Rajshahi,76750.77679999999,0.0,0,0.0
uni_508194742,Talanda,Tanore,Rajshahi,Rajshahi,16031.12813,0.0,0,0.0
uni_508194708,Saranjai,Tanore,Rajshahi,Rajshahi,14236.28109,0.0,0,0.0
uni_508194608,Pachandar,Tanore,Rajshahi,Rajshahi,30726.10929,0.0,0,0.0
uni_508194450,Kamargaon,Tanore,Rajshahi,Rajshahi,23183.547606,0.0,0,0.0
uni_508194441,Kalma,Tanore,Rajshahi,Rajshahi,31843.1415,0.0,0,0.0
uni_508172060,Katakhali Pourasabha (Municipality),Paba,Rajshahi,Rajshahi,32728.37184,0.0,0,0.0
uni_508153675,Rayghati,Mohanpur,Rajshahi,Rajshahi,9435.37658,0.0,0,0.0
uni_508153509,Mougachhi,Mohanpur,Rajshahi,Rajshahi,42194.41051,0.0,0,0.0
uni_508131509,Maria,Durgapur,Rajshahi,Rajshahi,20414.50122,0.0,0,0.0
uni_508131416,Joynagar,Durgapur,Rajshahi,Rajshahi,31494.3699,0.0,0,0.0
uni_508131407,Jhaluka,Durgapur,Rajshahi,Rajshahi,30670.74556,0.0,0,0.0
uni_508131208,Deluabari,Durgapur,Rajshahi,Rajshahi,26169.516346,0.0,0,0.0
uni_508131043,Durgapur Pourasabha (Municipality),Durgapur,Rajshahi,Rajshahi,27207.79893,0.0,0,0.0
uni_508125906,Yusufpur,Charghat,Rajshahi,Rajshahi,36195.65895,0.0,0,0.0
uni_508125715,Shalua,Charghat,Rajshahi,Rajshahi,43895.5545,0.0,0,0.0
uni_508125706,Sardah,Charghat,Rajshahi,Rajshahi,17770.48328,0.0,0,0.0
uni_508125540,Nimpara,Charghat,Rajshahi,Rajshahi,36397.13969,0.0,0,0.0
uni_508125176,Charghat,Charghat,Rajshahi,Rajshahi,28269.76217,0.0,0,0.0
uni_508125142,Bhaya Lakkhipur,Charghat,Rajshahi,Rajshahi,34686.17233,0.0,0,0.0
uni_508125033,Charghat Pourasabha (Municipality),Charghat,Rajshahi,Rajshahi,38341.98771,0.0,0,0.0
uni_508112734,Subhadanga,Bagmara,Rajshahi,Rajshahi,27717.928640000002,0.0,0,0.0
uni_508112725,Sreepur,Bagmara,Rajshahi,Rajshahi,12825.95996,0.0,0,0.0
uni_508112716,Sonadanga,Bagmara,Rajshahi,Rajshahi,7628.44496,0.0,0,0.0
uni_508112550,Nardash,Bagmara,Rajshahi,Rajshahi,19783.51317,0.0,0,0.0
uni_508131442,Kishmat Gankair,Durgapur,Rajshahi,Rajshahi,27969.59087,0.0,0,0.0
uni_508131543,Naopara,Durgapur,Rajshahi,Rajshahi,31233.28958,0.0,0,0.0
uni_508153409,Jahanabad,Mohanpur,Rajshahi,Rajshahi,27230.47252,0.0,0,0.0
uni_508131610,Pananagar,Durgapur,Rajshahi,Rajshahi,19844.0012,0.0,0,0.0
uni_508153309,Ghasigram,Mohanpur,Rajshahi,Rajshahi,17969.135195,0.0,0,0.0
uni_508153209,Dhurail,Mohanpur,Rajshahi,Rajshahi,37182.59781,0.0,0,0.0
uni_508153142,Bakshimail,Mohanpur,Rajshahi,Rajshahi,30193.42898,0.0,0,0.0
uni_508153065,Kesharhat Pourasabha (Municipality),Mohanpur,Rajshahi,Rajshahi,18354.45967,0.0,0,0.0
uni_508134678,Rishikul,Godagari,Rajshahi,Rajshahi,29920.15279,0.0,0,0.0
uni_508134611,Pakri,Godagari,Rajshahi,Rajshahi,29835.57987,0.0,0,0.0
uni_508134519,Mohanpur,Godagari,Rajshahi,Rajshahi,67626.76297,0.0,0,0.0
uni_508134510,Matikata,Godagari,Rajshahi,Rajshahi,33542.69071,0.0,0,0.0
uni_508134319,Gogram,Godagari,Rajshahi,Rajshahi,41962.06319,0.0,0,0.0
uni_508134310,Godagari,Godagari,Rajshahi,Rajshahi,38580.89074,0.0,0,0.0
uni_508134210,Deopara,Godagari,Rajshahi,Rajshahi,44874.72726,0.0,0,0.0
uni_508134176,Char Ashariadaha,Godagari,Rajshahi,Rajshahi,24130.914696,0.0,0,0.0
uni_508134142,Basudebpur,Godagari,Rajshahi,Rajshahi,22945.4196,0.0,0,0.0
uni_508134055,Kakanhat Pourasabha (Municipality),Godagari,Rajshahi,Rajshahi,16453.3731,0.0,0,0.0
uni_508134050,Godagari Pourasabha (Municipality),Godagari,Rajshahi,Rajshahi,34400.16549,0.0,0,0.0
uni_508827450,Khas Pukhuria,Chouhali,Sirajganj,Rajshahi,19754.73386,0.0,0,0.0
uni_508827707,Sadia Chandpur,Chouhali,Sirajganj,Rajshahi,44282.7891645,0.0,0,0.0
uni_508827716,Sthal,Chouhali,Sirajganj,Rajshahi,31654.311988,0.0,0,0.0
uni_508889507,Madhainagar,Tarash,Sirajganj,Rajshahi,30762.77064,0.0,0,0.0
uni_508889142,Baruhas,Tarash,Sirajganj,Rajshahi,37275.41372,0.0,0,0.0
uni_508878720,Shialkol,Sirajganj Sadar,Sirajganj,Rajshahi,52125.6957,0.0,0,0.0
uni_508878711,Saidabad,Sirajganj Sadar,Sirajganj,Rajshahi,96534.496504,0.0,0,0.0
uni_508878677,Ratankandi,Sirajganj Sadar,Sirajganj,Rajshahi,42684.55331,0.0,0,0.0
uni_508878511,Mechhra,Sirajganj Sadar,Sirajganj,Rajshahi,36398.800022999996,0.0,0,0.0
uni_508878460,Khoksabari,Sirajganj Sadar,Sirajganj,Rajshahi,37374.753998,0.0,0,0.0
uni_508878451,Kaoakola,Sirajganj Sadar,Sirajganj,Rajshahi,15293.183316999999,0.0,0,0.0
uni_508878442,Kalia Haripur,Sirajganj Sadar,Sirajganj,Rajshahi,62912.287246,0.0,0,0.0
uni_508878177,Chhongachha,Sirajganj Sadar,Sirajganj,Rajshahi,34101.881496,0.0,0,0.0
uni_508878151,Bahuli,Sirajganj Sadar,Sirajganj,Rajshahi,40788.2383,0.0,0,0.0
uni_508878142,Bagbati,Sirajganj Sadar,Sirajganj,Rajshahi,39742.9176,0.0,0,0.0
uni_508878050,Sirajganj Pourasabha (Municipality),Sirajganj Sadar,Sirajganj,Rajshahi,174914.64804,0.0,0,0.0
uni_508867715,Sanatani,Shahjadpur,Sirajganj,Rajshahi,33502.12961,0.0,0,0.0
uni_508867681,Rupbati,Shahjadpur,Sirajganj,Rajshahi,49962.04597,0.0,0,0.0
uni_508867622,Potajia,Shahjadpur,Sirajganj,Rajshahi,57644.94645,0.0,0,0.0
uni_508889209,Deshigram,Tarash,Sirajganj,Rajshahi,27104.47995,0.0,0,0.0
uni_508889516,Magura Binod,Tarash,Sirajganj,Rajshahi,27840.40352,0.0,0,0.0
uni_508867546,Narina,Shahjadpur,Sirajganj,Rajshahi,25359.342,0.0,0,0.0
uni_508889542,Naogaon,Tarash,Sirajganj,Rajshahi,23393.59807,0.0,0,0.0
uni_508894713,Salanga,Ullapara,Sirajganj,Rajshahi,46262.61357,0.0,0,0.0
uni_508894679,Ramkrishnapur,Ullapara,Sirajganj,Rajshahi,31849.9304,0.0,0,0.0
uni_508894620,Purnimaganti,Ullapara,Sirajganj,Rajshahi,28019.35325,0.0,0,0.0
uni_508894611,Panchakroshi,Ullapara,Sirajganj,Rajshahi,41813.57537,0.0,0,0.0
uni_508894511,Mohanpur,Ullapara,Sirajganj,Rajshahi,34652.07432,0.0,0,0.0
uni_508894444,Kayra,Ullapara,Sirajganj,Rajshahi,15911.60926,0.0,0,0.0
uni_508894344,Hatikumrul,Ullapara,Sirajganj,Rajshahi,88630.34402,0.0,0,0.0
uni_508894211,Durganagar,Ullapara,Sirajganj,Rajshahi,41615.54715,0.0,0,0.0
uni_508894160,Barahar,Ullapara,Sirajganj,Rajshahi,44763.40052,0.0,0,0.0
uni_508894151,Bara Pangashi,Ullapara,Sirajganj,Rajshahi,30588.56781,0.0,0,0.0
uni_508894142,Bangala,Ullapara,Sirajganj,Rajshahi,41162.07001,0.0,0,0.0
uni_508894075,Ullapara Pourasabha (Municipality),Ullapara,Sirajganj,Rajshahi,56142.4032,0.0,0,0.0
uni_508889751,Tarash,Tarash,Sirajganj,Rajshahi,32007.37038,0.0,0,0.0
uni_508889742,Talam,Tarash,Sirajganj,Rajshahi,25089.34055,0.0,0,0.0
uni_508889708,Saguna,Tarash,Sirajganj,Rajshahi,23872.09195,0.0,0,0.0
uni_508867613,Porjana,Shahjadpur,Sirajganj,Rajshahi,71237.4158,0.0,0,0.0
uni_508867462,Khukni,Shahjadpur,Sirajganj,Rajshahi,37452.080500000004,0.0,0,0.0
uni_508827775,Umarpur,Chouhali,Sirajganj,Rajshahi,39294.956984,0.0,0,0.0
uni_508850747,Tekani,Kazipur,Sirajganj,Rajshahi,29623.41438,0.0,0,0.0
uni_508850712,Shubhagachha,Kazipur,Sirajganj,Rajshahi,10263.4829353,0.0,0,0.0
uni_508850554,Nishchintapur,Kazipur,Sirajganj,Rajshahi,30652.855056,0.0,0,0.0
uni_508850545,Natuarpara,Kazipur,Sirajganj,Rajshahi,16336.2259725,0.0,0,0.0
uni_508850519,Mansurnagar,Kazipur,Sirajganj,Rajshahi,43053.3407,0.0,0,0.0
uni_508850510,Maijbari,Kazipur,Sirajganj,Rajshahi,18022.83721,0.0,0,0.0
uni_508850451,Khas Rajbari,Kazipur,Sirajganj,Rajshahi,17892.48267,0.0,0,0.0
uni_508850442,Kazipur,Kazipur,Sirajganj,Rajshahi,13409.666323000001,0.0,0,0.0
uni_508850309,Gandhail,Kazipur,Sirajganj,Rajshahi,29068.804626,0.0,0,0.0
uni_508850184,Char Girish,Kazipur,Sirajganj,Rajshahi,26147.63995,0.0,0,0.0
uni_508850175,Chalitadanga,Kazipur,Sirajganj,Rajshahi,36675.23084,0.0,0,0.0
uni_508850020,Kazipur Pourasabha (Municipality),Kazipur,Sirajganj,Rajshahi,9772.1721,0.0,0,0.0
uni_508844673,Ray Daulatpur,Kamarkhanda,Sirajganj,Rajshahi,34527.27833,0.0,0,0.0
uni_508844416,Jhaail,Kamarkhanda,Sirajganj,Rajshahi,42364.31307,0.0,0,0.0
uni_508844407,Jamtail,Kamarkhanda,Sirajganj,Rajshahi,31624.09868,0.0,0,0.0
uni_508844142,Bhadraghat,Kamarkhanda,Sirajganj,Rajshahi,40839.15426,0.0,0,0.0
uni_508850721,Sonamukhi,Kazipur,Sirajganj,Rajshahi,38720.69031,0.0,0,0.0
uni_508861023,Rayganj Pourasabha (Municipality),Rayganj,Sirajganj,Rajshahi,16996.4246,0.0,0,0.0
uni_508867453,Kayempur,Shahjadpur,Sirajganj,Rajshahi,50586.29927,0.0,0,0.0
uni_508861142,Brahmagachha,Rayganj,Sirajganj,Rajshahi,34445.76464,0.0,0,0.0
uni_508867444,Kaijuri,Shahjadpur,Sirajganj,Rajshahi,49138.163125,0.0,0,0.0
uni_508867410,Jalalpur,Shahjadpur,Sirajganj,Rajshahi,21512.35799,0.0,0,0.0
uni_508867343,Habibullahnagar,Shahjadpur,Sirajganj,Rajshahi,35719.4941,0.0,0,0.0
uni_508867317,Garadaha,Shahjadpur,Sirajganj,Rajshahi,40655.9651,0.0,0,0.0
uni_508867308,Gala,Shahjadpur,Sirajganj,Rajshahi,42072.712442000004,0.0,0,0.0
uni_508867142,Beltail,Shahjadpur,Sirajganj,Rajshahi,47381.0385,0.0,0,0.0
uni_508867025,Shahjadpur Pourasabha (Municipality),Shahjadpur,Sirajganj,Rajshahi,54144.4677,0.0,0,0.0
uni_508861711,Sonakhara,Rayganj,Sirajganj,Rajshahi,28541.50091,0.0,0,0.0
uni_508861611,Pangasi,Rayganj,Sirajganj,Rajshahi,32046.71068,0.0,0,0.0
uni_508861544,Nalka,Rayganj,Sirajganj,Rajshahi,52177.6155,0.0,0,0.0
uni_508861312,Ghurka,Rayganj,Sirajganj,Rajshahi,42065.14661,0.0,0,0.0
uni_508861228,Dhubil,Rayganj,Sirajganj,Rajshahi,28775.1292,0.0,0,0.0
uni_508861219,Dhangara,Rayganj,Sirajganj,Rajshahi,22232.8343,0.0,0,0.0
uni_508861210,Dhamainagar,Rayganj,Sirajganj,Rajshahi,36182.53376,0.0,0,0.0
uni_508861176,Chandaikona,Rayganj,Sirajganj,Rajshahi,65912.1568,0.0,0,0.0
uni_508112516,Maria,Bagmara,Rajshahi,Rajshahi,20238.93463,0.0,0,0.0
uni_508112449,Kachari Koalipara,Bagmara,Rajshahi,Rajshahi,7047.88243,0.0,0,0.0
uni_508112423,Jogipara,Bagmara,Rajshahi,Rajshahi,27695.03021,0.0,0,0.0
uni_507616209,Dhalarchar,Bera,Pabna,Rajshahi,26021.830352,0.0,0,0.0
uni_507616012,Bera Pourasabha (Municipality),Bera,Pabna,Rajshahi,54132.064020000005,0.0,0,0.0
uni_507605509,Majpara,Atgharia,Pabna,Rajshahi,36547.40703,0.0,0,0.0
uni_507605475,Lakkhipur,Atgharia,Pabna,Rajshahi,31122.489332,0.0,0,0.0
uni_507605243,Ekdanta,Atgharia,Pabna,Rajshahi,35306.35382,0.0,0,0.0
uni_507605209,Debottar,Atgharia,Pabna,Rajshahi,26132.45068,0.0,0,0.0
uni_507605175,Chandbha,Atgharia,Pabna,Rajshahi,30073.81819,0.0,0,0.0
uni_507605008,Atgharia Pourasabha (Municipality),Atgharia,Pabna,Rajshahi,14980.01878,0.0,0,0.0
uni_507088783,Ujirpur,Shibganj,Chapainababganj,Rajshahi,5495.183825,0.0,0,0.0
uni_507088732,Shyampur,Shibganj,Chapainababganj,Rajshahi,40949.77107,0.0,0,0.0
uni_507088723,Shahabajpur,Shibganj,Chapainababganj,Rajshahi,77826.94748,0.0,0,0.0
uni_507088714,Satrajitpur,Shibganj,Chapainababganj,Rajshahi,24955.44546,0.0,0,0.0
uni_507088614,Panka,Shibganj,Chapainababganj,Rajshahi,30942.899153,0.0,0,0.0
uni_507088547,Nayalabhanga,Shibganj,Chapainababganj,Rajshahi,48013.98667,0.0,0,0.0
uni_507088521,Mobarakpur,Shibganj,Chapainababganj,Rajshahi,42019.18487,0.0,0,0.0
uni_507088512,Manakasha,Shibganj,Chapainababganj,Rajshahi,46988.34518,0.0,0,0.0
uni_507616175,Chakla,Bera,Pabna,Rajshahi,19625.19438,0.0,0,0.0
uni_507616342,Haturia Nakalia,Bera,Pabna,Rajshahi,26637.177574,0.0,0,0.0
uni_507088312,Ghorapakhia,Shibganj,Chapainababganj,Rajshahi,19404.693761,0.0,0,0.0
uni_507616409,Jatsakhini,Bera,Pabna,Rajshahi,66262.41881,0.0,0,0.0
uni_507622176,Chhaikola,Chatmohar,Pabna,Rajshahi,23835.9379,0.0,0,0.0
uni_507622142,Bilchalan,Chatmohar,Pabna,Rajshahi,17175.15286,0.0,0,0.0
uni_507622025,Chatmohar Pourasabha (Municipality),Chatmohar,Pabna,Rajshahi,13898.9408,0.0,0,0.0
uni_507619609,Par Bhangura,Bhangura,Pabna,Rajshahi,28889.81005,0.0,0,0.0
uni_507619509,Mandatosh,Bhangura,Pabna,Rajshahi,9600.48782,0.0,0,0.0
uni_507619442,Khanmarich,Bhangura,Pabna,Rajshahi,36139.3599,0.0,0,0.0
uni_507619210,Dilpashar,Bhangura,Pabna,Rajshahi,25976.91797,0.0,0,0.0
uni_507619143,Bhangura,Bhangura,Pabna,Rajshahi,21976.918419999998,0.0,0,0.0
uni_507619109,Ashtamanisha,Bhangura,Pabna,Rajshahi,18986.43743,0.0,0,0.0
uni_507619018,Bhangura Pourasabha (Municipality),Bhangura,Pabna,Rajshahi,18513.2316,0.0,0,0.0
uni_507616678,Ruppur,Bera,Pabna,Rajshahi,31214.882489,0.0,0,0.0
uni_507616611,Puran Bharenga,Bera,Pabna,Rajshahi,22888.278995,0.0,0,0.0
uni_507616544,Natun Bharenga,Bera,Pabna,Rajshahi,19993.774624,0.0,0,0.0
uni_507616510,Mashumdia,Bera,Pabna,Rajshahi,29895.411863,0.0,0,0.0
uni_507616443,Kaiitola,Bera,Pabna,Rajshahi,8272.023357,0.0,0,0.0
uni_507088445,Kansat,Shibganj,Chapainababganj,Rajshahi,53133.69794,0.0,0,0.0
uni_507088228,Durlabhpur,Shibganj,Chapainababganj,Rajshahi,54684.529881,0.0,0,0.0
uni_507622277,Failjana,Chatmohar,Pabna,Rajshahi,28948.84333,0.0,0,0.0
uni_507066109,Alatuli,Chapainawabganj Sadar,Chapainababganj,Rajshahi,21418.3953672,0.0,0,0.0
uni_507056549,Nezampur,Nachole,Chapainababganj,Rajshahi,39364.79039,0.0,0,0.0
uni_507056540,Nachole,Nachole,Chapainababganj,Rajshahi,35988.04736,0.0,0,0.0
uni_507056440,Kasba,Nachole,Chapainababganj,Rajshahi,32939.69666,0.0,0,0.0
uni_507056274,Fatepur,Nachole,Chapainababganj,Rajshahi,46835.787935,0.0,0,0.0
uni_507056022,Nachole Pourasabha (Municipality),Nachole,Chapainababganj,Rajshahi,12982.79131,0.0,0,0.0
uni_507037685,Rahanpur,Gomastapur,Chapainababganj,Rajshahi,31924.68435,0.0,0,0.0
uni_507037609,Parbatipur,Gomastapur,Chapainababganj,Rajshahi,56502.64511,0.0,0,0.0
uni_507037311,Gomastapur,Gomastapur,Chapainababganj,Rajshahi,37365.26423,0.0,0,0.0
uni_401823711,Shankarchandra,Chuadanga Sadar,Chuadanga,Khulna,27695.73846,0.0,0,0.0
uni_507037152,Boalia,Gomastapur,Chapainababganj,Rajshahi,35565.50156,0.0,0,0.0
uni_507037044,Rahanpur Pourasabha (Municipality),Gomastapur,Chapainababganj,Rajshahi,35655.44127,0.0,0,0.0
uni_507018409,Jambaria,Bholahat,Chapainababganj,Rajshahi,15439.50166,0.0,0,0.0
uni_507018309,Gohalbari,Bholahat,Chapainababganj,Rajshahi,40481.44338,0.0,0,0.0
uni_507018209,Daldali,Bholahat,Chapainababganj,Rajshahi,28119.18351,0.0,0,0.0
uni_506991747,Tazpur,Singra,Natore,Rajshahi,19887.04569,0.0,0,0.0
uni_507066033,Chapainawabganj Pourasabha (Municipality),Chapainawabganj Sadar,Chapainababganj,Rajshahi,187290.6815,0.0,0,0.0
uni_507066143,Baliadanga,Chapainawabganj Sadar,Chapainababganj,Rajshahi,48078.0667,0.0,0,0.0
uni_507088219,Dhainagar,Shibganj,Chapainababganj,Rajshahi,31678.38463,0.0,0,0.0
uni_507066152,Barogharia,Chapainawabganj Sadar,Chapainababganj,Rajshahi,21329.960600000002,0.0,0,0.0
uni_507088210,Daipukhuria,Shibganj,Chapainababganj,Rajshahi,46127.94344,0.0,0,0.0
uni_507088176,Chak Kirti,Shibganj,Chapainababganj,Rajshahi,45999.529819999996,0.0,0,0.0
uni_507088142,Binodpur,Shibganj,Chapainababganj,Rajshahi,30857.40873,0.0,0,0.0
uni_507088066,Shibganj Pourasabha (Municipality),Shibganj,Chapainababganj,Rajshahi,59626.15608,0.0,0,0.0
uni_507066724,Sundarpur,Chapainawabganj Sadar,Chapainababganj,Rajshahi,22399.371136,0.0,0,0.0
uni_507066715,Shahjahanpur,Chapainawabganj Sadar,Chapainababganj,Rajshahi,13940.84786,0.0,0,0.0
uni_507066681,Ranihati,Chapainawabganj Sadar,Chapainababganj,Rajshahi,19830.1344,0.0,0,0.0
uni_507066548,Narayanpur,Chapainawabganj Sadar,Chapainababganj,Rajshahi,18317.547217,0.0,0,0.0
uni_507066514,Maharajpur,Chapainawabganj Sadar,Chapainababganj,Rajshahi,25667.5717,0.0,0,0.0
uni_507066414,Jhilim,Chapainawabganj Sadar,Chapainababganj,Rajshahi,68057.13335,0.0,0,0.0
uni_507066380,Islampur,Chapainawabganj Sadar,Chapainababganj,Rajshahi,25359.32948,0.0,0,0.0
uni_507066313,Gobratala,Chapainawabganj Sadar,Chapainababganj,Rajshahi,35345.53391,0.0,0,0.0
uni_507066213,Debinagar,Chapainawabganj Sadar,Chapainababganj,Rajshahi,26625.03561,0.0,0,0.0
uni_507066187,Char Bagdanga,Chapainawabganj Sadar,Chapainababganj,Rajshahi,21883.7533,0.0,0,0.0
uni_507066178,Char Anupnagar,Chapainawabganj Sadar,Chapainababganj,Rajshahi,20094.35394,0.0,0,0.0
uni_507622210,Dantia Bamangram,Chatmohar,Pabna,Rajshahi,32098.08965,0.0,0,0.0
uni_507622311,Gunaigachha,Chatmohar,Pabna,Rajshahi,14176.98174,0.0,0,0.0
uni_508112414,Jhikra,Bagmara,Rajshahi,Rajshahi,19897.33641,0.0,0,0.0
uni_508110016,Bagha Pourasabha (Municipality),Bagha,Rajshahi,Rajshahi,33313.58449,0.0,0,0.0
uni_507683745,Tantibanda,Sujanagar,Pabna,Rajshahi,31112.2082,0.0,0,0.0
uni_507683719,Satbaria,Sujanagar,Pabna,Rajshahi,24496.8127565,0.0,0,0.0
uni_507683710,Sagarkandi,Sujanagar,Pabna,Rajshahi,34982.5258,0.0,0,0.0
uni_507683676,Raninagar,Sujanagar,Pabna,Rajshahi,15471.474554,0.0,0,0.0
uni_507683543,Nazirganj,Sujanagar,Pabna,Rajshahi,19361.1109389,0.0,0,0.0
uni_507683509,Manikhat,Sujanagar,Pabna,Rajshahi,21410.030628,0.0,0,0.0
uni_507683343,Hatkhali,Sujanagar,Pabna,Rajshahi,18103.018685,0.0,0,0.0
uni_507683210,Dulai,Sujanagar,Pabna,Rajshahi,29421.630893,0.0,0,0.0
uni_507683143,Bhayna,Sujanagar,Pabna,Rajshahi,21839.6694,0.0,0,0.0
uni_507683109,Ahammadpur,Sujanagar,Pabna,Rajshahi,33543.185644,0.0,0,0.0
uni_507683087,Sujanagar Pourasabha (Municipality),Sujanagar,Pabna,Rajshahi,31285.89366,0.0,0,0.0
uni_507672679,R- Ataikula,Santhia,Pabna,Rajshahi,44931.30476,0.0,0,0.0
uni_507672554,Nandanpur,Santhia,Pabna,Rajshahi,38168.83763,0.0,0,0.0
uni_507672545,Nagdemra,Santhia,Pabna,Rajshahi,37279.72462,0.0,0,0.0
uni_507672461,Khetupara,Santhia,Pabna,Rajshahi,40597.21124,0.0,0,0.0
uni_508110008,Arani Pourasabha (Municipality),Bagha,Rajshahi,Rajshahi,16060.86576,0.0,0,0.0
uni_508110109,Arani,Bagha,Rajshahi,Rajshahi,13830.71896,0.0,0,0.0
uni_507672443,Karanja,Santhia,Pabna,Rajshahi,47066.42962,0.0,0,0.0
uni_508110143,Bajubagha,Bagha,Rajshahi,Rajshahi,8806.65452,0.0,0,0.0
uni_508112347,Hamir Kutsa,Bagmara,Rajshahi,Rajshahi,19852.882996,0.0,0,0.0
uni_508112329,Gobindapara,Bagmara,Rajshahi,Rajshahi,24132.45729,0.0,0,0.0
uni_508112320,Goalkandi,Bagmara,Rajshahi,Rajshahi,30194.67991,0.0,0,0.0
uni_508112311,Ganipur,Bagmara,Rajshahi,Rajshahi,49541.00869,0.0,0,0.0
uni_508112211,Dwippur,Bagmara,Rajshahi,Rajshahi,11299.152895,0.0,0,0.0
uni_508112152,Basupara,Bagmara,Rajshahi,Rajshahi,25837.60864,0.0,0,0.0
uni_508112143,Bara Bihanali,Bagmara,Rajshahi,Rajshahi,15719.29732,0.0,0,0.0
uni_508112109,Auchpara,Bagmara,Rajshahi,Rajshahi,33288.11536,0.0,0,0.0
uni_508112085,Taherpur Pourasabha (Municipality),Bagmara,Rajshahi,Rajshahi,19697.84396,0.0,0,0.0
uni_508112025,Bhabaniganj Pourasabha (Municipality),Bagmara,Rajshahi,Rajshahi,17166.49969,0.0,0,0.0
uni_508110609,Pakuria,Bagha,Rajshahi,Rajshahi,18586.95359,0.0,0,0.0
uni_508110509,Manigram,Bagha,Rajshahi,Rajshahi,35354.00274,0.0,0,0.0
uni_508110310,Gargari,Bagha,Rajshahi,Rajshahi,22686.81557,0.0,0,0.0
uni_508110182,Chak Rajapur,Bagha,Rajshahi,Rajshahi,27341.631511,0.0,0,0.0
uni_508110152,Bausa,Bagha,Rajshahi,Rajshahi,27940.43792,0.0,0,0.0
uni_507672452,Kashinathpur,Santhia,Pabna,Rajshahi,52529.19498,0.0,0,0.0
uni_507672310,Gourigram,Santhia,Pabna,Rajshahi,32486.926789999998,0.0,0,0.0
uni_507622345,Handial,Chatmohar,Pabna,Rajshahi,42180.36869,0.0,0,0.0
uni_507639607,Pakshi,Ishwardi,Pabna,Rajshahi,47315.178536,0.0,0,0.0
uni_507639473,Lakkhikundi,Ishwardi,Pabna,Rajshahi,32085.408792000002,0.0,0,0.0
uni_507639208,Dashuria,Ishwardi,Pabna,Rajshahi,28569.35308,0.0,0,0.0
uni_507639050,Ishwardi Pourasabha (Municipality),Ishwardi,Pabna,Rajshahi,60325.72867,0.0,0,0.0
uni_507633609,Pungali,Faridpur,Pabna,Rajshahi,34242.92564,0.0,0,0.0
uni_507633344,Hadal,Faridpur,Pabna,Rajshahi,27630.44141,0.0,0,0.0
uni_507633277,Faridpur,Faridpur,Pabna,Rajshahi,25704.550049999998,0.0,0,0.0
uni_507633210,Demra,Faridpur,Pabna,Rajshahi,23114.92818,0.0,0,0.0
uni_507633151,Bri Lahiribari,Faridpur,Pabna,Rajshahi,19028.05036,0.0,0,0.0
uni_507633142,Banwarinagar,Faridpur,Pabna,Rajshahi,15357.73675,0.0,0,0.0
uni_507633037,Faridpur Pourasabha (Municipality),Faridpur,Pabna,Rajshahi,6567.9937,0.0,0,0.0
uni_507622614,Parshwadanga,Chatmohar,Pabna,Rajshahi,26607.57428,0.0,0,0.0
uni_507622547,Nimaichara,Chatmohar,Pabna,Rajshahi,30778.3303,0.0,0,0.0
uni_507622521,Mulgram,Chatmohar,Pabna,Rajshahi,35328.27803,0.0,0,0.0
uni_507622512,Mathurapur,Chatmohar,Pabna,Rajshahi,20835.54953,0.0,0,0.0
uni_507622354,Haripur,Chatmohar,Pabna,Rajshahi,33814.55765,0.0,0,0.0
uni_507639507,Muladuli,Ishwardi,Pabna,Rajshahi,46225.465449999996,0.0,0,0.0
uni_507639707,Sahapur,Ishwardi,Pabna,Rajshahi,37745.89065,0.0,0,0.0
uni_507672218,Dhulauri,Santhia,Pabna,Rajshahi,31527.40307,0.0,0,0.0
uni_507639716,Salimpur,Ishwardi,Pabna,Rajshahi,66935.47845,0.0,0,0.0
uni_507672209,Dhopadaha,Santhia,Pabna,Rajshahi,29776.26101,0.0,0,0.0
uni_507672142,Bhulbaria,Santhia,Pabna,Rajshahi,32184.48856,0.0,0,0.0
uni_507672075,Santhia Pourasabha (Municipality),Santhia,Pabna,Rajshahi,45407.13817,0.0,0,0.0
uni_507655712,Sadullapur,Pabna Sadar,Pabna,Rajshahi,37940.45009,0.0,0,0.0
uni_507655521,Maligachha,Pabna Sadar,Pabna,Rajshahi,53411.67255,0.0,0,0.0
uni_507655512,Malanchi,Pabna Sadar,Pabna,Rajshahi,37655.15923,0.0,0,0.0
uni_507655346,Hemayetpur,Pabna Sadar,Pabna,Rajshahi,62268.50507,0.0,0,0.0
uni_507655312,Gayeshpur,Pabna Sadar,Pabna,Rajshahi,41917.70058,0.0,0,0.0
uni_507655220,Dogachhi,Pabna Sadar,Pabna,Rajshahi,105168.27351500001,0.0,0,0.0
uni_507655211,Dapunia,Pabna Sadar,Pabna,Rajshahi,35408.35492,0.0,0,0.0
uni_507655177,Char Tarapur,Pabna Sadar,Pabna,Rajshahi,35857.38395,0.0,0,0.0
uni_507655143,Bharara,Pabna Sadar,Pabna,Rajshahi,73011.724394,0.0,0,0.0
uni_507655109,Ataikula,Pabna Sadar,Pabna,Rajshahi,37085.54434,0.0,0,0.0
uni_507655062,Pabna Pourasabha (Municipality),Pabna Sadar,Pabna,Rajshahi,140326.4329,0.0,0,0.0
uni_507639725,Sara,Ishwardi,Pabna,Rajshahi,28488.305728,0.0,0,0.0
uni_508894722,Salap,Ullapara,Sirajganj,Rajshahi,37112.42902,0.0,0,0.0
uni_508894790,Ullapara,Ullapara,Sirajganj,Rajshahi,20361.3104,0.0,0,0.0
uni_555270066,Patgram Pourasabha (Municipality),Patgram,Lalmonirhat,Rangpur,35055.37561,0.0,0,0.0
uni_554906161,Bhurungamari,Bhurungamari,Kurigram,Rangpur,38058.4602,0.0,0,0.0
uni_554908439,Kodalkati,Rajibpur,Kurigram,Rangpur,15779.15958,0.0,0,0.0
uni_554906745,Tilai,Bhurungamari,Kurigram,Rangpur,15657.70623,0.0,0,0.0
uni_554906711,Shilkhuri,Bhurungamari,Kurigram,Rangpur,21064.9751,0.0,0,0.0
uni_554906619,Pathardubi,Bhurungamari,Kurigram,Rangpur,22975.77098,0.0,0,0.0
uni_554906610,Paikerchhara,Bhurungamari,Kurigram,Rangpur,25802.6233,0.0,0,0.0
uni_554906411,Joymanirhat,Bhurungamari,Kurigram,Rangpur,18032.84813,0.0,0,0.0
uni_554906179,Char Bhurungamari,Bhurungamari,Kurigram,Rangpur,19138.41555,0.0,0,0.0
uni_554906152,Bangasonahat,Bhurungamari,Kurigram,Rangpur,26435.02557,0.0,0,0.0
uni_552710012,Birampur Pourasabha (Municipality),Birampur,Dinajpur,Rangpur,50764.60597,0.0,0,0.0
uni_553291750,Tarapur,Sundarganj,Gaibandha,Rangpur,37599.82664,0.0,0,0.0
uni_553291740,Sreepur,Sundarganj,Gaibandha,Rangpur,38633.66969,0.0,0,0.0
uni_553291731,Sonaray,Sundarganj,Gaibandha,Rangpur,25458.36495,0.0,0,0.0
uni_553291722,Shantiram,Sundarganj,Gaibandha,Rangpur,25675.7367,0.0,0,0.0
uni_553291713,Sarbananda,Sundarganj,Gaibandha,Rangpur,35521.05573,0.0,0,0.0
uni_553291679,Ramjiban,Sundarganj,Gaibandha,Rangpur,31940.14693,0.0,0,0.0
uni_553291455,Kapasia,Sundarganj,Gaibandha,Rangpur,28771.0299254,0.0,0,0.0
uni_554908506,Mohanganj,Rajibpur,Kurigram,Rangpur,24548.697035,0.0,0,0.0
uni_554908672,Rajibpur,Rajibpur,Kurigram,Rangpur,25197.02791,0.0,0,0.0
uni_554909109,Ashtamirchar,Chilmari,Kurigram,Rangpur,31975.808562,0.0,0,0.0
uni_554909176,Chilmari,Chilmari,Kurigram,Rangpur,17868.502289,0.0,0,0.0
uni_554952343,Halokhana,Kurigram Sadar,Kurigram,Rangpur,42220.00551,0.0,0,0.0
uni_554952309,Ghogadaha,Kurigram Sadar,Kurigram,Rangpur,27009.64579,0.0,0,0.0
uni_554952151,Bhogdanga,Kurigram Sadar,Kurigram,Rangpur,51983.74236,0.0,0,0.0
uni_554952142,Belgachha,Kurigram Sadar,Kurigram,Rangpur,35515.28734,0.0,0,0.0
uni_554952033,Kurigram Pourasabha (Municipality),Kurigram Sadar,Kurigram,Rangpur,89203.4604,0.0,0,0.0
uni_554918708,Shimulbari,Phulbari,Kurigram,Rangpur,22552.77149,0.0,0,0.0
uni_554918608,Phulbari,Phulbari,Kurigram,Rangpur,31647.74852,0.0,0,0.0
uni_554918541,Naodanga,Phulbari,Kurigram,Rangpur,25597.71803,0.0,0,0.0
uni_554918441,Kashipur,Phulbari,Kurigram,Rangpur,28636.64738,0.0,0,0.0
uni_554918151,Bhangamor,Phulbari,Kurigram,Rangpur,28730.44885,0.0,0,0.0
uni_554918142,Barabhita,Phulbari,Kurigram,Rangpur,31429.59222,0.0,0,0.0
uni_554909741,Thanahat,Chilmari,Kurigram,Rangpur,63327.49777,0.0,0,0.0
uni_554909682,Raniganj,Chilmari,Kurigram,Rangpur,26319.734268,0.0,0,0.0
uni_554909673,Ramna,Chilmari,Kurigram,Rangpur,44515.80168,0.0,0,0.0
uni_554909540,Nayarhat,Chilmari,Kurigram,Rangpur,19804.9079863,0.0,0,0.0
uni_553291446,Kanchibari,Sundarganj,Gaibandha,Rangpur,27224.29575,0.0,0,0.0
uni_553291346,Haripur,Sundarganj,Gaibandha,Rangpur,33607.50901,0.0,0,0.0
uni_553291221,Dhopadanga,Sundarganj,Gaibandha,Rangpur,28172.81844,0.0,0,0.0
uni_553282455,Khorda Komarpur,Sadullapur,Gaibandha,Rangpur,15199.43394,0.0,0,0.0
uni_553282412,Jamalpur,Sadullapur,Gaibandha,Rangpur,30053.73728,0.0,0,0.0
uni_553282378,Idilpur,Sadullapur,Gaibandha,Rangpur,34782.91154,0.0,0,0.0
uni_553282278,Faridpur,Sadullapur,Gaibandha,Rangpur,28748.1967,0.0,0,0.0
uni_553282219,Dhaperhat,Sadullapur,Gaibandha,Rangpur,40456.3687,0.0,0,0.0
uni_553282210,Damodarpur,Sadullapur,Gaibandha,Rangpur,36073.82751,0.0,0,0.0
uni_553282151,Bhatgram,Sadullapur,Gaibandha,Rangpur,23828.67917,0.0,0,0.0
uni_553282142,Bangram,Sadullapur,Gaibandha,Rangpur,25612.74871,0.0,0,0.0
uni_553267611,Pabnapur,Palashbari,Gaibandha,Rangpur,18870.52165,0.0,0,0.0
uni_553267519,Manoharpur,Palashbari,Gaibandha,Rangpur,26687.34939,0.0,0,0.0
uni_553267510,Mahadipur,Palashbari,Gaibandha,Rangpur,28161.36526,0.0,0,0.0
uni_553267443,Kishoregari,Palashbari,Gaibandha,Rangpur,37502.7878,0.0,0,0.0
uni_553267351,Hossainpur,Palashbari,Gaibandha,Rangpur,30344.33822,0.0,0,0.0
uni_553267342,Harinathpur,Palashbari,Gaibandha,Rangpur,15571.35428,0.0,0,0.0
uni_553267151,Betkapa,Palashbari,Gaibandha,Rangpur,27992.91317,0.0,0,0.0
uni_553267142,Barisal,Palashbari,Gaibandha,Rangpur,31261.30238,0.0,0,0.0
uni_553282446,Kamarpara,Sadullapur,Gaibandha,Rangpur,23687.99339,0.0,0,0.0
uni_553282547,Naldanga,Sadullapur,Gaibandha,Rangpur,28083.57765,0.0,0,0.0
uni_553291212,Dahabanda,Sundarganj,Gaibandha,Rangpur,21551.44533,0.0,0,0.0
uni_553282680,Rasulpur,Sadullapur,Gaibandha,Rangpur,26986.6043,0.0,0,0.0
uni_553291186,Chhaparhati,Sundarganj,Gaibandha,Rangpur,33866.2663,0.0,0,0.0
uni_553291177,Chandipur,Sundarganj,Gaibandha,Rangpur,27579.55711,0.0,0,0.0
uni_553291151,Belka,Sundarganj,Gaibandha,Rangpur,28276.766929999998,0.0,0,0.0
uni_553291142,Bamandanga,Sundarganj,Gaibandha,Rangpur,52459.26144,0.0,0,0.0
uni_553291077,Sundarganj Pourasabha (Municipality),Sundarganj,Gaibandha,Rangpur,16694.68247,0.0,0,0.0
uni_553288712,Saghata,Saghata,Gaibandha,Rangpur,31788.284755,0.0,0,0.0
uni_553288612,Padumshahar,Saghata,Gaibandha,Rangpur,33928.86741,0.0,0,0.0
uni_553288512,Muktinagar,Saghata,Gaibandha,Rangpur,24381.8788,0.0,0,0.0
uni_553288453,Kamalerpara,Saghata,Gaibandha,Rangpur,35462.95958,0.0,0,0.0
uni_553288444,Kachua,Saghata,Gaibandha,Rangpur,28008.26995,0.0,0,0.0
uni_553288410,Jumarbari,Saghata,Gaibandha,Rangpur,29157.69936,0.0,0,0.0
uni_553288343,Haldia,Saghata,Gaibandha,Rangpur,27980.149293,0.0,0,0.0
uni_553288309,Ghuridaha,Saghata,Gaibandha,Rangpur,28678.92052,0.0,0,0.0
uni_553288151,Bonarpara,Saghata,Gaibandha,Rangpur,38394.84657,0.0,0,0.0
uni_553288142,Bharatkhali,Saghata,Gaibandha,Rangpur,17732.7738,0.0,0,0.0
uni_554952410,Jatrapur,Kurigram Sadar,Kurigram,Rangpur,21829.55919,0.0,0,0.0
uni_554952444,Kanthalbari,Kurigram Sadar,Kurigram,Rangpur,32004.1448,0.0,0,0.0
uni_554952511,Mogalbasa,Kurigram Sadar,Kurigram,Rangpur,15651.58876,0.0,0,0.0
uni_555239142,Bhotmari,Kaliganj,Lalmonirhat,Rangpur,32928.85454,0.0,0,0.0
uni_555233729,Singimari,Hatibandha,Lalmonirhat,Rangpur,22640.28376,0.0,0,0.0
uni_555233720,Sindurna,Hatibandha,Lalmonirhat,Rangpur,16491.87201,0.0,0,0.0
uni_555233711,Saniajan,Hatibandha,Lalmonirhat,Rangpur,16378.64998,0.0,0,0.0
uni_555233611,Patikapara,Hatibandha,Lalmonirhat,Rangpur,16332.97366,0.0,0,0.0
uni_555233544,Naodabas,Hatibandha,Lalmonirhat,Rangpur,12339.86823,0.0,0,0.0
uni_555233320,Gotamari,Hatibandha,Lalmonirhat,Rangpur,20930.917699999998,0.0,0,0.0
uni_555233311,Gaddimari,Hatibandha,Lalmonirhat,Rangpur,21838.82892,0.0,0,0.0
uni_555233277,Fakirpara,Hatibandha,Lalmonirhat,Rangpur,17898.72298,0.0,0,0.0
uni_555233210,Dauabari,Hatibandha,Lalmonirhat,Rangpur,24720.3137,0.0,0,0.0
uni_555233151,Bhelaguri,Hatibandha,Lalmonirhat,Rangpur,24089.10171,0.0,0,0.0
uni_555233142,Barakhata,Hatibandha,Lalmonirhat,Rangpur,26177.98735,0.0,0,0.0
uni_555202718,Sarpukur,Aditmari,Lalmonirhat,Rangpur,34198.80998,0.0,0,0.0
uni_555202709,Saptibari,Aditmari,Lalmonirhat,Rangpur,31632.56703,0.0,0,0.0
uni_555202609,Palashi,Aditmari,Lalmonirhat,Rangpur,29386.2902,0.0,0,0.0
uni_555202509,Mahishkhocha,Aditmari,Lalmonirhat,Rangpur,23243.13818,0.0,0,0.0
uni_555233747,Tangbhanga,Hatibandha,Lalmonirhat,Rangpur,28465.83845,0.0,0,0.0
uni_555239176,Chalbala,Kaliganj,Lalmonirhat,Rangpur,29833.72834,0.0,0,0.0
uni_555202210,Durgapur,Aditmari,Lalmonirhat,Rangpur,32977.23559,0.0,0,0.0
uni_555239185,Chandrapur,Kaliganj,Lalmonirhat,Rangpur,43381.76996,0.0,0,0.0
uni_555255678,Rajpur,Lalmonirhat Sadar,Lalmonirhat,Rangpur,24869.6767,0.0,0,0.0
uni_555255611,Panchagram,Lalmonirhat Sadar,Lalmonirhat,Rangpur,35471.2158,0.0,0,0.0
uni_555255519,Mogalhat,Lalmonirhat Sadar,Lalmonirhat,Rangpur,36290.52247,0.0,0,0.0
uni_555255510,Mahendranagar,Lalmonirhat Sadar,Lalmonirhat,Rangpur,54328.44448,0.0,0,0.0
uni_555255451,Kulaghat,Lalmonirhat Sadar,Lalmonirhat,Rangpur,36066.22131,0.0,0,0.0
uni_555255442,Khuniagachh,Lalmonirhat Sadar,Lalmonirhat,Rangpur,23886.80023,0.0,0,0.0
uni_555255342,Harati,Lalmonirhat Sadar,Lalmonirhat,Rangpur,27985.48234,0.0,0,0.0
uni_555255308,Gokunda,Lalmonirhat Sadar,Lalmonirhat,Rangpur,34316.49225,0.0,0,0.0
uni_555255142,Barabari,Lalmonirhat Sadar,Lalmonirhat,Rangpur,26474.93089,0.0,0,0.0
uni_555255033,Lalmonirhat Pourasabha (Municipality),Lalmonirhat Sadar,Lalmonirhat,Rangpur,75721.4257,0.0,0,0.0
uni_555239743,Tushbhandar,Kaliganj,Lalmonirhat,Rangpur,45313.04436,0.0,0,0.0
uni_555239511,Madati,Kaliganj,Lalmonirhat,Rangpur,35912.63961,0.0,0,0.0
uni_555239444,Kakina,Kaliganj,Lalmonirhat,Rangpur,26413.94882,0.0,0,0.0
uni_555239311,Goral,Kaliganj,Lalmonirhat,Rangpur,28223.29772,0.0,0,0.0
uni_555239211,Dalagram,Kaliganj,Lalmonirhat,Rangpur,32645.903879999998,0.0,0,0.0
uni_555202442,Kamalabari,Aditmari,Lalmonirhat,Rangpur,27418.92969,0.0,0,0.0
uni_555202151,Bhelabari,Aditmari,Lalmonirhat,Rangpur,30584.38066,0.0,0,0.0
uni_554952611,Panchgachhi,Kurigram Sadar,Kurigram,Rangpur,38544.50367,0.0,0,0.0
uni_554979210,Dantbhanga,Roumari,Kurigram,Rangpur,25434.94974,0.0,0,0.0
uni_554979142,Bandaber,Roumari,Kurigram,Rangpur,26068.73882,0.0,0,0.0
uni_554977775,Umar Majid,Rajarhat,Kurigram,Rangpur,27849.15936,0.0,0,0.0
uni_554977675,Rajarhat,Rajarhat,Kurigram,Rangpur,41228.05274,0.0,0,0.0
uni_554977542,Nazim Khan,Rajarhat,Kurigram,Rangpur,18928.55069,0.0,0,0.0
uni_554977310,Gharialdanga,Rajarhat,Kurigram,Rangpur,32447.87729,0.0,0,0.0
uni_554977185,Chhinai,Rajarhat,Kurigram,Rangpur,30083.35859,0.0,0,0.0
uni_554977176,Chakir Pasar,Rajarhat,Kurigram,Rangpur,29363.92816,0.0,0,0.0
uni_554977142,Bidyananda,Rajarhat,Kurigram,Rangpur,19743.622476,0.0,0,0.0
uni_554961716,Santoshpur,Nageshwari,Kurigram,Rangpur,32850.13321,0.0,0,0.0
uni_554961690,Rayganj,Nageshwari,Kurigram,Rangpur,24457.147409999998,0.0,0,0.0
uni_554961681,Ramkhana,Nageshwari,Kurigram,Rangpur,30415.63882,0.0,0,0.0
uni_554961555,Newashi,Nageshwari,Kurigram,Rangpur,23930.08553,0.0,0,0.0
uni_554961344,Hasnabad,Nageshwari,Kurigram,Rangpur,20763.27127,0.0,0,0.0
uni_554961169,Bhitarband,Nageshwari,Kurigram,Rangpur,21393.12741,0.0,0,0.0
uni_554961055,Nageshwari Pourasabha (Municipality),Nageshwari,Kurigram,Rangpur,72175.49664,0.0,0,0.0
uni_554979176,Char Shoulmari,Roumari,Kurigram,Rangpur,32630.88807,0.0,0,0.0
uni_554979409,Jadurchar,Roumari,Kurigram,Rangpur,28638.97656,0.0,0,0.0
uni_555202142,Bhadai,Aditmari,Lalmonirhat,Rangpur,31670.6001,0.0,0,0.0
uni_554979674,Roumari,Roumari,Kurigram,Rangpur,40537.315520000004,0.0,0,0.0
uni_554994756,Thetrai,Ulipur,Kurigram,Rangpur,29053.58956,0.0,0,0.0
uni_554994747,Tabakpur,Ulipur,Kurigram,Rangpur,32662.56735,0.0,0,0.0
uni_554994713,Saheber Alga,Ulipur,Kurigram,Rangpur,40391.999458,0.0,0,0.0
uni_554994613,Pandul,Ulipur,Kurigram,Rangpur,24273.78446,0.0,0,0.0
uni_554994348,Hatia,Ulipur,Kurigram,Rangpur,28864.028282,0.0,0,0.0
uni_554994314,Gunaigachh,Ulipur,Kurigram,Rangpur,33078.01268,0.0,0,0.0
uni_554994238,Durgapur,Ulipur,Kurigram,Rangpur,31673.11118,0.0,0,0.0
uni_554994229,Dharanibari,Ulipur,Kurigram,Rangpur,26147.03638,0.0,0,0.0
uni_554994220,Dhamshreni,Ulipur,Kurigram,Rangpur,21767.431239999998,0.0,0,0.0
uni_554994211,Daldalia,Ulipur,Kurigram,Rangpur,31443.26567,0.0,0,0.0
uni_554994160,Buraburi,Ulipur,Kurigram,Rangpur,27311.633543,0.0,0,0.0
uni_554994151,Begamganj,Ulipur,Kurigram,Rangpur,25104.6056575,0.0,0,0.0
uni_554994142,Bajra,Ulipur,Kurigram,Rangpur,36099.25452,0.0,0,0.0
uni_554994066,Ulipur Pourasabha (Municipality),Ulipur,Kurigram,Rangpur,62186.11324,0.0,0,0.0
uni_554979708,Shoulmari,Roumari,Kurigram,Rangpur,26266.51636,0.0,0,0.0
uni_553267060,Palashbari Pourasabha (Municipality),Palashbari,Gaibandha,Rangpur,49905.2012,0.0,0,0.0
uni_553230752,Taluk Kanupur,Gobindaganj,Gaibandha,Rangpur,36460.93498,0.0,0,0.0
uni_553230742,Shibpur,Gobindaganj,Gaibandha,Rangpur,20312.7712,0.0,0,0.0
uni_552738210,Daulatpur,Fulbari,Dinajpur,Rangpur,17451.72383,0.0,0,0.0
uni_552738109,Aladipur,Fulbari,Dinajpur,Rangpur,30924.8769,0.0,0,0.0
uni_552738042,Fulbari Pourasabha (Municipality),Fulbari,Dinajpur,Rangpur,45819.99317,0.0,0,0.0
uni_552730747,Tentulia,Chirirbandar,Dinajpur,Rangpur,16072.19695,0.0,0,0.0
uni_552730721,Satnala,Chirirbandar,Dinajpur,Rangpur,14908.94341,0.0,0,0.0
uni_552730712,Saintara,Chirirbandar,Dinajpur,Rangpur,25416.32389,0.0,0,0.0
uni_552730612,Punatti,Chirirbandar,Dinajpur,Rangpur,36696.83097,0.0,0,0.0
uni_552730545,Nashratpur,Chirirbandar,Dinajpur,Rangpur,18165.66364,0.0,0,0.0
uni_552730379,Isabpur,Chirirbandar,Dinajpur,Rangpur,25107.82054,0.0,0,0.0
uni_552730279,Fatejangpur,Chirirbandar,Dinajpur,Rangpur,28024.18672,0.0,0,0.0
uni_552730146,Bhiail,Chirirbandar,Dinajpur,Rangpur,30343.731630000002,0.0,0,0.0
uni_552730136,Auliapukur,Chirirbandar,Dinajpur,Rangpur,31016.34496,0.0,0,0.0
uni_552730127,Amarpur,Chirirbandar,Dinajpur,Rangpur,28725.04433,0.0,0,0.0
uni_552730118,Alokdihi,Chirirbandar,Dinajpur,Rangpur,15552.553319999999,0.0,0,0.0
uni_552730109,Abdulpur,Chirirbandar,Dinajpur,Rangpur,45574.32383,0.0,0,0.0
uni_552721675,Ranagaon,Bochaganj,Dinajpur,Rangpur,23207.52724,0.0,0,0.0
uni_552738143,Betdighi,Fulbari,Dinajpur,Rangpur,25730.74554,0.0,0,0.0
uni_552738244,Eluari,Fulbari,Dinajpur,Rangpur,35879.00527,0.0,0,0.0
uni_552721508,Mushidhat,Bochaganj,Dinajpur,Rangpur,15213.17477,0.0,0,0.0
uni_552738443,Kazihal,Fulbari,Dinajpur,Rangpur,23946.96902,0.0,0,0.0
uni_552756681,Rasulpur,Kaharole,Dinajpur,Rangpur,26340.45145,0.0,0,0.0
uni_552756672,Ramchandrapur,Kaharole,Dinajpur,Rangpur,23316.67624,0.0,0,0.0
uni_552756506,Mukundapur,Kaharole,Dinajpur,Rangpur,31388.08931,0.0,0,0.0
uni_552756208,Dabar,Kaharole,Dinajpur,Rangpur,26226.85183,0.0,0,0.0
uni_552747441,Khatta Madhabpara,Hakimpur,Dinajpur,Rangpur,14045.84373,0.0,0,0.0
uni_552747143,Boaldar,Hakimpur,Dinajpur,Rangpur,26525.49789,0.0,0,0.0
uni_552747109,Alihat,Hakimpur,Dinajpur,Rangpur,26574.44198,0.0,0,0.0
uni_552747057,Hakimpur Pourasabha (Municipality),Hakimpur,Dinajpur,Rangpur,30130.0469,0.0,0,0.0
uni_552743706,Singara,Ghoraghat,Dinajpur,Rangpur,37278.67695,0.0,0,0.0
uni_552743606,Palsha,Ghoraghat,Dinajpur,Rangpur,28621.43902,0.0,0,0.0
uni_552743308,Ghoraghat,Ghoraghat,Dinajpur,Rangpur,12837.39943,0.0,0,0.0
uni_552743142,Bulakipur,Ghoraghat,Dinajpur,Rangpur,30014.27746,0.0,0,0.0
uni_552743053,Ghoraghat Pourasabha (Municipality),Ghoraghat,Dinajpur,Rangpur,29798.457169999998,0.0,0,0.0
uni_552738709,Shibnagar,Fulbari,Dinajpur,Rangpur,36553.72345,0.0,0,0.0
uni_552738452,Khayerbari,Fulbari,Dinajpur,Rangpur,12951.0505,0.0,0,0.0
uni_552721542,Nafanagar,Bochaganj,Dinajpur,Rangpur,24245.3537,0.0,0,0.0
uni_552721375,Ishania,Bochaganj,Dinajpur,Rangpur,22392.408040000002,0.0,0,0.0
uni_552756741,Targaon,Kaharole,Dinajpur,Rangpur,24064.75174,0.0,0,0.0
uni_552712719,Shatagram,Birganj,Dinajpur,Rangpur,30845.74164,0.0,0,0.0
uni_552712618,Paltapur,Birganj,Dinajpur,Rangpur,34412.07138,0.0,0,0.0
uni_552712609,Palashbari,Birganj,Dinajpur,Rangpur,31218.02794,0.0,0,0.0
uni_552712542,Nijpara,Birganj,Dinajpur,Rangpur,34493.68257,0.0,0,0.0
uni_552712524,Mohanpur,Birganj,Dinajpur,Rangpur,29575.7079,0.0,0,0.0
uni_552712515,Mohammadpur,Birganj,Dinajpur,Rangpur,25026.48403,0.0,0,0.0
uni_552712506,Maricha,Birganj,Dinajpur,Rangpur,26624.49941,0.0,0,0.0
uni_552712142,Bhognagar,Birganj,Dinajpur,Rangpur,34486.41777,0.0,0,0.0
uni_552712018,Birganj Pourasabha (Municipality),Birganj,Dinajpur,Rangpur,29548.79641,0.0,0,0.0
uni_552710610,Pali Prayagpur,Birampur,Dinajpur,Rangpur,12638.83756,0.0,0,0.0
uni_552710510,Mukundapur,Birampur,Dinajpur,Rangpur,12259.03656,0.0,0,0.0
uni_552710451,Khanpur,Birampur,Dinajpur,Rangpur,28637.612119999998,0.0,0,0.0
uni_552710442,Katla,Birampur,Dinajpur,Rangpur,10530.67104,0.0,0,0.0
uni_552710408,Jotbani,Birampur,Dinajpur,Rangpur,29117.41387,0.0,0,0.0
uni_552710209,Dior,Birampur,Dinajpur,Rangpur,25625.65068,0.0,0,0.0
uni_552710142,Binail,Birampur,Dinajpur,Rangpur,24823.25453,0.0,0,0.0
uni_552712710,Sator,Birganj,Dinajpur,Rangpur,27841.92755,0.0,0,0.0
uni_552712728,Shibrampur,Birganj,Dinajpur,Rangpur,25473.38199,0.0,0,0.0
uni_552721176,Chhatail,Bochaganj,Dinajpur,Rangpur,26579.57729,0.0,0,0.0
uni_552712737,Sujalpur,Birganj,Dinajpur,Rangpur,28491.31621,0.0,0,0.0
uni_552721109,Atgaon,Bochaganj,Dinajpur,Rangpur,25896.93548,0.0,0,0.0
uni_552721085,Setabganj Pourasabha (Municipality),Bochaganj,Dinajpur,Rangpur,25095.4076,0.0,0,0.0
uni_552717714,Sahargram,Birol,Dinajpur,Rangpur,24692.04381,0.0,0,0.0
uni_552717688,Ranipukur,Birol,Dinajpur,Rangpur,25244.27101,0.0,0,0.0
uni_552717679,Rajarampur,Birol,Dinajpur,Rangpur,18545.47029,0.0,0,0.0
uni_552717612,Palashbari,Birol,Dinajpur,Rangpur,16122.73722,0.0,0,0.0
uni_552717512,Mangalpur,Birol,Dinajpur,Rangpur,17528.43629,0.0,0,0.0
uni_552717280,Farakkabad,Birol,Dinajpur,Rangpur,17443.22836,0.0,0,0.0
uni_552717221,Dharmapur,Birol,Dinajpur,Rangpur,24990.61549,0.0,0,0.0
uni_552717212,Dhamair,Birol,Dinajpur,Rangpur,21521.37633,0.0,0,0.0
uni_552717161,Birol,Birol,Dinajpur,Rangpur,25705.76908,0.0,0,0.0
uni_552717152,Bijora,Birol,Dinajpur,Rangpur,25518.25655,0.0,0,0.0
uni_552717143,Bhandara,Birol,Dinajpur,Rangpur,26378.82292,0.0,0,0.0
uni_552717109,Azimpur,Birol,Dinajpur,Rangpur,12615.31518,0.0,0,0.0
uni_552717016,Birol Pourasabha (Municipality),Birol,Dinajpur,Rangpur,12092.79283,0.0,0,0.0
uni_552756707,Sundarpur,Kaharole,Dinajpur,Rangpur,34065.55819,0.0,0,0.0
uni_552760109,Alokjhari,Khansama,Dinajpur,Rangpur,39854.81387,0.0,0,0.0
uni_553230733,Shalmara,Gobindaganj,Gaibandha,Rangpur,33287.04127,0.0,0,0.0
uni_553224523,Mollarchar,Gaibandha Sadar,Gaibandha,Rangpur,11683.702753,0.0,0,0.0
uni_553224480,Lakkhipur,Gaibandha Sadar,Gaibandha,Rangpur,37547.91372,0.0,0,0.0
uni_553224462,Kuptala,Gaibandha Sadar,Gaibandha,Rangpur,31518.97586,0.0,0,0.0
uni_553224453,Kholahati,Gaibandha Sadar,Gaibandha,Rangpur,50703.861,0.0,0,0.0
uni_553224444,Kamarjani,Gaibandha Sadar,Gaibandha,Rangpur,17716.98765,0.0,0,0.0
uni_553224319,Gidari,Gaibandha Sadar,Gaibandha,Rangpur,28877.37134,0.0,0,0.0
uni_553224310,Ghagoa,Gaibandha Sadar,Gaibandha,Rangpur,21024.8912,0.0,0,0.0
uni_553224160,Boali,Gaibandha Sadar,Gaibandha,Rangpur,45641.96324,0.0,0,0.0
uni_553224151,Ballamjhar,Gaibandha Sadar,Gaibandha,Rangpur,46124.18718,0.0,0,0.0
uni_553224142,Badiakhali,Gaibandha Sadar,Gaibandha,Rangpur,32241.57988,0.0,0,0.0
uni_553224022,Gaibandha Pourasabha (Municipality),Gaibandha Sadar,Gaibandha,Rangpur,67669.9985,0.0,0,0.0
uni_553221783,Uria,Fulchhari,Gaibandha,Rangpur,18986.83942,0.0,0,0.0
uni_553221774,Udakhali,Fulchhari,Gaibandha,Rangpur,20616.15551,0.0,0,0.0
uni_553221443,Kanchipara,Fulchhari,Gaibandha,Rangpur,22151.424124,0.0,0,0.0
uni_553221310,Gazaria,Fulchhari,Gaibandha,Rangpur,24400.08455,0.0,0,0.0
uni_553221284,Fulchhari,Fulchhari,Gaibandha,Rangpur,36513.965122,0.0,0,0.0
uni_553224514,Malibari,Gaibandha Sadar,Gaibandha,Rangpur,32371.41957,0.0,0,0.0
uni_553224681,Ramchandrapur,Gaibandha Sadar,Gaibandha,Rangpur,32026.16961,0.0,0,0.0
uni_553221241,Erendabari,Fulchhari,Gaibandha,Rangpur,36588.49085,0.0,0,0.0
uni_553224715,Sahapara,Gaibandha Sadar,Gaibandha,Rangpur,26470.9613,0.0,0,0.0
uni_553230724,Shakhahar,Gobindaganj,Gaibandha,Rangpur,27899.10911,0.0,0,0.0
uni_553230715,Sapmara,Gobindaganj,Gaibandha,Rangpur,31925.3606,0.0,0,0.0
uni_553230689,Rakhal Buruz,Gobindaganj,Gaibandha,Rangpur,29831.7425,0.0,0,0.0
uni_553230680,Rajahar,Gobindaganj,Gaibandha,Rangpur,20362.89995,0.0,0,0.0
uni_553230547,Nakai,Gobindaganj,Gaibandha,Rangpur,25648.01984,0.0,0,0.0
uni_553230513,Mahimaganj,Gobindaganj,Gaibandha,Rangpur,38986.90431,0.0,0,0.0
uni_553230470,Kochashahar,Gobindaganj,Gaibandha,Rangpur,28625.863559999998,0.0,0,0.0
uni_553230461,Katabari,Gobindaganj,Gaibandha,Rangpur,29301.32585,0.0,0,0.0
uni_553230452,Kamdia,Gobindaganj,Gaibandha,Rangpur,35676.63259,0.0,0,0.0
uni_553230443,Kamardaha,Gobindaganj,Gaibandha,Rangpur,31012.20172,0.0,0,0.0
uni_553230343,Harirampur,Gobindaganj,Gaibandha,Rangpur,31681.6836,0.0,0,0.0
uni_553230309,Gumaniganj,Gobindaganj,Gaibandha,Rangpur,30078.66759,0.0,0,0.0
uni_553230275,Fulbari,Gobindaganj,Gaibandha,Rangpur,23100.64309,0.0,0,0.0
uni_553230208,Darbasta,Gobindaganj,Gaibandha,Rangpur,42463.15655,0.0,0,0.0
uni_553230033,Gobindaganj Pourasabha (Municipality),Gobindaganj,Gaibandha,Rangpur,44033.0901,0.0,0,0.0
uni_553221275,Fazlupur,Fulchhari,Gaibandha,Rangpur,23211.3370543,0.0,0,0.0
uni_552777998,Palashbari,Parbatipur,Dinajpur,Rangpur,3222.68446,0.0,0,0.0
uni_552760118,Angarpara,Khansama,Dinajpur,Rangpur,28311.7481,0.0,0,0.0
uni_552769151,Binodnagar,Nababganj,Dinajpur,Rangpur,27606.165829999998,0.0,0,0.0
uni_552764778,Uthrail,Dinajpur Sadar,Dinajpur,Rangpur,24429.17552,0.0,0,0.0
uni_552764735,Sundarban,Dinajpur Sadar,Dinajpur,Rangpur,31507.46838,0.0,0,0.0
uni_552764726,Sheikhpura,Dinajpur Sadar,Dinajpur,Rangpur,32207.58221,0.0,0,0.0
uni_552764717,Shashara,Dinajpur Sadar,Dinajpur,Rangpur,33231.39673,0.0,0,0.0
uni_552764708,Shankarpur,Dinajpur Sadar,Dinajpur,Rangpur,26481.61162,0.0,0,0.0
uni_552764443,Kamalpur,Dinajpur Sadar,Dinajpur,Rangpur,23229.96849,0.0,0,0.0
uni_552764277,Fazilpur,Dinajpur Sadar,Dinajpur,Rangpur,25600.82071,0.0,0,0.0
uni_552764177,Chehelgazi,Dinajpur Sadar,Dinajpur,Rangpur,66459.70759,0.0,0,0.0
uni_552764118,Auliapur,Dinajpur Sadar,Dinajpur,Rangpur,50099.91299,0.0,0,0.0
uni_552764109,Askarpur,Dinajpur Sadar,Dinajpur,Rangpur,23780.8668,0.0,0,0.0
uni_552764028,Dinajpur Pourasabha (Municipality),Dinajpur Sadar,Dinajpur,Rangpur,192786.5361,0.0,0,0.0
uni_552760444,Khamarpara,Khansama,Dinajpur,Rangpur,25455.68943,0.0,0,0.0
uni_552760311,Goaldihi,Khansama,Dinajpur,Rangpur,29892.80092,0.0,0,0.0
uni_552760153,Bherbheri,Khansama,Dinajpur,Rangpur,32341.25352,0.0,0,0.0
uni_552760144,Bhabki,Khansama,Dinajpur,Rangpur,29423.92264,0.0,0,0.0
uni_552769142,Bhaduria,Nababganj,Dinajpur,Rangpur,29623.55898,0.0,0,0.0
uni_552769210,Daudpur,Nababganj,Dinajpur,Rangpur,28595.22901,0.0,0,0.0
uni_552777679,Rampur,Parbatipur,Dinajpur,Rangpur,20385.82846,0.0,0,0.0
uni_552769310,Golapganj,Nababganj,Dinajpur,Rangpur,28450.685,0.0,0,0.0
uni_552777612,Palashbari,Parbatipur,Dinajpur,Rangpur,29131.50256,0.0,0,0.0
uni_552777528,Mostafapur,Parbatipur,Dinajpur,Rangpur,27796.62491,0.0,0,0.0
uni_552777519,Manmathpur,Parbatipur,Dinajpur,Rangpur,29371.54017,0.0,0,0.0
uni_552777510,Maminpur,Parbatipur,Dinajpur,Rangpur,26287.13318,0.0,0,0.0
uni_552777360,Harirampur,Parbatipur,Dinajpur,Rangpur,40589.85678,0.0,0,0.0
uni_552777351,Hamidpur,Parbatipur,Dinajpur,Rangpur,43774.82897,0.0,0,0.0
uni_552777342,Habra,Parbatipur,Dinajpur,Rangpur,36570.46133,0.0,0,0.0
uni_552777176,Chandipur,Parbatipur,Dinajpur,Rangpur,29759.76944,0.0,0,0.0
uni_552777142,Belaichandi,Parbatipur,Dinajpur,Rangpur,32743.74707,0.0,0,0.0
uni_552777071,Parbatipur Pourasabha (Municipality),Parbatipur,Dinajpur,Rangpur,51330.25251,0.0,0,0.0
uni_552769711,Shalkhuria,Nababganj,Dinajpur,Rangpur,9625.37557,0.0,0,0.0
uni_552769611,Putimara,Nababganj,Dinajpur,Rangpur,19751.79749,0.0,0,0.0
uni_552769511,Mamudpur,Nababganj,Dinajpur,Rangpur,29702.36605,0.0,0,0.0
uni_552769444,Kushdaha,Nababganj,Dinajpur,Rangpur,35737.45757,0.0,0,0.0
uni_552769410,Joypur,Nababganj,Dinajpur,Rangpur,30707.74904,0.0,0,0.0
uni_401823745,Titudaha,Chuadanga Sadar,Chuadanga,Khulna,20551.99666,0.0,0,0.0
uni_401823442,Kutubpur,Chuadanga Sadar,Chuadanga,Khulna,40804.62566,0.0,0,0.0
uni_401823611,Padmabila,Chuadanga Sadar,Chuadanga,Khulna,25750.49177,0.0,0,0.0
uni_201586083,Sitakunda Pourasabha (Municipality),Sitakunda,Chattogram,Chattogram,27622.380696,0.0,0,0.0
uni_201586710,Salimpur,Sitakunda,Chattogram,Chattogram,128643.11474,0.0,0,0.0
uni_201586511,Muradpur,Sitakunda,Chattogram,Chattogram,21727.089481,0.0,0,0.0
uni_201586444,Kumira,Sitakunda,Chattogram,Chattogram,63254.58031,0.0,0,0.0
uni_201586178,Bhatiary,Sitakunda,Chattogram,Chattogram,105002.99126,0.0,0,0.0
uni_201586169,Baraiyadhala,Sitakunda,Chattogram,Chattogram,22380.140695,0.0,0,0.0
uni_201586160,Barabkunda,Sitakunda,Chattogram,Chattogram,28472.046105999998,0.0,0,0.0
uni_201586151,Banshbaria,Sitakunda,Chattogram,Chattogram,24835.784545,0.0,0,0.0
uni_201582735,Sonakania,Satkania,Chattogram,Chattogram,17196.53174,0.0,0,0.0
uni_201915210,Dulalpur,Brahmanpara,Cumilla,Chattogram,24456.9312,0.0,0,0.0
uni_201582726,Satkania,Satkania,Chattogram,Chattogram,23866.4347,0.0,0,0.0
uni_201582717,Sadaha,Satkania,Chattogram,Chattogram,33559.21526,0.0,0,0.0
uni_201582625,Purangar,Satkania,Chattogram,Chattogram,22885.54848,0.0,0,0.0
uni_201582616,Paschim Dhemsha,Satkania,Chattogram,Chattogram,5632.4493,0.0,0,0.0
uni_201582549,Nalua,Satkania,Chattogram,Chattogram,16828.84879,0.0,0,0.0
uni_201582515,Madarsha,Satkania,Chattogram,Chattogram,16986.16794,0.0,0,0.0
uni_201582472,Khagaria,Satkania,Chattogram,Chattogram,15052.259699999999,0.0,0,0.0
uni_201586719,Sonaichhari,Sitakunda,Chattogram,Chattogram,108221.892645,0.0,0,0.0
uni_201586728,Syedpur,Sitakunda,Chattogram,Chattogram,30254.8456007,0.0,0,0.0
uni_201909016,Barura Pourasabha (Municipality),Barura,Cumilla,Chattogram,62216.927,0.0,0,0.0
uni_201909109,Adda,Barura,Cumilla,Chattogram,32507.3375,0.0,0,0.0
uni_201915142,Brahmanpara,Brahmanpara,Cumilla,Chattogram,33680.3656,0.0,0,0.0
uni_201909791,Uttar Shilmuri,Barura,Cumilla,Chattogram,21557.256,0.0,0,0.0
uni_201909782,Uttar Khoshbas,Barura,Cumilla,Chattogram,30571.1811,0.0,0,0.0
uni_201909715,Shakpur,Barura,Cumilla,Chattogram,25785.403299999998,0.0,0,0.0
uni_201909615,Payalgachha,Barura,Cumilla,Chattogram,28914.20866,0.0,0,0.0
uni_201909482,Lakkhipur,Barura,Cumilla,Chattogram,21849.76804,0.0,0,0.0
uni_201909415,Jalam,Barura,Cumilla,Chattogram,28039.7327,0.0,0,0.0
uni_201909315,Galimpur,Barura,Cumilla,Chattogram,29667.0181,0.0,0,0.0
uni_201909223,Dakkhin Shilmuri,Barura,Cumilla,Chattogram,27833.6072,0.0,0,0.0
uni_201909214,Dakkhin Khoshbas,Barura,Cumilla,Chattogram,24362.6787,0.0,0,0.0
uni_201909180,Chitadda,Barura,Cumilla,Chattogram,20602.8152,0.0,0,0.0
uni_201909154,Bhauksar,Barura,Cumilla,Chattogram,21931.9906,0.0,0,0.0
uni_201909145,Bhabanipur,Barura,Cumilla,Chattogram,24111.415,0.0,0,0.0
uni_201909127,Aganagar,Barura,Cumilla,Chattogram,27810.3006,0.0,0,0.0
uni_201909118,Adra,Barura,Cumilla,Chattogram,23916.8942,0.0,0,0.0
uni_201582463,Keochia,Satkania,Chattogram,Chattogram,36526.2838,0.0,0,0.0
uni_201582454,Kanchana,Satkania,Chattogram,Chattogram,21773.13074,0.0,0,0.0
uni_201582445,Kaliaish,Satkania,Chattogram,Chattogram,23853.4973,0.0,0,0.0
uni_201578211,Dirghapar,Sandwip,Chattogram,Chattogram,4277.91485,0.0,0,0.0
uni_201578118,Azimpur,Sandwip,Chattogram,Chattogram,10816.651355,0.0,0,0.0
uni_201578109,Amanulla,Sandwip,Chattogram,Chattogram,1045.858,0.0,0,0.0
uni_201578067,Sandwip Pourasabha (Municipality),Sandwip,Chattogram,Chattogram,28999.18206,0.0,0,0.0
uni_201574782,Urkirchar,Raozan,Chattogram,Chattogram,22715.7717,0.0,0,0.0
uni_201574682,Raozan,Raozan,Chattogram,Chattogram,20299.26223,0.0,0,0.0
uni_201574631,Purba Guzara,Raozan,Chattogram,Chattogram,23760.808,0.0,0,0.0
uni_201574622,Pashchim Guzara,Raozan,Chattogram,Chattogram,23299.05867,0.0,0,0.0
uni_201574613,Pahartali,Raozan,Chattogram,Chattogram,32081.196,0.0,0,0.0
uni_201574554,Noapara,Raozan,Chattogram,Chattogram,33662.3929,0.0,0,0.0
uni_201574545,Noajishpur,Raozan,Chattogram,Chattogram,10284.1752,0.0,0,0.0
uni_201574445,Kadalpur,Raozan,Chattogram,Chattogram,17298.07947,0.0,0,0.0
uni_201574345,Haladia,Raozan,Chattogram,Chattogram,35787.82987,0.0,0,0.0
uni_201574311,Gohira,Raozan,Chattogram,Chattogram,9794.07185,0.0,0,0.0
uni_201574211,Dabua,Raozan,Chattogram,Chattogram,29620.98514,0.0,0,0.0
uni_201574177,Chikdair,Raozan,Chattogram,Chattogram,16952.2673,0.0,0,0.0
uni_201578144,Bauria,Sandwip,Chattogram,Chattogram,17478.94985,0.0,0,0.0
uni_201578311,Gachhua,Sandwip,Chattogram,Chattogram,14836.07824,0.0,0,0.0
uni_201582246,Eochia,Satkania,Chattogram,Chattogram,28501.61366,0.0,0,0.0
uni_201578345,Haramia,Sandwip,Chattogram,Chattogram,16858.10188,0.0,0,0.0
uni_201582220,Dhemsha,Satkania,Chattogram,Chattogram,21857.8615,0.0,0,0.0
uni_201582211,Dharmapur,Satkania,Chattogram,Chattogram,9537.12385,0.0,0,0.0
uni_201582177,Charati,Satkania,Chattogram,Chattogram,30798.90989,0.0,0,0.0
uni_201582143,Bazalia,Satkania,Chattogram,Chattogram,16877.20803,0.0,0,0.0
uni_201582109,Amilaish,Satkania,Chattogram,Chattogram,5522.7285,0.0,0,0.0
uni_201582075,Satkania Pourasabha (Municipality),Satkania,Chattogram,Chattogram,52104.0381,0.0,0,0.0
uni_201578783,Urirchar,Sandwip,Chattogram,Chattogram,14463.212055,0.0,0,0.0
uni_201578724,Sarikait,Sandwip,Chattogram,Chattogram,26931.108935,0.0,0,0.0
uni_201578715,Santoshpur,Sandwip,Chattogram,Chattogram,12858.15296,0.0,0,0.0
uni_201578681,Rahmatpur,Sandwip,Chattogram,Chattogram,6095.803514,0.0,0,0.0
uni_201578531,Muchhapur,Sandwip,Chattogram,Chattogram,38170.0726,0.0,0,0.0
uni_201578522,Maitbhanga,Sandwip,Chattogram,Chattogram,19631.592,0.0,0,0.0
uni_201578513,Magdhara,Sandwip,Chattogram,Chattogram,81256.88207,0.0,0,0.0
uni_201578446,Kalapania,Sandwip,Chattogram,Chattogram,17588.991018,0.0,0,0.0
uni_201578354,Harishpur,Sandwip,Chattogram,Chattogram,3538.1545539999997,0.0,0,0.0
uni_201915176,Chandla,Brahmanpara,Cumilla,Chattogram,20394.73716,0.0,0,0.0
uni_201915508,Madhabpur,Brahmanpara,Cumilla,Chattogram,41020.86349,0.0,0,0.0
uni_201574142,Bagoan,Raozan,Chattogram,Chattogram,13018.535240000001,0.0,0,0.0
uni_201933641,Purba Jorkanan,Sadar Dakkhin,Cumilla,Chattogram,46961.4907,0.0,0,0.0
uni_201936254,Eliatganj Uttar,Daudkandi,Cumilla,Chattogram,18691.54308,0.0,0,0.0
uni_201936245,Eliatganj Dakkhin,Daudkandi,Cumilla,Chattogram,30690.884,0.0,0,0.0
uni_201936219,Daulatpur,Daudkandi,Cumilla,Chattogram,21097.1379,0.0,0,0.0
uni_201936210,Daudkandi Uttar,Daudkandi,Cumilla,Chattogram,28593.74034,0.0,0,0.0
uni_201936151,Biteshwar,Daudkandi,Cumilla,Chattogram,17081.13823,0.0,0,0.0
uni_201936142,Barapara,Daudkandi,Cumilla,Chattogram,26592.5391,0.0,0,0.0
uni_201936067,Daudkandi Pourasabha (Municipality),Daudkandi,Cumilla,Chattogram,45473.75672,0.0,0,0.0
uni_201933614,Pashchim Jorkanan,Sadar Dakkhin,Cumilla,Chattogram,43214.0843,0.0,0,0.0
uni_201915517,Malapara,Brahmanpara,Cumilla,Chattogram,13491.51805,0.0,0,0.0
uni_201933322,Galiara Uttar,Sadar Dakkhin,Cumilla,Chattogram,22451.0085,0.0,0,0.0
uni_201933316,Galiara Dakkhin,Sadar Dakkhin,Cumilla,Chattogram,22078.5561,0.0,0,0.0
uni_201933205,Bijoypur,Sadar Dakkhin,Cumilla,Chattogram,40898.44816,0.0,0,0.0
uni_201933183,Chouara,Sadar Dakkhin,Cumilla,Chattogram,51183.50874,0.0,0,0.0
uni_201933160,Barapara,Sadar Dakkhin,Cumilla,Chattogram,48805.1836,0.0,0,0.0
uni_201931781,Ujirpur,Chauddagram,Cumilla,Chattogram,34509.8048,0.0,0,0.0
uni_201931722,Sreepur,Chauddagram,Cumilla,Chattogram,29369.21197,0.0,0,0.0
uni_201936313,Goalmari,Daudkandi,Cumilla,Chattogram,19782.1832,0.0,0,0.0
uni_201936322,Gouripur,Daudkandi,Cumilla,Chattogram,39630.2197,0.0,0,0.0
uni_201936414,Jinglatali,Daudkandi,Cumilla,Chattogram,20635.97715,0.0,0,0.0
uni_201936514,Maligaon,Daudkandi,Cumilla,Chattogram,16817.123,0.0,0,0.0
uni_201940513,Mohanpur,Debidwar,Cumilla,Chattogram,26017.8648,0.0,0,0.0
uni_201940413,Jafarganj,Debidwar,Cumilla,Chattogram,29437.2159,0.0,0,0.0
uni_201940280,Fatehabad,Debidwar,Cumilla,Chattogram,37055.9272,0.0,0,0.0
uni_201940246,Elahabad,Debidwar,Cumilla,Chattogram,25794.3137,0.0,0,0.0
uni_201940220,Dhamti,Debidwar,Cumilla,Chattogram,23808.4766,0.0,0,0.0
uni_201940211,Dakkhin Gunaighar,Debidwar,Cumilla,Chattogram,21175.00791,0.0,0,0.0
uni_201940160,Bhani,Debidwar,Cumilla,Chattogram,29486.3423,0.0,0,0.0
uni_201940151,Barkamta,Debidwar,Cumilla,Chattogram,32577.783,0.0,0,0.0
uni_201940142,Bara Shalghar,Debidwar,Cumilla,Chattogram,23830.98914,0.0,0,0.0
uni_201940070,Debidwar Pourasabha (Municipality),Debidwar,Cumilla,Chattogram,71158.377,0.0,0,0.0
uni_201936717,Sundalpur,Daudkandi,Cumilla,Chattogram,19501.1629,0.0,0,0.0
uni_201936625,Panchgachhia,Daudkandi,Cumilla,Chattogram,16049.04437,0.0,0,0.0
uni_201936616,Padua,Daudkandi,Cumilla,Chattogram,18664.63205,0.0,0,0.0
uni_201936532,Mohammadpur,Daudkandi,Cumilla,Chattogram,20914.8231,0.0,0,0.0
uni_201936523,Maruka,Daudkandi,Cumilla,Chattogram,18300.351020000002,0.0,0,0.0
uni_201931713,Shubhapur,Chauddagram,Cumilla,Chattogram,38224.33717,0.0,0,0.0
uni_201931514,Munsirhat,Chauddagram,Cumilla,Chattogram,34955.0741,0.0,0,0.0
uni_201931463,Kashinagar,Chauddagram,Cumilla,Chattogram,39805.63809,0.0,0,0.0
uni_201927169,Bataghasi,Chandina,Cumilla,Chattogram,33262.4958,0.0,0,0.0
uni_201927151,Barkait,Chandina,Cumilla,Chattogram,25839.6355,0.0,0,0.0
uni_201927142,Barera,Chandina,Cumilla,Chattogram,25695.506,0.0,0,0.0
uni_201927033,Chandina Pourasabha (Municipality),Chandina,Cumilla,Chattogram,55617.6927,0.0,0,0.0
uni_201918711,Sholanal,Burichang,Cumilla,Chattogram,50763.76913,0.0,0,0.0
uni_201918677,Rajapur,Burichang,Cumilla,Chattogram,42070.4959,0.0,0,0.0
uni_201918610,Pir Jatrapur,Burichang,Cumilla,Chattogram,16844.91915,0.0,0,0.0
uni_201918518,Mokam,Burichang,Cumilla,Chattogram,64191.4666,0.0,0,0.0
uni_201918509,Maynamati,Burichang,Cumilla,Chattogram,50430.8054,0.0,0,0.0
uni_201918169,Burichang,Burichang,Cumilla,Chattogram,33186.1153,0.0,0,0.0
uni_201918160,Bharella Uttar,Burichang,Cumilla,Chattogram,26159.710450000002,0.0,0,0.0
uni_201918151,Bharella Dakshin,Burichang,Cumilla,Chattogram,19269.7564,0.0,0,0.0
uni_201918142,Bakshimul,Burichang,Cumilla,Chattogram,42865.93771,0.0,0,0.0
uni_201915726,Sidlai,Brahmanpara,Cumilla,Chattogram,20158.13654,0.0,0,0.0
uni_201915717,Shashidal,Brahmanpara,Cumilla,Chattogram,45003.67314,0.0,0,0.0
uni_201915708,Sahebabad,Brahmanpara,Cumilla,Chattogram,16244.06856,0.0,0,0.0
uni_201927160,Barkarai,Chandina,Cumilla,Chattogram,19429.2775,0.0,0,0.0
uni_201927212,Dollai Nababpur,Chandina,Cumilla,Chattogram,20466.4798,0.0,0,0.0
uni_201931454,Kankapait,Chauddagram,Cumilla,Chattogram,28611.26603,0.0,0,0.0
uni_201927246,Etbarpur,Chandina,Cumilla,Chattogram,6167.2905,0.0,0,0.0
uni_201931445,Kalikapur,Chauddagram,Cumilla,Chattogram,25447.5109,0.0,0,0.0
uni_201931411,Jagannathdighi,Chauddagram,Cumilla,Chattogram,36851.801999999996,0.0,0,0.0
uni_201931319,Gunabati,Chauddagram,Cumilla,Chattogram,34976.51389,0.0,0,0.0
uni_201931310,Gholpasha,Chauddagram,Cumilla,Chattogram,39394.4631,0.0,0,0.0
uni_201931177,Cheora,Chauddagram,Cumilla,Chattogram,30195.63318,0.0,0,0.0
uni_201931143,Batisha,Chauddagram,Cumilla,Chattogram,29595.9757,0.0,0,0.0
uni_201931109,Alkara,Chauddagram,Cumilla,Chattogram,31232.35414,0.0,0,0.0
uni_201931037,Chauddagram Pourasabha (Municipality),Chauddagram,Cumilla,Chattogram,48717.4653,0.0,0,0.0
uni_201927715,Suhilpur,Chandina,Cumilla,Chattogram,21765.4185,0.0,0,0.0
uni_201927532,Maijkhar,Chandina,Cumilla,Chattogram,54673.0445,0.0,0,0.0
uni_201927523,Mahichail,Chandina,Cumilla,Chattogram,25634.4352,0.0,0,0.0
uni_201927514,Madhaiya,Chandina,Cumilla,Chattogram,33083.983,0.0,0,0.0
uni_201927447,Kerankhal,Chandina,Cumilla,Chattogram,22012.0183,0.0,0,0.0
uni_201927413,Joag,Chandina,Cumilla,Chattogram,22799.6167,0.0,0,0.0
uni_201927313,Gallai,Chandina,Cumilla,Chattogram,31790.631999999998,0.0,0,0.0
uni_201574151,Binajuri,Raozan,Chattogram,Chattogram,14041.48877,0.0,0,0.0
uni_201574050,Raozan Pourasabha (Municipality),Raozan,Chattogram,Chattogram,69040.36932,0.0,0,0.0
uni_205158220,Dakkhin Char Bangshi,Raipur,Lakshmipur,Chattogram,23244.183380000002,0.0,0,0.0
uni_201518345,Hashimpur,Chandanaish,Chattogram,Chattogram,31506.64295,0.0,0,0.0
uni_201533143,Bagan Bazar,Fatikchhari,Chattogram,Chattogram,62733.52084,0.0,0,0.0
uni_201533109,Abdullapur,Fatikchhari,Chattogram,Chattogram,3031.9528,0.0,0,0.0
uni_201533028,Najirhat Pourasabha (Municipality),Fatikchhari,Chattogram,Chattogram,50969.84011,0.0,0,0.0
uni_201533022,Fatikchhari Pourasabha (Municipality),Fatikchhari,Chattogram,Chattogram,28502.60599,0.0,0,0.0
uni_201518711,Satbaria,Chandanaish,Chattogram,Chattogram,13378.2783,0.0,0,0.0
uni_201518446,Kanchanabad,Chandanaish,Chattogram,Chattogram,51605.033,0.0,0,0.0
uni_201518412,Joara,Chandanaish,Chattogram,Chattogram,6069.8767,0.0,0,0.0
uni_201518220,Dohazari,Chandanaish,Chattogram,Chattogram,45303.74236,0.0,0,0.0
uni_201537211,Dakkhin Madarsha,Hathazari,Chattogram,Chattogram,37437.2278,0.0,0,0.0
uni_201518211,Dhopachhari,Chandanaish,Chattogram,Chattogram,25291.463925,0.0,0,0.0
uni_201518160,Barkal,Chandanaish,Chattogram,Chattogram,19806.4044,0.0,0,0.0
uni_201518151,Barama,Chandanaish,Chattogram,Chattogram,19462.53915,0.0,0,0.0
uni_201518142,Bailtali,Chandanaish,Chattogram,Chattogram,12574.7834,0.0,0,0.0
uni_201518012,Chandanaish Pourasabha (Municipality),Chandanaish,Chattogram,Chattogram,44175.42592,0.0,0,0.0
uni_201512727,Sreepur Kharandwip,Boalkhali,Chattogram,Chattogram,9819.56402,0.0,0,0.0
uni_201512718,Shakpura,Boalkhali,Chattogram,Chattogram,12317.23874,0.0,0,0.0
uni_201533152,Baktapur,Fatikchhari,Chattogram,Chattogram,8216.9161,0.0,0,0.0
uni_201533161,Bhujpur,Fatikchhari,Chattogram,Chattogram,38877.53979,0.0,0,0.0
uni_201533212,Dantmara,Fatikchhari,Chattogram,Chattogram,55371.16001,0.0,0,0.0
uni_201533230,Dharmapur,Fatikchhari,Chattogram,Chattogram,20995.49587,0.0,0,0.0
uni_201537176,Chhipatali,Hathazari,Chattogram,Chattogram,9285.477930000001,0.0,0,0.0
uni_201537142,Burishchar,Hathazari,Chattogram,Chattogram,44711.728,0.0,0,0.0
uni_201537023,Hathazari Pourasabha (Municipality),Hathazari,Chattogram,Chattogram,84943.16856,0.0,0,0.0
uni_201533737,Sundarpur,Fatikchhari,Chattogram,Chattogram,16462.62256,0.0,0,0.0
uni_201533728,Suabil,Fatikchhari,Chattogram,Chattogram,31787.5912,0.0,0,0.0
uni_201533719,Samitirhat,Fatikchhari,Chattogram,Chattogram,16372.3563,0.0,0,0.0
uni_201533685,Rosanggiri,Fatikchhari,Chattogram,Chattogram,9316.81768,0.0,0,0.0
uni_201533618,Paindang,Fatikchhari,Chattogram,Chattogram,36234.72355,0.0,0,0.0
uni_201533559,Narayanhat,Fatikchhari,Chattogram,Chattogram,46712.27575,0.0,0,0.0
uni_201533550,Nanupur,Fatikchhari,Chattogram,Chattogram,28205.9765,0.0,0,0.0
uni_201533483,Lelang,Fatikchhari,Chattogram,Chattogram,32871.47185,0.0,0,0.0
uni_201533457,Khiram,Fatikchhari,Chattogram,Chattogram,13611.252989999999,0.0,0,0.0
uni_201533448,Kanchannagar,Fatikchhari,Chattogram,Chattogram,30620.11214,0.0,0,0.0
uni_201533414,Jafatnagar,Fatikchhari,Chattogram,Chattogram,8687.04966,0.0,0,0.0
uni_201533347,Harualchhari,Fatikchhari,Chattogram,Chattogram,39795.85154,0.0,0,0.0
uni_201512709,Saroatali,Boalkhali,Chattogram,Chattogram,9797.83647,0.0,0,0.0
uni_201512617,Popadia,Boalkhali,Chattogram,Chattogram,9337.72524,0.0,0,0.0
uni_201512608,Pashchim Gomdandi,Boalkhali,Chattogram,Chattogram,7133.76283,0.0,0,0.0
uni_201508142,Baharchhara,Banshkhali,Chattogram,Chattogram,28909.11854,0.0,0,0.0
uni_201504680,Raypur,Anwara,Chattogram,Chattogram,28459.946534,0.0,0,0.0
uni_201504613,Paraikora,Anwara,Chattogram,Chattogram,18455.57877,0.0,0,0.0
uni_201504414,Juidandi,Anwara,Chattogram,Chattogram,11734.37609,0.0,0,0.0
uni_201504347,Haildhar,Anwara,Chattogram,Chattogram,24402.49897,0.0,0,0.0
uni_201504181,Chatari,Anwara,Chattogram,Chattogram,19772.20354,0.0,0,0.0
uni_201504179,Battali,Anwara,Chattogram,Chattogram,24889.64487,0.0,0,0.0
uni_201504170,Barumchara,Anwara,Chattogram,Chattogram,28893.49158,0.0,0,0.0
uni_201504161,Barashat,Anwara,Chattogram,Chattogram,19436.3644,0.0,0,0.0
uni_201504152,Barakhain,Anwara,Chattogram,Chattogram,25702.69464,0.0,0,0.0
uni_201504143,Bairag,Anwara,Chattogram,Chattogram,54523.36637,0.0,0,0.0
uni_201504109,Anwara,Anwara,Chattogram,Chattogram,14468.9385,0.0,0,0.0
uni_201395753,Tamta Uttar,Shahrasti,Chandpur,Chattogram,16262.20991,0.0,0,0.0
uni_201395744,Tamta Dakkhin,Shahrasti,Chandpur,Chattogram,21046.98585,0.0,0,0.0
uni_201395718,Suchipara Uttar,Shahrasti,Chandpur,Chattogram,20753.99706,0.0,0,0.0
uni_201395709,Suchipara Dakkhin,Shahrasti,Chandpur,Chattogram,24491.00721,0.0,0,0.0
uni_201508005,Banshkhali Pourasabha (Municipality),Banshkhali,Chattogram,Chattogram,26986.992299999998,0.0,0,0.0
uni_201508151,Bailchhari,Banshkhali,Chattogram,Chattogram,10968.73223,0.0,0,0.0
uni_201512442,Kadhurkhil,Boalkhali,Chattogram,Chattogram,7273.84113,0.0,0,0.0
uni_201508177,Chambal,Banshkhali,Chattogram,Chattogram,25650.79903,0.0,0,0.0
uni_201512177,Charandwip,Boalkhali,Chattogram,Chattogram,6023.539,0.0,0,0.0
uni_201512118,Amuchia,Boalkhali,Chattogram,Chattogram,8405.314845,0.0,0,0.0
uni_201512109,Ahalla Karaldenga,Boalkhali,Chattogram,Chattogram,9794.433514,0.0,0,0.0
uni_201512010,Boalkhali Pourasabha (Municipality),Boalkhali,Chattogram,Chattogram,41099.33901,0.0,0,0.0
uni_201508740,Shilkup,Banshkhali,Chattogram,Chattogram,11845.612070000001,0.0,0,0.0
uni_201508731,Sekherkhil,Banshkhali,Chattogram,Chattogram,12072.00315,0.0,0,0.0
uni_201508722,Saral,Banshkhali,Chattogram,Chattogram,33117.69555,0.0,0,0.0
uni_201508713,Sadhanpur,Banshkhali,Chattogram,Chattogram,29438.5733,0.0,0,0.0
uni_201508621,Pukuria,Banshkhali,Chattogram,Chattogram,36728.82383,0.0,0,0.0
uni_201508612,Puichhari,Banshkhali,Chattogram,Chattogram,31373.9707,0.0,0,0.0
uni_201508462,Khankhanabad,Banshkhali,Chattogram,Chattogram,26236.970699999998,0.0,0,0.0
uni_201508453,Katharia,Banshkhali,Chattogram,Chattogram,14796.75945,0.0,0,0.0
uni_201508444,Kalipur,Banshkhali,Chattogram,Chattogram,29472.89337,0.0,0,0.0
uni_201508311,Gandamara,Banshkhali,Chattogram,Chattogram,30076.81843,0.0,0,0.0
uni_201508186,Chhanua,Banshkhali,Chattogram,Chattogram,26850.0958,0.0,0,0.0
uni_201537185,Chikandandi,Hathazari,Chattogram,Chattogram,59055.8831,0.0,0,0.0
uni_201537220,Dhalai,Hathazari,Chattogram,Chattogram,20213.50532,0.0,0,0.0
uni_201570725,Shilak,Rangunia,Chattogram,Chattogram,16065.97688,0.0,0,0.0
uni_201561221,Dhalghat,Patiya,Chattogram,Chattogram,8642.83812,0.0,0,0.0
uni_201561461,Kelishahar,Patiya,Chattogram,Chattogram,9788.545261,0.0,0,0.0
uni_201561452,Kashiaish,Patiya,Chattogram,Chattogram,7842.19449,0.0,0,0.0
uni_201561443,Kachuai,Patiya,Chattogram,Chattogram,28936.34331,0.0,0,0.0
uni_201561417,Jiri,Patiya,Chattogram,Chattogram,22545.423170000002,0.0,0,0.0
uni_201561408,Jangalkhain,Patiya,Chattogram,Chattogram,7003.89275,0.0,0,0.0
uni_201561351,Haidgaon,Patiya,Chattogram,Chattogram,13938.291238,0.0,0,0.0
uni_201561342,Habilas Dwip,Patiya,Chattogram,Chattogram,13766.232030000001,0.0,0,0.0
uni_201561212,Dakkhin Bhurshi,Patiya,Chattogram,Chattogram,6233.8942,0.0,0,0.0
uni_201537279,Farhadabad,Hathazari,Chattogram,Chattogram,39383.459315,0.0,0,0.0
uni_201561195,Chhanhara,Patiya,Chattogram,Chattogram,8964.08069,0.0,0,0.0
uni_201561160,Bhatikhain,Patiya,Chattogram,Chattogram,7784.5815600000005,0.0,0,0.0
uni_201561151,Baralia,Patiya,Chattogram,Chattogram,8037.39722,0.0,0,0.0
uni_201561109,Ashia,Patiya,Chattogram,Chattogram,4652.1151,0.0,0,0.0
uni_201561033,Patiya Pourasabha (Municipality),Patiya,Chattogram,Chattogram,27851.454999999998,0.0,0,0.0
uni_201553850,Wahedpur,Mirsarai,Chattogram,Chattogram,22632.9152,0.0,0,0.0
uni_201553717,Saherkhali,Mirsarai,Chattogram,Chattogram,25830.473728,0.0,0,0.0
uni_201561470,Kharana,Patiya,Chattogram,Chattogram,8237.18743,0.0,0,0.0
uni_201561479,Kolagaon,Patiya,Chattogram,Chattogram,20111.37364,0.0,0,0.0
uni_201561488,Kusumpura,Patiya,Chattogram,Chattogram,11082.13557,0.0,0,0.0
uni_201561714,Shobhandandi,Patiya,Chattogram,Chattogram,12588.9519,0.0,0,0.0
uni_201570716,Sarafbhata,Rangunia,Chattogram,Chattogram,20147.228031,0.0,0,0.0
uni_201570690,Rangunia,Rangunia,Chattogram,Chattogram,14360.06219,0.0,0,0.0
uni_201570681,Rajanagar,Rangunia,Chattogram,Chattogram,33882.47254,0.0,0,0.0
uni_201570630,Pomara,Rangunia,Chattogram,Chattogram,36533.01145,0.0,0,0.0
uni_201570621,Parua,Rangunia,Chattogram,Chattogram,21927.81053,0.0,0,0.0
uni_201570612,Padua,Rangunia,Chattogram,Chattogram,51027.120624,0.0,0,0.0
uni_201570512,Mariamnagar,Rangunia,Chattogram,Chattogram,12745.8716,0.0,0,0.0
uni_201570478,Lalanagar,Rangunia,Chattogram,Chattogram,11622.146410000001,0.0,0,0.0
uni_201570444,Kodala,Rangunia,Chattogram,Chattogram,24449.714930000002,0.0,0,0.0
uni_201570377,Islampur,Rangunia,Chattogram,Chattogram,33689.31614,0.0,0,0.0
uni_201570343,Hosnabad,Rangunia,Chattogram,Chattogram,18679.50302,0.0,0,0.0
uni_201570210,Dakkhin Rajanagar,Rangunia,Chattogram,Chattogram,16652.855919999998,0.0,0,0.0
uni_201570176,Chandraghona Kadamtali,Rangunia,Chattogram,Chattogram,27865.3377,0.0,0,0.0
uni_201570142,Betagi,Rangunia,Chattogram,Chattogram,13699.20562,0.0,0,0.0
uni_201570041,Rangunia Pourasabha (Municipality),Rangunia,Chattogram,Chattogram,27724.300320000002,0.0,0,0.0
uni_201553584,Osmanpur,Mirsarai,Chattogram,Chattogram,10110.75063,0.0,0,0.0
uni_201553541,Mithanala,Mirsarai,Chattogram,Chattogram,17203.40014,0.0,0,0.0
uni_201553532,Mirsarai,Mirsarai,Chattogram,Chattogram,17756.67639,0.0,0,0.0
uni_201547178,Charamba,Lohagara,Chattogram,Chattogram,29366.03505,0.0,0,0.0
uni_201547118,Amirabad,Lohagara,Chattogram,Chattogram,35484.1995,0.0,0,0.0
uni_201547109,Adhunagar,Lohagara,Chattogram,Chattogram,27113.45418,0.0,0,0.0
uni_201539705,Shikalbaha,Karnaphuli,Chattogram,Chattogram,32481.67733,0.0,0,0.0
uni_201539426,Juldha,Karnaphuli,Chattogram,Chattogram,19206.0469,0.0,0,0.0
uni_201539186,Char Patharghata,Karnaphuli,Chattogram,Chattogram,17930.5348,0.0,0,0.0
uni_201539177,Char Lakkhya,Karnaphuli,Chattogram,Chattogram,30964.4067,0.0,0,0.0
uni_201539142,Bara Uthan,Karnaphuli,Chattogram,Chattogram,26626.37574,0.0,0,0.0
uni_201537783,Uttar Madarsha,Hathazari,Chattogram,Chattogram,22548.4675,0.0,0,0.0
uni_201537716,Shikarpur,Hathazari,Chattogram,Chattogram,41620.79,0.0,0,0.0
uni_201537550,Nangalmora,Hathazari,Chattogram,Chattogram,1700.7117400000002,0.0,0,0.0
uni_201537524,Mirzapur,Hathazari,Chattogram,Chattogram,40662.26411,0.0,0,0.0
uni_201537515,Mekhal,Hathazari,Chattogram,Chattogram,25794.817199999998,0.0,0,0.0
uni_201537323,Gumanmardan,Hathazari,Chattogram,Chattogram,9871.84754,0.0,0,0.0
uni_201537314,Garduara,Hathazari,Chattogram,Chattogram,8660.5107,0.0,0,0.0
uni_201537288,Fatepur,Hathazari,Chattogram,Chattogram,57201.3876,0.0,0,0.0
uni_201547144,Barahatia,Lohagara,Chattogram,Chattogram,33099.32319,0.0,0,0.0
uni_201547187,Chunati,Lohagara,Chattogram,Chattogram,47811.859194,0.0,0,0.0
uni_201553523,Mayani,Mirsarai,Chattogram,Chattogram,10624.67035,0.0,0,0.0
uni_201547444,Kalauzan,Lohagara,Chattogram,Chattogram,21235.96288,0.0,0,0.0
uni_201553514,Maghadia,Mirsarai,Chattogram,Chattogram,2076.69917,0.0,0,0.0
uni_201553463,Khaiyachhara,Mirsarai,Chattogram,Chattogram,12822.79657,0.0,0,0.0
uni_201553454,Katachhara,Mirsarai,Chattogram,Chattogram,10908.31487,0.0,0,0.0
uni_201553445,Karerhat,Mirsarai,Chattogram,Chattogram,78198.254609,0.0,0,0.0
uni_201553411,Jorarganj,Mirsarai,Chattogram,Chattogram,43712.033840000004,0.0,0,0.0
uni_201553377,Ichhakhali,Mirsarai,Chattogram,Chattogram,40469.868736,0.0,0,0.0
uni_201553351,Hinguli,Mirsarai,Chattogram,Chattogram,25918.1253,0.0,0,0.0
uni_201553342,Haitkandi,Mirsarai,Chattogram,Chattogram,15308.04366,0.0,0,0.0
uni_201553217,Durgapur,Mirsarai,Chattogram,Chattogram,17427.87448,0.0,0,0.0
uni_201553208,Dhum,Mirsarai,Chattogram,Chattogram,18285.7414,0.0,0,0.0
uni_201553025,Mirsarai Pourasabha (Municipality),Mirsarai,Chattogram,Chattogram,20071.04981,0.0,0,0.0
uni_201553008,Baraiyarhat Pourasabha (Municipality),Mirsarai,Chattogram,Chattogram,22282.5397,0.0,0,0.0
uni_201547620,Putibila,Lohagara,Chattogram,Chattogram,33096.18332,0.0,0,0.0
uni_201547611,Padua,Lohagara,Chattogram,Chattogram,47930.36663,0.0,0,0.0
uni_201547478,Lohagara,Lohagara,Chattogram,Chattogram,34090.1153,0.0,0,0.0
uni_201940679,Rajamehar,Debidwar,Cumilla,Chattogram,23053.45915,0.0,0,0.0
uni_201940688,Rasulpur,Debidwar,Cumilla,Chattogram,25854.36227,0.0,0,0.0
uni_201940714,Subil,Debidwar,Cumilla,Chattogram,26842.3045,0.0,0,0.0
uni_203029278,Farhadnagar,Feni Sadar,Feni,Chattogram,22634.48292,0.0,0,0.0
uni_203029714,Sharshadi,Feni Sadar,Feni,Chattogram,34247.11817,0.0,0,0.0
uni_203029614,Panchgachhia,Feni Sadar,Feni,Chattogram,50964.0513,0.0,0,0.0
uni_203029514,Motabi,Feni Sadar,Feni,Chattogram,18484.46348,0.0,0,0.0
uni_203029480,Lemua,Feni Sadar,Feni,Chattogram,21015.92024,0.0,0,0.0
uni_203029454,Kazirbag,Feni Sadar,Feni,Chattogram,29236.6841,0.0,0,0.0
uni_203029445,Kalidaha,Feni Sadar,Feni,Chattogram,45394.6335,0.0,0,0.0
uni_203029287,Fazilpur,Feni Sadar,Feni,Chattogram,23702.43059,0.0,0,0.0
uni_203029219,Dharmapur,Feni Sadar,Feni,Chattogram,28626.95273,0.0,0,0.0
uni_204643142,Babuchhara,Dighinala,Khagrachhari,Chattogram,28099.4580685,0.0,0,0.0
uni_203029210,Dhalia,Feni Sadar,Feni,Chattogram,31109.919560000002,0.0,0,0.0
uni_203029176,Chhanua,Feni Sadar,Feni,Chattogram,24130.5353,0.0,0,0.0
uni_203029142,Baligaon,Feni Sadar,Feni,Chattogram,29824.69871,0.0,0,0.0
uni_203029050,Feni Pourasabha (Municipality),Feni Sadar,Feni,Chattogram,197421.36239999998,0.0,0,0.0
uni_203025908,Yakubpur,Daganbhuiyan,Feni,Chattogram,38304.3032,0.0,0,0.0
uni_203025709,Sindurpur,Daganbhuiyan,Feni,Chattogram,34126.86411,0.0,0,0.0
uni_203025683,Ramnagar,Daganbhuiyan,Feni,Chattogram,26618.1528,0.0,0,0.0
uni_203041109,Amjadhat,Fulgazi,Feni,Chattogram,26269.37465,0.0,0,0.0
uni_203041118,Anandapur,Fulgazi,Feni,Chattogram,17716.02507,0.0,0,0.0
uni_203041210,Darbarpur,Fulgazi,Feni,Chattogram,16403.57356,0.0,0,0.0
uni_203041277,Fulgazi,Fulgazi,Feni,Chattogram,32443.10303,0.0,0,0.0
uni_203094545,Nababpur,Sonagazi,Feni,Chattogram,14747.26667,0.0,0,0.0
uni_203094519,Matiganj,Sonagazi,Feni,Chattogram,32668.8233,0.0,0,0.0
uni_203094510,Mangalkandi,Sonagazi,Feni,Chattogram,26002.8831,0.0,0,0.0
uni_203094195,Char Majlishpur,Sonagazi,Feni,Chattogram,26193.38685,0.0,0,0.0
uni_203094186,Char Darbesh,Sonagazi,Feni,Chattogram,55214.18205,0.0,0,0.0
uni_203094177,Char Chandia,Sonagazi,Feni,Chattogram,51120.139212,0.0,0,0.0
uni_203094143,Bagadana,Sonagazi,Feni,Chattogram,27073.3466,0.0,0,0.0
uni_203094109,Amirabad,Sonagazi,Feni,Chattogram,34298.92385,0.0,0,0.0
uni_203094080,Sonagazi Pourasabha (Municipality),Sonagazi,Feni,Chattogram,13310.0906,0.0,0,0.0
uni_203051507,Mirzanagar,Parashuram,Feni,Chattogram,23411.05714,0.0,0,0.0
uni_203051176,Chithalia,Parashuram,Feni,Chattogram,21851.76628,0.0,0,0.0
uni_203051142,Box Mahmud,Parashuram,Feni,Chattogram,26088.33206,0.0,0,0.0
uni_203051065,Parashuram Pourasabha (Municipality),Parashuram,Feni,Chattogram,28135.50451,0.0,0,0.0
uni_203041510,Munsirhat,Fulgazi,Feni,Chattogram,17513.9057,0.0,0,0.0
uni_203041311,Gm Hat,Fulgazi,Feni,Chattogram,13658.30186,0.0,0,0.0
uni_203025674,Rajapur,Daganbhuiyan,Feni,Chattogram,33367.59316,0.0,0,0.0
uni_203025607,Purba Chandrapur,Daganbhuiyan,Feni,Chattogram,26385.52834,0.0,0,0.0
uni_203025507,Matubhuiyan,Daganbhuiyan,Feni,Chattogram,20879.8473,0.0,0,0.0
uni_202290539,Nhila,Teknaf,Cox's Bazar,Chattogram,41975.337954,0.0,0,0.0
uni_202290088,Teknaf Pourasabha (Municipality),Teknaf,Cox's Bazar,Chattogram,27406.16668,0.0,0,0.0
uni_202266688,Rashidnagar,Ramu,Cox's Bazar,Chattogram,18679.95258,0.0,0,0.0
uni_202266679,Rajarkul,Ramu,Cox's Bazar,Chattogram,31692.11195,0.0,0,0.0
uni_202266463,Khuniapalang,Ramu,Cox's Bazar,Chattogram,71793.43187,0.0,0,0.0
uni_202266454,Kauar Khop,Ramu,Cox's Bazar,Chattogram,24325.85338,0.0,0,0.0
uni_202266445,Kachchhapia,Ramu,Cox's Bazar,Chattogram,24561.70275,0.0,0,0.0
uni_202266411,Joarianala,Ramu,Cox's Bazar,Chattogram,28407.09225,0.0,0,0.0
uni_202266311,Garjania,Ramu,Cox's Bazar,Chattogram,23990.43859,0.0,0,0.0
uni_202266277,Fatekharkul,Ramu,Cox's Bazar,Chattogram,22744.7401,0.0,0,0.0
uni_202266243,Eidgar,Ramu,Cox's Bazar,Chattogram,24238.59561,0.0,0,0.0
uni_202266209,Dakkhin Mithachhari,Ramu,Cox's Bazar,Chattogram,44332.95956,0.0,0,0.0
uni_202266175,Chakmarkul,Ramu,Cox's Bazar,Chattogram,12634.042099999999,0.0,0,0.0
uni_202256775,Ujantia,Pekua,Cox's Bazar,Chattogram,31458.44787,0.0,0,0.0
uni_202256741,Taitang,Pekua,Cox's Bazar,Chattogram,20985.082599999998,0.0,0,0.0
uni_202256707,Shilkhali,Pekua,Cox's Bazar,Chattogram,10953.83134,0.0,0,0.0
uni_202290142,Baharchhara,Teknaf,Cox's Bazar,Chattogram,17889.16503,0.0,0,0.0
uni_202290705,Sabrang,Teknaf,Cox's Bazar,Chattogram,59190.9235929,0.0,0,0.0
uni_203025407,Jaylaskar,Daganbhuiyan,Feni,Chattogram,41598.1891,0.0,0,0.0
uni_202290714,Saint Martin,Teknaf,Cox's Bazar,Chattogram,1875.45728,0.0,0,0.0
uni_203025208,Daganbhuiyan,Daganbhuiyan,Feni,Chattogram,18093.3383,0.0,0,0.0
uni_203025030,Daganbhuiyan Pourasabha (Municipality),Daganbhuiyan,Feni,Chattogram,49956.735,0.0,0,0.0
uni_203014707,Shubhapur,Chhagalnaiya,Feni,Chattogram,28349.06122,0.0,0,0.0
uni_203014673,Radhanagar,Chhagalnaiya,Feni,Chattogram,28050.78094,0.0,0,0.0
uni_203014606,Pathannagar,Chhagalnaiya,Feni,Chattogram,36073.40545,0.0,0,0.0
uni_203014506,Mahamaya,Chhagalnaiya,Feni,Chattogram,26551.89373,0.0,0,0.0
uni_203014307,Ghopal,Chhagalnaiya,Feni,Chattogram,36813.43859,0.0,0,0.0
uni_203014015,Chhagalnaiya Pourasabha (Municipality),Chhagalnaiya,Feni,Chattogram,51556.00929,0.0,0,0.0
uni_202294682,Ratnapalang,Ukhia,Cox's Bazar,Chattogram,26962.05727,0.0,0,0.0
uni_202294673,Rajapalang,Ukhia,Cox's Bazar,Chattogram,81473.89147,0.0,0,0.0
uni_202294606,Palangkhali,Ukhia,Cox's Bazar,Chattogram,43482.51018,0.0,0,0.0
uni_202294407,Jalia Palang,Ukhia,Cox's Bazar,Chattogram,60833.31946,0.0,0,0.0
uni_202294340,Haldia Palang,Ukhia,Cox's Bazar,Chattogram,44584.79436,0.0,0,0.0
uni_202290840,Whykyong,Teknaf,Cox's Bazar,Chattogram,70583.651887,0.0,0,0.0
uni_202290740,Teknaf,Teknaf,Cox's Bazar,Chattogram,92404.035687,0.0,0,0.0
uni_203094711,Sonagazi,Sonagazi,Feni,Chattogram,39159.078239,0.0,0,0.0
uni_204643151,Boalkhali,Dighinala,Khagrachhari,Chattogram,16808.695039,0.0,0,0.0
uni_201940723,Sultanpur,Debidwar,Cumilla,Chattogram,43775.8576,0.0,0,0.0
uni_205133744,Torabganj,Kamalnagar,Lakshmipur,Chattogram,37769.99225,0.0,0,0.0
uni_205143196,Char Ruhita,Lakshmipur Sadar,Lakshmipur,Chattogram,40246.03074,0.0,0,0.0
uni_205143187,Char Ramani,Lakshmipur Sadar,Lakshmipur,Chattogram,63662.1364185,0.0,0,0.0
uni_205143178,Chandraganj,Lakshmipur Sadar,Lakshmipur,Chattogram,31541.71136,0.0,0,0.0
uni_205143160,Bhabaniganj,Lakshmipur Sadar,Lakshmipur,Chattogram,62838.55459,0.0,0,0.0
uni_205143151,Bashikpur,Lakshmipur Sadar,Lakshmipur,Chattogram,32415.8222,0.0,0,0.0
uni_205143142,Bangakhan,Lakshmipur Sadar,Lakshmipur,Chattogram,32061.39127,0.0,0,0.0
uni_205143025,Lakshmipur Pourasabha (Municipality),Lakshmipur Sadar,Lakshmipur,Chattogram,124345.3131,0.0,0,0.0
uni_205133710,Saheber Hat,Kamalnagar,Lakshmipur,Chattogram,24930.433505,0.0,0,0.0
uni_204643210,Dighinala,Dighinala,Khagrachhari,Chattogram,14018.377101,0.0,0,0.0
uni_205133610,Patarir Hat,Kamalnagar,Lakshmipur,Chattogram,21580.687687,0.0,0,0.0
uni_205133345,Hajirhat,Kamalnagar,Lakshmipur,Chattogram,34359.06656,0.0,0,0.0
uni_205133211,Char Martin,Kamalnagar,Lakshmipur,Chattogram,37227.97636,0.0,0,0.0
uni_205133202,Char Lawrence,Kamalnagar,Lakshmipur,Chattogram,26799.8625,0.0,0,0.0
uni_205133193,Char Kalkini,Kamalnagar,Lakshmipur,Chattogram,25620.070305,0.0,0,0.0
uni_205133184,Char Kadira,Kamalnagar,Lakshmipur,Chattogram,36933.91807,0.0,0,0.0
uni_205133175,Char Falcan,Kamalnagar,Lakshmipur,Chattogram,15308.2393,0.0,0,0.0
uni_205143205,Char Shahi,Lakshmipur Sadar,Lakshmipur,Chattogram,26837.38219,0.0,0,0.0
uni_205143215,Dakkhin Hamchadi,Lakshmipur Sadar,Lakshmipur,Chattogram,23326.1473,0.0,0,0.0
uni_205143224,Dalalbazar,Lakshmipur Sadar,Lakshmipur,Chattogram,25858.852600000002,0.0,0,0.0
uni_205143233,Dattapara,Lakshmipur Sadar,Lakshmipur,Chattogram,26395.3675,0.0,0,0.0
uni_205158185,Char Pata,Raipur,Lakshmipur,Chattogram,11900.3669,0.0,0,0.0
uni_205158176,Char Mohana,Raipur,Lakshmipur,Chattogram,31214.64242,0.0,0,0.0
uni_205158142,Bamni,Raipur,Lakshmipur,Chattogram,27299.2932,0.0,0,0.0
uni_205158050,Raipur Pourasabha (Municipality),Raipur,Lakshmipur,Chattogram,43555.7738,0.0,0,0.0
uni_205143797,Uttar Joypur,Lakshmipur Sadar,Lakshmipur,Chattogram,18261.64,0.0,0,0.0
uni_205143788,Uttar Hamchadi,Lakshmipur Sadar,Lakshmipur,Chattogram,31143.92526,0.0,0,0.0
uni_205143762,Tumchar,Lakshmipur Sadar,Lakshmipur,Chattogram,20690.69758,0.0,0,0.0
uni_205143753,Teoariganj,Lakshmipur Sadar,Lakshmipur,Chattogram,46906.36194,0.0,0,0.0
uni_205143719,Shakchar,Lakshmipur Sadar,Lakshmipur,Chattogram,15104.908800000001,0.0,0,0.0
uni_205143619,Parbatinagar,Lakshmipur Sadar,Lakshmipur,Chattogram,19701.2821,0.0,0,0.0
uni_205143519,Mandari,Lakshmipur Sadar,Lakshmipur,Chattogram,35586.03315,0.0,0,0.0
uni_205143485,Laharkandi,Lakshmipur Sadar,Lakshmipur,Chattogram,20618.1442,0.0,0,0.0
uni_205143451,Kushakhali,Lakshmipur Sadar,Lakshmipur,Chattogram,28979.50365,0.0,0,0.0
uni_205143351,Hajirpara,Lakshmipur Sadar,Lakshmipur,Chattogram,18442.116,0.0,0,0.0
uni_205143242,Dighali,Lakshmipur Sadar,Lakshmipur,Chattogram,27197.6778,0.0,0,0.0
uni_204680671,Ramgarh,Ramgarh,Khagrachhari,Chattogram,14047.405317,0.0,0,0.0
uni_204680604,Patachhara,Ramgarh,Khagrachhari,Chattogram,15517.147085,0.0,0,0.0
uni_204680075,Ramgarh Pourasabha (Municipality),Ramgarh,Khagrachhari,Chattogram,19419.01872,0.0,0,0.0
uni_204665515,Maischhari,Mahalchhari,Khagrachhari,Chattogram,14704.604238,0.0,0,0.0
uni_204665439,Kiyangghat,Mahalchhari,Khagrachhari,Chattogram,16070.037464,0.0,0,0.0
uni_204661474,Lakkhichhari,Lakkhichhari,Khagrachhari,Chattogram,9234.225035,0.0,0,0.0
uni_204661209,Dulyatali,Lakkhichhari,Khagrachhari,Chattogram,9210.187281,0.0,0,0.0
uni_204661142,Barmachhari,Lakkhichhari,Khagrachhari,Chattogram,8130.908599,0.0,0,0.0
uni_204649608,Perachhara,Khagrachhari Sadar,Khagrachhari,Chattogram,19944.000276,0.0,0,0.0
uni_204649450,Khagrachhari,Khagrachhari Sadar,Khagrachhari,Chattogram,15745.43058,0.0,0,0.0
uni_204649441,Kamalchhari,Khagrachhari Sadar,Khagrachhari,Chattogram,17940.560161,0.0,0,0.0
uni_204649308,Golabari,Khagrachhari Sadar,Khagrachhari,Chattogram,9516.243001,0.0,0,0.0
uni_204649142,Bhaibonchhara,Khagrachhari Sadar,Khagrachhari,Chattogram,29426.147504,0.0,0,0.0
uni_204649050,Khagrachhari Pourasabha (Municipality),Khagrachhari Sadar,Khagrachhari,Chattogram,35061.69502,0.0,0,0.0
uni_204647705,Sindukchhari,Guimara,Khagrachhari,Chattogram,5295.327459,0.0,0,0.0
uni_204647341,Hafchhari,Guimara,Khagrachhari,Chattogram,18805.543063,0.0,0,0.0
uni_204647307,Guimara,Guimara,Khagrachhari,Chattogram,17555.49502,0.0,0,0.0
uni_204643509,Merung,Dighinala,Khagrachhari,Chattogram,38497.164449,0.0,0,0.0
uni_204643442,Kabakhali,Dighinala,Khagrachhari,Chattogram,20093.086414,0.0,0,0.0
uni_204665506,Mahalchhari,Mahalchhari,Khagrachhari,Chattogram,13991.527965,0.0,0,0.0
uni_204665524,Mubachhari,Mahalchhari,Khagrachhari,Chattogram,7607.261924,0.0,0,0.0
uni_204677773,Ultachhari,Panchhari,Khagrachhari,Chattogram,5830.944943,0.0,0,0.0
uni_204667142,Batnatali,Manikchhari,Khagrachhari,Chattogram,13091.16285,0.0,0,0.0
uni_204677607,Panchhari,Panchhari,Khagrachhari,Chattogram,13178.825034,0.0,0,0.0
uni_204677482,Logang,Panchhari,Khagrachhari,Chattogram,12851.950609,0.0,0,0.0
uni_204677473,Latiban,Panchhari,Khagrachhari,Chattogram,9781.656239,0.0,0,0.0
uni_204677175,Chengi,Panchhari,Khagrachhari,Chattogram,8219.225435,0.0,0,0.0
uni_204670750,Taindang,Matiranga,Khagrachhari,Chattogram,3873.350002,0.0,0,0.0
uni_204670741,Tabalchhari,Matiranga,Khagrachhari,Chattogram,5918.525115,0.0,0,0.0
uni_204670509,Matiranga,Matiranga,Khagrachhari,Chattogram,34734.84144,0.0,0,0.0
uni_204670310,Gumti,Matiranga,Khagrachhari,Chattogram,22856.568666,0.0,0,0.0
uni_204670152,Belchhari,Matiranga,Khagrachhari,Chattogram,28071.24151,0.0,0,0.0
uni_204670143,Baranal,Matiranga,Khagrachhari,Chattogram,4573.511377,0.0,0,0.0
uni_204670109,Amtali,Matiranga,Khagrachhari,Chattogram,14177.689865,0.0,0,0.0
uni_204670062,Matiranga Pourasabha (Municipality),Matiranga,Khagrachhari,Chattogram,32688.80959,0.0,0,0.0
uni_204667739,Tintahari,Manikchhari,Khagrachhari,Chattogram,19963.337364,0.0,0,0.0
uni_204667507,Manikchhari,Manikchhari,Khagrachhari,Chattogram,31479.10352,0.0,0,0.0
uni_204667407,Jogyachhola,Manikchhari,Khagrachhari,Chattogram,12837.28567,0.0,0,0.0
uni_202256673,Rajakhali,Pekua,Cox's Bazar,Chattogram,30955.17825,0.0,0,0.0
uni_202256606,Pekua,Pekua,Cox's Bazar,Chattogram,59719.41684,0.0,0,0.0
uni_202256506,Magnama,Pekua,Cox's Bazar,Chattogram,31579.748623,0.0,0,0.0
uni_201974778,Uttar Haola,Manoharganj,Cumilla,Chattogram,28940.56601,0.0,0,0.0
uni_201975477,Luterchar,Meghna,Cumilla,Chattogram,19956.26326,0.0,0,0.0
uni_201975311,Gobindapur,Meghna,Cumilla,Chattogram,17890.64429,0.0,0,0.0
uni_201975186,Chandanpur,Meghna,Cumilla,Chattogram,7192.314794,0.0,0,0.0
uni_201975177,Chalibhanga,Meghna,Cumilla,Chattogram,20649.220083,0.0,0,0.0
uni_201975151,Bhaorkhola,Meghna,Cumilla,Chattogram,14638.36205,0.0,0,0.0
uni_201975142,Barakanda,Meghna,Cumilla,Chattogram,16980.98355,0.0,0,0.0
uni_201974787,Uttar Jhalam,Manoharganj,Cumilla,Chattogram,21809.8199,0.0,0,0.0
uni_201974711,Saraspur,Manoharganj,Cumilla,Chattogram,24738.4054,0.0,0,0.0
uni_202256142,Barabakia,Pekua,Cox's Bazar,Chattogram,21922.4406,0.0,0,0.0
uni_201974545,Nather Petua,Manoharganj,Cumilla,Chattogram,22248.26373,0.0,0,0.0
uni_201974511,Maishatua,Manoharganj,Cumilla,Chattogram,19379.19354,0.0,0,0.0
uni_201974477,Lakkhanpur,Manoharganj,Cumilla,Chattogram,19185.9773,0.0,0,0.0
uni_201974443,Khila,Manoharganj,Cumilla,Chattogram,27675.8579,0.0,0,0.0
uni_201974343,Hasnabad,Manoharganj,Cumilla,Chattogram,22596.862,0.0,0,0.0
uni_201974210,Dakkhin Jhalam,Manoharganj,Cumilla,Chattogram,23915.7291,0.0,0,0.0
uni_201974151,Bipulasar,Manoharganj,Cumilla,Chattogram,22398.32125,0.0,0,0.0
uni_201975511,Manikarchar,Meghna,Cumilla,Chattogram,15177.306340000001,0.0,0,0.0
uni_201975677,Radhanagar,Meghna,Cumilla,Chattogram,15585.00856,0.0,0,0.0
uni_201981109,Akubpur,Muradnagar,Cumilla,Chattogram,35984.91668,0.0,0,0.0
uni_201981118,Andikot,Muradnagar,Cumilla,Chattogram,31897.20412,0.0,0,0.0
uni_201981621,Purbadhair (Pashchim),Muradnagar,Cumilla,Chattogram,15355.86501,0.0,0,0.0
uni_201981612,Purba Bangara,Muradnagar,Cumilla,Chattogram,19237.78354,0.0,0,0.0
uni_201981603,Paharpur,Muradnagar,Cumilla,Chattogram,15080.701079999999,0.0,0,0.0
uni_201981546,Nabipur (Purba),Muradnagar,Cumilla,Chattogram,43378.6102,0.0,0,0.0
uni_201981537,Nabipur (Pashchim),Muradnagar,Cumilla,Chattogram,29108.1336,0.0,0,0.0
uni_201981504,Muradnagar,Muradnagar,Cumilla,Chattogram,41538.05194,0.0,0,0.0
uni_201981439,Kamalla,Muradnagar,Cumilla,Chattogram,17543.55716,0.0,0,0.0
uni_201981414,Jatrapur,Muradnagar,Cumilla,Chattogram,25860.06115,0.0,0,0.0
uni_201981405,Jahapur,Muradnagar,Cumilla,Chattogram,42132.8899,0.0,0,0.0
uni_201981220,Dhamghar,Muradnagar,Cumilla,Chattogram,46660.5637,0.0,0,0.0
uni_201981211,Darora,Muradnagar,Cumilla,Chattogram,18020.37055,0.0,0,0.0
uni_201981186,Chhaliakandi,Muradnagar,Cumilla,Chattogram,14690.9444,0.0,0,0.0
uni_201981177,Chapitala,Muradnagar,Cumilla,Chattogram,19343.7766,0.0,0,0.0
uni_201981152,Bangara (Pashchim),Muradnagar,Cumilla,Chattogram,25736.83638,0.0,0,0.0
uni_201981143,Babutipara,Muradnagar,Cumilla,Chattogram,25618.42283,0.0,0,0.0
uni_201974142,Baishgaon,Manoharganj,Cumilla,Chattogram,29392.023,0.0,0,0.0
uni_201973632,Perul Uttar,Lalmai,Cumilla,Chattogram,13597.8884,0.0,0,0.0
uni_201973623,Perul Dakkhin,Lalmai,Cumilla,Chattogram,14742.12573,0.0,0,0.0
uni_201967609,Panchthubi,Adarsha Sadar,Cumilla,Chattogram,72194.4406,0.0,0,0.0
uni_201967409,Jagannathpur,Adarsha Sadar,Cumilla,Chattogram,68185.4923,0.0,0,0.0
uni_201967210,Dakkhin Durgapur,Adarsha Sadar,Cumilla,Chattogram,51236.6099,0.0,0,0.0
uni_201967109,Amratali,Adarsha Sadar,Cumilla,Chattogram,55446.4747,0.0,0,0.0
uni_201954546,Nilakhi,Homna,Cumilla,Chattogram,27132.71975,0.0,0,0.0
uni_201954512,Mathabhanga,Homna,Cumilla,Chattogram,23515.76484,0.0,0,0.0
uni_201954412,Joypur,Homna,Cumilla,Chattogram,10020.2022,0.0,0,0.0
uni_201954320,Gharmora,Homna,Cumilla,Chattogram,19181.5669,0.0,0,0.0
uni_201954311,Ghagutia,Homna,Cumilla,Chattogram,19959.5762,0.0,0,0.0
uni_201954211,Dulalpur,Homna,Cumilla,Chattogram,18873.7442,0.0,0,0.0
uni_201954177,Chanderchar,Homna,Cumilla,Chattogram,25077.4774,0.0,0,0.0
uni_201954143,Bhasania,Homna,Cumilla,Chattogram,24124.436,0.0,0,0.0
uni_201954109,Asadpur,Homna,Cumilla,Chattogram,18374.24753,0.0,0,0.0
uni_201954075,Homna Pourasabha (Municipality),Homna,Cumilla,Chattogram,33001.9213,0.0,0,0.0
uni_201940915,Yusufpur,Debidwar,Cumilla,Chattogram,20277.7879,0.0,0,0.0
uni_201940782,Uttar Gunaighar,Debidwar,Cumilla,Chattogram,19203.650999999998,0.0,0,0.0
uni_201967443,Kalir Bazar,Adarsha Sadar,Cumilla,Chattogram,51323.5642,0.0,0,0.0
uni_201967775,Uttar Durgapur,Adarsha Sadar,Cumilla,Chattogram,79032.8385,0.0,0,0.0
uni_201973196,Bhulain Uttar,Lalmai,Cumilla,Chattogram,10656.42207,0.0,0,0.0
uni_201967998,Cantonment,Adarsha Sadar,Cumilla,Chattogram,27936.700599999996,0.0,0,0.0
uni_201973187,Bhulain Dakkhin,Lalmai,Cumilla,Chattogram,20266.18522,0.0,0,0.0
uni_201973178,Belghar Uttar,Lalmai,Cumilla,Chattogram,13727.69534,0.0,0,0.0
uni_201973169,Belghar Dakkhin,Lalmai,Cumilla,Chattogram,14611.56657,0.0,0,0.0
uni_201973151,Bagmara Uttar,Lalmai,Cumilla,Chattogram,24778.05033,0.0,0,0.0
uni_201973143,Bakai Uttar,Lalmai,Cumilla,Chattogram,13618.86858,0.0,0,0.0
uni_201973142,Bagmara Dakkhin,Lalmai,Cumilla,Chattogram,12339.00637,0.0,0,0.0
uni_201972775,Uttarda,Laksam,Cumilla,Chattogram,18416.52228,0.0,0,0.0
uni_201972609,Purba Laksam,Laksam,Cumilla,Chattogram,13237.63215,0.0,0,0.0
uni_201972515,Mudafarganj Uttar,Laksam,Cumilla,Chattogram,23435.45883,0.0,0,0.0
uni_201972509,Mudafarganj Dakkhin,Laksam,Cumilla,Chattogram,14316.536759999999,0.0,0,0.0
uni_201972442,Kandirpar,Laksam,Cumilla,Chattogram,24992.27164,0.0,0,0.0
uni_201972309,Gobindapur,Laksam,Cumilla,Chattogram,17483.35149,0.0,0,0.0
uni_201972143,Bakai Dakkhin,Laksam,Cumilla,Chattogram,17935.20689,0.0,0,0.0
uni_201972109,Ajgara,Laksam,Cumilla,Chattogram,19047.24135,0.0,0,0.0
uni_201972083,Laksam Pourasabha (Municipality),Laksam,Cumilla,Chattogram,71392.7,0.0,0,0.0
uni_201981630,Purbadhair (Purba),Muradnagar,Cumilla,Chattogram,20374.50578,0.0,0,0.0
uni_201981671,Ramchandrapur (Dakkhin),Muradnagar,Cumilla,Chattogram,18262.655600000002,0.0,0,0.0
uni_201981680,Ramchandrapur (Uttar),Muradnagar,Cumilla,Chattogram,20731.244,0.0,0,0.0
uni_202232385,Islampur,Eidgaon,Cox's Bazar,Chattogram,16113.87887,0.0,0,0.0
uni_202232243,Eidgaon,Eidgaon,Cox's Bazar,Chattogram,48608.02928,0.0,0,0.0
uni_202224612,Patali Machhuakhali (PM Khali),Cox's Bazar Sadar,Cox's Bazar,Chattogram,55967.2168,0.0,0,0.0
uni_202224446,Khurushkul,Cox's Bazar Sadar,Cox's Bazar,Chattogram,62175.41232,0.0,0,0.0
uni_202224420,Jhilwanja,Cox's Bazar Sadar,Cox's Bazar,Chattogram,73473.4489,0.0,0,0.0
uni_202224176,Chowfaldandi,Cox's Bazar Sadar,Cox's Bazar,Chattogram,29906.3828,0.0,0,0.0
uni_202224142,Bharuakhali,Cox's Bazar Sadar,Cox's Bazar,Chattogram,21251.0533,0.0,0,0.0
uni_202224066,Cox's Bazar Pourashava (Municipality),Cox's Bazar Sadar,Cox's Bazar,Chattogram,175088.8362,0.0,0,0.0
uni_202216728,Surajpur Manikpur,Chakaria,Cox's Bazar,Chattogram,23207.18694,0.0,0,0.0
uni_202216719,Saharbil,Chakaria,Cox's Bazar,Chattogram,46697.975914,0.0,0,0.0
uni_202216627,Purba Bara Bheola,Chakaria,Cox's Bazar,Chattogram,15722.48485,0.0,0,0.0
uni_202216618,Pashchim Bara Bheola,Chakaria,Cox's Bazar,Chattogram,11910.51337,0.0,0,0.0
uni_202216485,Lakkhyarchar,Chakaria,Cox's Bazar,Chattogram,2428.8835,0.0,0,0.0
uni_202216475,Konakhali,Chakaria,Cox's Bazar,Chattogram,25240.99727,0.0,0,0.0
uni_202216466,Khutakhali,Chakaria,Cox's Bazar,Chattogram,60969.31045,0.0,0,0.0
uni_202216457,Kakara,Chakaria,Cox's Bazar,Chattogram,23838.26598,0.0,0,0.0
uni_202232376,Islamabad,Eidgaon,Cox's Bazar,Chattogram,21757.14815,0.0,0,0.0
uni_202232411,Jalalabad,Eidgaon,Cox's Bazar,Chattogram,12489.3932,0.0,0,0.0
uni_202216348,Harbang,Chakaria,Cox's Bazar,Chattogram,65113.12671,0.0,0,0.0
uni_202232621,Pokkhali,Eidgaon,Cox's Bazar,Chattogram,31558.48401,0.0,0,0.0
uni_202249710,Shaplapur,Maheshkhali,Cox's Bazar,Chattogram,95188.1887665,0.0,0,0.0
uni_202249511,Matarbari,Maheshkhali,Cox's Bazar,Chattogram,39315.437509999996,0.0,0,0.0
uni_202249452,Kutubjom,Maheshkhali,Cox's Bazar,Chattogram,74116.965467,0.0,0,0.0
uni_202249443,Kalarmarchhara,Maheshkhali,Cox's Bazar,Chattogram,45255.58723,0.0,0,0.0
uni_202249343,Hoanak,Maheshkhali,Cox's Bazar,Chattogram,58706.797544,0.0,0,0.0
uni_202249210,Dhalghata,Maheshkhali,Cox's Bazar,Chattogram,24092.057660000002,0.0,0,0.0
uni_202249176,Chhotoa Maheshkhali,Maheshkhali,Cox's Bazar,Chattogram,21559.5475,0.0,0,0.0
uni_202249142,Bara Maheshkhali,Maheshkhali,Cox's Bazar,Chattogram,25011.40736,0.0,0,0.0
uni_202249077,Maheshkhali Pourasabha (Municipality),Maheshkhali,Cox's Bazar,Chattogram,26710.75414,0.0,0,0.0
uni_202245774,Uttar Dhurung,Kutubdia,Cox's Bazar,Chattogram,40217.9395,0.0,0,0.0
uni_202245476,Lemshikhali,Kutubdia,Cox's Bazar,Chattogram,24220.27981,0.0,0,0.0
uni_202245442,Kaiyarbil,Kutubdia,Cox's Bazar,Chattogram,12820.3423,0.0,0,0.0
uni_202245210,Dakkhin Dhurung,Kutubdia,Cox's Bazar,Chattogram,27591.588900000002,0.0,0,0.0
uni_202245143,Bara Ghop,Kutubdia,Cox's Bazar,Chattogram,19968.183,0.0,0,0.0
uni_202245109,Ali Akbar Dale,Kutubdia,Cox's Bazar,Chattogram,17465.997305,0.0,0,0.0
uni_202216448,Kaiyarbil,Chakaria,Cox's Bazar,Chattogram,20256.197500000002,0.0,0,0.0
uni_202216281,Fansiakhali,Chakaria,Cox's Bazar,Chattogram,33495.70703,0.0,0,0.0
uni_201981705,Sreekail,Muradnagar,Cumilla,Chattogram,38493.00446,0.0,0,0.0
uni_201987696,Raykot Uttar,Nangalkot,Cumilla,Chattogram,27209.4696,0.0,0,0.0
uni_201987613,Peria,Nangalkot,Cumilla,Chattogram,23653.0793,0.0,0,0.0
uni_201987521,Mokra,Nangalkot,Cumilla,Chattogram,32784.4368,0.0,0,0.0
uni_201987512,Makrabpur,Nangalkot,Cumilla,Chattogram,15583.09902,0.0,0,0.0
uni_201987429,Jodda Purba,Nangalkot,Cumilla,Chattogram,23504.9593,0.0,0,0.0
uni_201987412,Jodda Pashchim,Nangalkot,Cumilla,Chattogram,21571.18767,0.0,0,0.0
uni_201987345,Heshakhal,Nangalkot,Cumilla,Chattogram,21812.63379,0.0,0,0.0
uni_201987220,Doulkhanr,Nangalkot,Cumilla,Chattogram,25794.85053,0.0,0,0.0
uni_201987211,Dhalua,Nangalkot,Cumilla,Chattogram,42303.87791,0.0,0,0.0
uni_201987160,Battali,Nangalkot,Cumilla,Chattogram,20950.3164,0.0,0,0.0
uni_201987152,Bangodda,Nangalkot,Cumilla,Chattogram,25512.06824,0.0,0,0.0
uni_201987143,Baksaganj,Nangalkot,Cumilla,Chattogram,21761.6927,0.0,0,0.0
uni_201987119,Adra Uttar,Nangalkot,Cumilla,Chattogram,16778.4649,0.0,0,0.0
uni_201987109,Adra Dakkhin,Nangalkot,Cumilla,Chattogram,26450.4772,0.0,0,0.0
uni_201987087,Nangalkot Pourasabha (Municipality),Nangalkot,Cumilla,Chattogram,30709.6166,0.0,0,0.0
uni_201981738,Tanki,Muradnagar,Cumilla,Chattogram,19615.11807,0.0,0,0.0
uni_201987680,Raykot Dakkhin,Nangalkot,Cumilla,Chattogram,18462.7815,0.0,0,0.0
uni_201987714,Satbaria,Nangalkot,Cumilla,Chattogram,12480.8486,0.0,0,0.0
uni_202216222,Dulahazara,Chakaria,Cox's Bazar,Chattogram,32743.09787,0.0,0,0.0
uni_201994142,Balarampur,Titas,Cumilla,Chattogram,26952.1775,0.0,0,0.0
uni_202216213,Dhemushia,Chakaria,Cox's Bazar,Chattogram,10326.91355,0.0,0,0.0
uni_202216179,Chiringga,Chakaria,Cox's Bazar,Chattogram,31532.05969,0.0,0,0.0
uni_202216169,Bheola Manikchar,Chakaria,Cox's Bazar,Chattogram,11238.5805,0.0,0,0.0
uni_202216160,Baraitali,Chakaria,Cox's Bazar,Chattogram,30282.78944,0.0,0,0.0
uni_202216151,Bamu Bilchhari,Chakaria,Cox's Bazar,Chattogram,8557.2625,0.0,0,0.0
uni_202216142,Badarkhali,Chakaria,Cox's Bazar,Chattogram,22343.00869,0.0,0,0.0
uni_202216033,Chakaria Pourasabha (Municipality),Chakaria,Cox's Bazar,Chattogram,61079.500700000004,0.0,0,0.0
uni_201994942,Ziarkandi,Titas,Cumilla,Chattogram,25095.08371,0.0,0,0.0
uni_201994710,Satani,Titas,Cumilla,Chattogram,16531.16374,0.0,0,0.0
uni_201994544,Narayandia,Titas,Cumilla,Chattogram,19249.3515,0.0,0,0.0
uni_201994510,Majitpur,Titas,Cumilla,Chattogram,34922.11507,0.0,0,0.0
uni_201994451,Karaiyakandi,Titas,Cumilla,Chattogram,26788.326,0.0,0,0.0
uni_201994442,Kalakandi,Titas,Cumilla,Chattogram,18643.6478,0.0,0,0.0
uni_201994408,Jagatpur,Titas,Cumilla,Chattogram,24762.270099999998,0.0,0,0.0
uni_201994151,Bhitikandi,Titas,Cumilla,Chattogram,30270.1324,0.0,0,0.0
uni_201395683,Raysree Uttar,Shahrasti,Chandpur,Chattogram,17158.35953,0.0,0,0.0
uni_201395674,Raysree Dakkhin,Shahrasti,Chandpur,Chattogram,17592.17807,0.0,0,0.0
uni_201395516,Meher Uttar,Shahrasti,Chandpur,Chattogram,9582.16144,0.0,0,0.0
uni_100954486,Lord Hardinge,Lalmohan,Bhola,Barishal,27975.414989,0.0,0,0.0
uni_100991142,Bara Malangchara,Tazumuddin,Bhola,Barishal,20316.4385978,0.0,0,0.0
uni_100965772,Uttar Sakuchia,Monpura,Bhola,Barishal,12741.077541999999,0.0,0,0.0
uni_100965507,Manpura,Monpura,Bhola,Barishal,19351.4693676,0.0,0,0.0
uni_100965341,Hajirhat,Monpura,Bhola,Barishal,25052.0001843,0.0,0,0.0
uni_100965208,Dakkhin Sakuchia,Monpura,Bhola,Barishal,24330.5395245,0.0,0,0.0
uni_100954678,Ramaganj,Lalmohan,Bhola,Barishal,25939.860099999998,0.0,0,0.0
uni_100954611,Pashchim Char Umed,Lalmohan,Bhola,Barishal,27691.690216,0.0,0,0.0
uni_100954477,Lalmohan,Lalmohan,Bhola,Barishal,13944.56302,0.0,0,0.0
uni_104243708,Shoulajalia,Kanthalia,Jhalokati,Barishal,29507.02116,0.0,0,0.0
uni_100954443,Kalma,Lalmohan,Bhola,Barishal,38225.80053,0.0,0,0.0
uni_100954277,Farajganj,Lalmohan,Bhola,Barishal,21956.63571,0.0,0,0.0
uni_100954210,Dhali Gournagar,Lalmohan,Bhola,Barishal,39683.2325434,0.0,0,0.0
uni_100954176,Char Bhuta,Lalmohan,Bhola,Barishal,28125.92198,0.0,0,0.0
uni_100954142,Badarpur,Lalmohan,Bhola,Barishal,33431.347124,0.0,0,0.0
uni_100954083,Lalmohan Pourasabha (Municipality),Lalmohan,Bhola,Barishal,29724.0069,0.0,0,0.0
uni_100929777,Uttar Joynagar,Daulatkhan,Bhola,Barishal,31850.46566,0.0,0,0.0
uni_100991176,Chanchra,Tazumuddin,Bhola,Barishal,22728.674736599998,0.0,0,0.0
uni_100991185,Chandpur,Tazumuddin,Bhola,Barishal,79418.39715,0.0,0,0.0
uni_100991706,Shambhupur,Tazumuddin,Bhola,Barishal,28125.04062,0.0,0,0.0
uni_100991715,Sonapur,Tazumuddin,Bhola,Barishal,38413.2581396,0.0,0,0.0
uni_104243442,Kanthalia,Kanthalia,Jhalokati,Barishal,17370.80204,0.0,0,0.0
uni_104243177,Chenchri Rampur,Kanthalia,Jhalokati,Barishal,25047.56222,0.0,0,0.0
uni_104243118,Awrabunia,Kanthalia,Jhalokati,Barishal,17205.171,0.0,0,0.0
uni_104243109,Amua,Kanthalia,Jhalokati,Barishal,20673.48931,0.0,0,0.0
uni_104240712,Sheikherhat,Jhalokathi Sadar,Jhalokati,Barishal,15717.24676,0.0,0,0.0
uni_104240612,Ponabalia,Jhalokathi Sadar,Jhalokati,Barishal,19115.90026,0.0,0,0.0
uni_104240553,Nathullabad,Jhalokathi Sadar,Jhalokati,Barishal,9164.55223,0.0,0,0.0
uni_104240544,Nabagram,Jhalokathi Sadar,Jhalokati,Barishal,13793.26091,0.0,0,0.0
uni_104240452,Kirtipasha,Jhalokathi Sadar,Jhalokati,Barishal,14562.9054,0.0,0,0.0
uni_104240443,Keora,Jhalokathi Sadar,Jhalokati,Barishal,13753.394049999999,0.0,0,0.0
uni_104240318,Gabkhan Dhansiri,Jhalokathi Sadar,Jhalokati,Barishal,17763.73456,0.0,0,0.0
uni_104240309,Gabha Ramchandrapur,Jhalokathi Sadar,Jhalokati,Barishal,18819.63351,0.0,0,0.0
uni_104240151,Binaykathi,Jhalokathi Sadar,Jhalokati,Barishal,21379.81631,0.0,0,0.0
uni_104240142,Basanda,Jhalokathi Sadar,Jhalokati,Barishal,19404.71259,0.0,0,0.0
uni_104240033,Jhalokathi Pourasabha (Municipality),Jhalokathi Sadar,Jhalokati,Barishal,54795.8149,0.0,0,0.0
uni_100929710,Syedpur,Daulatkhan,Bhola,Barishal,26782.85667,0.0,0,0.0
uni_100929519,Medua,Daulatkhan,Bhola,Barishal,3747.864411,0.0,0,0.0
uni_100929344,Hajipur,Daulatkhan,Bhola,Barishal,7622.593691,0.0,0,0.0
uni_100925180,Char Kalmi,Charfasson,Bhola,Barishal,18407.121487,0.0,0,0.0
uni_100925136,Aminabad,Charfasson,Bhola,Barishal,15932.188839999999,0.0,0,0.0
uni_100925132,Ahammadpur,Charfasson,Bhola,Barishal,11794.41202,0.0,0,0.0
uni_100925127,Adhykkha Nazrulnagar,Charfasson,Bhola,Barishal,24231.739287,0.0,0,0.0
uni_100925118,Abu Bakarpur,Charfasson,Bhola,Barishal,10737.45149,0.0,0,0.0
uni_100925109,Abdullapur,Charfasson,Bhola,Barishal,14481.45481,0.0,0,0.0
uni_100925050,Charfasson Pourasabha (Municipality),Charfasson,Bhola,Barishal,44570.54081,0.0,0,0.0
uni_100921744,Tobgi,Borhanuddin,Bhola,Barishal,28037.78584,0.0,0,0.0
uni_100921710,Sachra,Borhanuddin,Bhola,Barishal,15854.703687,0.0,0,0.0
uni_100921610,Pakkhia,Borhanuddin,Bhola,Barishal,25944.49337,0.0,0,0.0
uni_100921452,Kutba,Borhanuddin,Bhola,Barishal,14774.086729999999,0.0,0,0.0
uni_100921443,Kachia,Borhanuddin,Bhola,Barishal,34007.33572,0.0,0,0.0
uni_100921343,Hasannagar,Borhanuddin,Bhola,Barishal,14198.946876,0.0,0,0.0
uni_100921309,Gangapur,Borhanuddin,Bhola,Barishal,21858.4755803,0.0,0,0.0
uni_100921209,Deula,Borhanuddin,Bhola,Barishal,17898.35761,0.0,0,0.0
uni_100921142,Bara Manika,Borhanuddin,Bhola,Barishal,27004.85892,0.0,0,0.0
uni_100925145,Aslampur,Charfasson,Bhola,Barishal,20861.65225,0.0,0,0.0
uni_100925189,Char Kukrimukri,Charfasson,Bhola,Barishal,17803.3720594,0.0,0,0.0
uni_100929211,Dakkhin Joynagar,Daulatkhan,Bhola,Barishal,22326.84933,0.0,0,0.0
uni_100925198,Char Madraj,Charfasson,Bhola,Barishal,34185.3167906,0.0,0,0.0
uni_100929185,Char Pata,Daulatkhan,Bhola,Barishal,31031.754527,0.0,0,0.0
uni_100929176,Char Khalifa,Daulatkhan,Bhola,Barishal,28036.1794,0.0,0,0.0
uni_100929142,Bhabanipur,Daulatkhan,Bhola,Barishal,6602.611844999999,0.0,0,0.0
uni_100929067,Daulatkhan Pourasabha (Municipality),Daulatkhan,Bhola,Barishal,10680.1892,0.0,0,0.0
uni_100925688,Rasulpur,Charfasson,Bhola,Barishal,22046.61119,0.0,0,0.0
uni_100925588,Osmanganj,Charfasson,Bhola,Barishal,24216.92971,0.0,0,0.0
uni_100925568,Omarpur,Charfasson,Bhola,Barishal,18730.874340000002,0.0,0,0.0
uni_100925562,Nurabad,Charfasson,Bhola,Barishal,12337.35174,0.0,0,0.0
uni_100925553,Nilkamal,Charfasson,Bhola,Barishal,25858.951917,0.0,0,0.0
uni_100925519,Mujibnagar,Charfasson,Bhola,Barishal,13310.054574,0.0,0,0.0
uni_100925427,Jinnagar,Charfasson,Bhola,Barishal,14529.43339,0.0,0,0.0
uni_100925351,Hazariganj,Charfasson,Bhola,Barishal,23973.6847232,0.0,0,0.0
uni_100925251,Ewajpur,Charfasson,Bhola,Barishal,15854.13686,0.0,0,0.0
uni_100925217,Dhalchar,Charfasson,Bhola,Barishal,9661.451449,0.0,0,0.0
uni_100925207,Char Manika,Charfasson,Bhola,Barishal,36331.9595467,0.0,0,0.0
uni_104243608,Patikhalghata,Kanthalia,Jhalokati,Barishal,15552.56735,0.0,0,0.0
uni_104273066,Nalchhity Pourasabha (Municipality),Nalchhity,Jhalokati,Barishal,20950.962199999998,0.0,0,0.0
uni_107895075,Patuakhali Pourasabha (Municipality),Patuakhali Sadar,Patuakhali,Barishal,69607.6401,0.0,0,0.0
uni_107857195,Chiknikandi,Galachipa,Patuakhali,Barishal,11709.9935,0.0,0,0.0
uni_107857681,Ratandi Taltali,Galachipa,Patuakhali,Barishal,15513.303333,0.0,0,0.0
uni_107857614,Panpatti,Galachipa,Patuakhali,Barishal,13803.1645264,0.0,0,0.0
uni_107857448,Kalagachhia,Galachipa,Patuakhali,Barishal,12633.09379,0.0,0,0.0
uni_107857331,Golkhali,Galachipa,Patuakhali,Barishal,38269.877465,0.0,0,0.0
uni_107857322,Gazalia,Galachipa,Patuakhali,Barishal,11244.87645,0.0,0,0.0
uni_107857313,Galachipa,Galachipa,Patuakhali,Barishal,23188.49174,0.0,0,0.0
uni_107857213,Dakua,Galachipa,Patuakhali,Barishal,22922.2413,0.0,0,0.0
uni_107857143,Bakulbaria,Galachipa,Patuakhali,Barishal,11471.61088,0.0,0,0.0
uni_104273142,Bhairabpasha,Nalchhity,Jhalokati,Barishal,16150.35891,0.0,0,0.0
uni_107857109,Amkhola,Galachipa,Patuakhali,Barishal,22678.93207,0.0,0,0.0
uni_107857025,Galachipa Pourasabha (Municipality),Galachipa,Patuakhali,Barishal,13785.045,0.0,0,0.0
uni_107855707,Sreerampur,Dumki,Patuakhali,Barishal,16513.97356,0.0,0,0.0
uni_107855607,Pangashia,Dumki,Patuakhali,Barishal,14824.762934,0.0,0,0.0
uni_107855507,Muradia,Dumki,Patuakhali,Barishal,20522.69025,0.0,0,0.0
uni_107855473,Lebukhali,Dumki,Patuakhali,Barishal,13986.83499,0.0,0,0.0
uni_107855109,Angaria,Dumki,Patuakhali,Barishal,11437.11631,0.0,0,0.0
uni_107866050,Kalapara Pourasabha (Municipality),Kalapara,Patuakhali,Barishal,11740.05215,0.0,0,0.0
uni_107866060,Kuakata Pourasabha (Municipality),Kalapara,Patuakhali,Barishal,10533.598521,0.0,0,0.0
uni_107866142,Baliatali,Kalapara,Patuakhali,Barishal,17580.0299284,0.0,0,0.0
uni_107866176,Chakamaiya,Kalapara,Patuakhali,Barishal,19652.94004,0.0,0,0.0
uni_107876517,Majidbaria,Mirzaganj,Patuakhali,Barishal,19238.4566802,0.0,0,0.0
uni_107876508,Madhabkhali,Mirzaganj,Patuakhali,Barishal,21019.91091,0.0,0,0.0
uni_107876441,Kakrabunia,Mirzaganj,Patuakhali,Barishal,16636.644459,0.0,0,0.0
uni_107876209,Deuli Subidkhali,Mirzaganj,Patuakhali,Barishal,21466.1245917,0.0,0,0.0
uni_107876109,Amragachhia,Mirzaganj,Patuakhali,Barishal,26121.23775,0.0,0,0.0
uni_107866747,Tiakhali,Kalapara,Patuakhali,Barishal,20527.30779,0.0,0,0.0
uni_107866548,Nilganj,Kalapara,Patuakhali,Barishal,34551.55921,0.0,0,0.0
uni_107866522,Mithaganj,Kalapara,Patuakhali,Barishal,14884.00194,0.0,0,0.0
uni_107866513,Mahipur,Kalapara,Patuakhali,Barishal,13267.10234,0.0,0,0.0
uni_107866487,Latachapli,Kalapara,Patuakhali,Barishal,18232.44964,0.0,0,0.0
uni_107866478,Lalua,Kalapara,Patuakhali,Barishal,15826.3730677,0.0,0,0.0
uni_107866229,Dhulasar,Kalapara,Patuakhali,Barishal,18710.7953988,0.0,0,0.0
uni_107866220,Dhankhali,Kalapara,Patuakhali,Barishal,19498.53229,0.0,0,0.0
uni_107866211,Dalbuganj,Kalapara,Patuakhali,Barishal,11802.20295,0.0,0,0.0
uni_107866185,Champapur,Kalapara,Patuakhali,Barishal,13201.7679962,0.0,0,0.0
uni_107852675,Rangopaldi,Dashmina,Patuakhali,Barishal,24762.6775997,0.0,0,0.0
uni_107852212,Dashmina,Dashmina,Patuakhali,Barishal,29709.1546372,0.0,0,0.0
uni_107852182,Char Borhan,Dashmina,Patuakhali,Barishal,12449.7412936,0.0,0,0.0
uni_107838109,Adabaria,Bauphal,Patuakhali,Barishal,17390.28964,0.0,0,0.0
uni_104284716,Shuktagar,Rajapur,Jhalokati,Barishal,24708.24128,0.0,0,0.0
uni_104284707,Saturia,Rajapur,Jhalokati,Barishal,25256.70594,0.0,0,0.0
uni_104284673,Rajapur,Rajapur,Jhalokati,Barishal,34166.84559,0.0,0,0.0
uni_104284507,Mathbari,Rajapur,Jhalokati,Barishal,18931.45911,0.0,0,0.0
uni_104284308,Galua,Rajapur,Jhalokati,Barishal,28278.32292,0.0,0,0.0
uni_104284142,Baraiya,Rajapur,Jhalokati,Barishal,18381.59832,0.0,0,0.0
uni_104273720,Subidpur,Nalchhity,Jhalokati,Barishal,12556.16657,0.0,0,0.0
uni_104273711,Siddhakathi,Nalchhity,Jhalokati,Barishal,12751.44531,0.0,0,0.0
uni_104273677,Ranapasha,Nalchhity,Jhalokati,Barishal,9745.62429,0.0,0,0.0
uni_104273544,Nachanmahal,Nalchhity,Jhalokati,Barishal,9990.73621,0.0,0,0.0
uni_104273518,Mollarhat,Nalchhity,Jhalokati,Barishal,13594.08518,0.0,0,0.0
uni_104273509,Magar,Nalchhity,Jhalokati,Barishal,15030.753499999999,0.0,0,0.0
uni_104273450,Kushangal,Nalchhity,Jhalokati,Barishal,13934.70449,0.0,0,0.0
uni_104273441,Kulkathi,Nalchhity,Jhalokati,Barishal,14089.91992,0.0,0,0.0
uni_104273209,Dapdapia,Nalchhity,Jhalokati,Barishal,35504.62595,0.0,0,0.0
uni_107838016,Bauphal Pourasabha (Municipality),Bauphal,Patuakhali,Barishal,8930.5667,0.0,0,0.0
uni_107838143,Baga,Bauphal,Patuakhali,Barishal,23689.248779999998,0.0,0,0.0
uni_107852161,Betagi Shankipur,Dashmina,Patuakhali,Barishal,27051.35408,0.0,0,0.0
uni_107838152,Bauphal,Bauphal,Patuakhali,Barishal,25084.43164,0.0,0,0.0
uni_107852152,Banshbaria,Dashmina,Patuakhali,Barishal,20119.8890292,0.0,0,0.0
uni_107852143,Bahrampur,Dashmina,Patuakhali,Barishal,16507.58101,0.0,0,0.0
uni_107852109,Alipur,Dashmina,Patuakhali,Barishal,21110.96109,0.0,0,0.0
uni_107838717,Surjamuni,Bauphal,Patuakhali,Barishal,18881.86978,0.0,0,0.0
uni_107838559,Nazirpur,Bauphal,Patuakhali,Barishal,25753.68534,0.0,0,0.0
uni_107838550,Naomala,Bauphal,Patuakhali,Barishal,21733.6886,0.0,0,0.0
uni_107838516,Madanpura,Bauphal,Patuakhali,Barishal,21009.13258,0.0,0,0.0
uni_107838481,Keshabpur,Bauphal,Patuakhali,Barishal,26652.0037268,0.0,0,0.0
uni_107838472,Kanakdia,Bauphal,Patuakhali,Barishal,17369.15255,0.0,0,0.0
uni_107838463,Kalishuri,Bauphal,Patuakhali,Barishal,18225.52014,0.0,0,0.0
uni_107838454,Kalaiya,Bauphal,Patuakhali,Barishal,23426.5293383,0.0,0,0.0
uni_107838445,Kachhipara,Bauphal,Patuakhali,Barishal,15091.2664,0.0,0,0.0
uni_107838221,Dhulia,Bauphal,Patuakhali,Barishal,13629.295485,0.0,0,0.0
uni_107838212,Daspara,Bauphal,Patuakhali,Barishal,23649.87786,0.0,0,0.0
uni_107838178,Chandradwip,Bauphal,Patuakhali,Barishal,13810.124376,0.0,0,0.0
uni_100921033,Borhanuddin Pourasabha (Municipality),Borhanuddin,Bhola,Barishal,5795.7538,0.0,0,0.0
uni_100918781,Uttar Dighaldi,Bhola Sadar,Bhola,Barishal,27876.25079,0.0,0,0.0
uni_100918714,Shibpur,Bhola Sadar,Bhola,Barishal,20023.53619,0.0,0,0.0
uni_100602309,Gaila,Agailjhara,Barishal,Barishal,31039.43623,0.0,0,0.0
uni_100603509,Madhabpasa,Babuganj,Barishal,Barishal,29516.64791,0.0,0,0.0
uni_100603442,Kedarpur,Babuganj,Barishal,Barishal,15862.75391,0.0,0,0.0
uni_100603408,Jahangirnagar,Babuganj,Barishal,Barishal,21407.87497,0.0,0,0.0
uni_100603209,Dehergati,Babuganj,Barishal,Barishal,19397.78834,0.0,0,0.0
uni_100603175,Chandpasha,Babuganj,Barishal,Barishal,22214.26978,0.0,0,0.0
uni_100602682,Ratnapur,Agailjhara,Barishal,Barishal,26770.26476,0.0,0,0.0
uni_100602673,Rajihar,Agailjhara,Barishal,Barishal,30319.93692,0.0,0,0.0
uni_100602151,Bakal,Agailjhara,Barishal,Barishal,32697.72331,0.0,0,0.0
uni_100918680,Rajapur,Bhola Sadar,Bhola,Barishal,45687.2669939,0.0,0,0.0
uni_100602142,Bagdha,Agailjhara,Barishal,Barishal,31528.13836,0.0,0,0.0
uni_100490717,Sonakata,Taltali,Barguna,Barishal,15544.8539073,0.0,0,0.0
uni_100490708,Sarikkhali,Taltali,Barguna,Barishal,11183.48571,0.0,0,0.0
uni_100490608,Pachakoralia,Taltali,Barguna,Barishal,10140.665133,0.0,0,0.0
uni_100490541,Nishanbaria,Taltali,Barguna,Barishal,10768.0148878,0.0,0,0.0
uni_100490441,Karaibaria,Taltali,Barguna,Barishal,14447.22432,0.0,0,0.0
uni_100490176,Chhotabagi,Taltali,Barguna,Barishal,11529.001502,0.0,0,0.0
uni_100603675,Rahmatpur,Babuganj,Barishal,Barishal,23962.38561,0.0,0,0.0
uni_100607016,Bakerganj Pourasabha (Municipality),Bakerganj,Barishal,Barishal,17041.58625,0.0,0,0.0
uni_100607142,Bharpasha,Bakerganj,Barishal,Barishal,21558.36591,0.0,0,0.0
uni_100607176,Charadi,Bakerganj,Barishal,Barishal,21480.45332,0.0,0,0.0
uni_100610151,Banaripara,Banaripara,Barishal,Barishal,16271.37203,0.0,0,0.0
uni_100610142,Baishari,Banaripara,Barishal,Barishal,13067.94893,0.0,0,0.0
uni_100610033,Banari Para Pourasabha (Municipality),Banaripara,Barishal,Barishal,6720.9475,0.0,0,0.0
uni_100607683,Rangasree,Bakerganj,Barishal,Barishal,35226.46619,0.0,0,0.0
uni_100607616,Padree Shibpur,Bakerganj,Barishal,Barishal,23449.29455,0.0,0,0.0
uni_100607557,Niamati,Bakerganj,Barishal,Barishal,20675.34845,0.0,0,0.0
uni_100607548,Nalua,Bakerganj,Barishal,Barishal,7352.87192,0.0,0,0.0
uni_100607456,Kalaskathi,Bakerganj,Barishal,Barishal,24548.65971,0.0,0,0.0
uni_100607447,Kabai,Bakerganj,Barishal,Barishal,20561.24605,0.0,0,0.0
uni_100607314,Garuria,Bakerganj,Barishal,Barishal,29400.95957,0.0,0,0.0
uni_100607280,Faridpur,Bakerganj,Barishal,Barishal,15246.90534,0.0,0,0.0
uni_100607229,Durgapasha,Bakerganj,Barishal,Barishal,10331.9562424,0.0,0,0.0
uni_100607220,Dudhal,Bakerganj,Barishal,Barishal,21428.50341,0.0,0,0.0
uni_100607211,Darial,Bakerganj,Barishal,Barishal,26060.59749,0.0,0,0.0
uni_100607185,Charamaddi,Bakerganj,Barishal,Barishal,23054.54744,0.0,0,0.0
uni_100490142,Barabagi,Taltali,Barguna,Barishal,17299.7121,0.0,0,0.0
uni_100485676,Rayhanpur,Patharghata,Barguna,Barishal,15670.91441,0.0,0,0.0
uni_100485609,Patharghata,Patharghata,Barguna,Barishal,29479.866589,0.0,0,0.0
uni_100428312,Gourichanna,Barguna Sadar,Barguna,Barishal,41759.46295,0.0,0,0.0
uni_100428161,Burirchar,Barguna Sadar,Barguna,Barishal,31467.973614,0.0,0,0.0
uni_100428152,Barguna,Barguna Sadar,Barguna,Barishal,25735.00821,0.0,0,0.0
uni_100428143,Badarkhali,Barguna Sadar,Barguna,Barishal,25802.297787,0.0,0,0.0
uni_100428109,Ayla Patakata,Barguna Sadar,Barguna,Barishal,19418.18514,0.0,0,0.0
uni_100428040,Barguna Pourasabha (Municipality),Barguna Sadar,Barguna,Barishal,22887.797339999997,0.0,0,0.0
uni_100419673,Ramna,Bamna,Barguna,Barishal,20261.468757,0.0,0,0.0
uni_100419210,Douatala,Bamna,Barguna,Barishal,21362.163683,0.0,0,0.0
uni_100419151,Bukabunia,Bamna,Barguna,Barishal,22751.84042,0.0,0,0.0
uni_100419142,Bamna,Bamna,Barguna,Barishal,23288.519185,0.0,0,0.0
uni_100409444,Kukua,Amtali,Barguna,Barishal,20912.02349,0.0,0,0.0
uni_100409344,Haldia,Amtali,Barguna,Barishal,35142.16054,0.0,0,0.0
uni_100409250,‌Gulisakhali,Amtali,Barguna,Barishal,24303.774574,0.0,0,0.0
uni_100409178,Chaora,Amtali,Barguna,Barishal,22813.159490000002,0.0,0,0.0
uni_100409127,Atharogachhia,Amtali,Barguna,Barishal,16876.63953,0.0,0,0.0
uni_100409118,Arpangashia,Amtali,Barguna,Barishal,12608.528959,0.0,0,0.0
uni_100428212,Dhalua,Barguna Sadar,Barguna,Barishal,22789.3391064,0.0,0,0.0
uni_100428445,Keorabania,Barguna Sadar,Barguna,Barishal,15213.75151,0.0,0,0.0
uni_100485542,Nachnapara,Patharghata,Barguna,Barishal,15133.71424,0.0,0,0.0
uni_100428512,M Baliatali,Barguna Sadar,Barguna,Barishal,31825.062393,0.0,0,0.0
uni_100485458,Kanthaltali,Patharghata,Barguna,Barishal,22327.679625,0.0,0,0.0
uni_100485449,Kalamegha,Patharghata,Barguna,Barishal,27143.137227,0.0,0,0.0
uni_100485440,Kakchira,Patharghata,Barguna,Barishal,22169.380085,0.0,0,0.0
uni_100485175,Char Duani,Patharghata,Barguna,Barishal,22987.824693,0.0,0,0.0
uni_100485080,Patharghata Pourasabha (Municipality),Patharghata,Barguna,Barishal,9209.164780000001,0.0,0,0.0
uni_100447709,Sarishamuri,Betagi,Barguna,Barishal,15873.07086,0.0,0,0.0
uni_100447510,Mokamia,Betagi,Barguna,Barishal,13549.16707,0.0,0,0.0
uni_100447443,Kazirabad,Betagi,Barguna,Barishal,12522.70438,0.0,0,0.0
uni_100447343,Hosnabad,Betagi,Barguna,Barishal,18592.17149,0.0,0,0.0
uni_100447160,Bura Mazumdar,Betagi,Barguna,Barishal,14064.53653,0.0,0,0.0
uni_100447151,Bibichini,Betagi,Barguna,Barishal,17151.83918,0.0,0,0.0
uni_100447142,Betagi,Betagi,Barguna,Barishal,11299.68186,0.0,0,0.0
uni_100447060,Betagi Pourasabha (Municipality),Betagi,Barguna,Barishal,7602.01053,0.0,0,0.0
uni_100428613,Phuljhuri,Barguna Sadar,Barguna,Barishal,15772.95407,0.0,0,0.0
uni_100428546,Naltona,Barguna Sadar,Barguna,Barishal,20984.939581,0.0,0,0.0
uni_100610160,Bisharkandi,Banaripara,Barishal,Barishal,17444.71233,0.0,0,0.0
uni_100610178,Chakhar,Banaripara,Barishal,Barishal,16479.94041,0.0,0,0.0
uni_100610377,Iluhar,Banaripara,Barishal,Barishal,16267.10428,0.0,0,0.0
uni_100694309,Guthia,Ujirpur,Barishal,Barishal,29134.16647,0.0,0,0.0
uni_100694142,Bamrail,Ujirpur,Barishal,Barishal,24845.97233,0.0,0,0.0
uni_100694089,Ujirpur Pourasabha (Municipality),Ujirpur,Barishal,Barishal,10162.64868,0.0,0,0.0
uni_100669709,Safipur,Muladi,Barishal,Barishal,28138.08342,0.0,0,0.0
uni_100669543,Nazirpur,Muladi,Barishal,Barishal,22653.50452,0.0,0,0.0
uni_100669509,Muladi,Muladi,Barishal,Barishal,20889.682678,0.0,0,0.0
uni_100669442,Kazirchar,Muladi,Barishal,Barishal,21751.259476,0.0,0,0.0
uni_100669309,Gachhua,Muladi,Barishal,Barishal,16342.6035,0.0,0,0.0
uni_100669176,Char Kalekhan,Muladi,Barishal,Barishal,18802.694545,0.0,0,0.0
uni_100669142,Batamara,Muladi,Barishal,Barishal,17276.41822,0.0,0,0.0
uni_100669087,Muladi Pourasabha (Municipality),Muladi,Barishal,Barishal,22198.20451,0.0,0,0.0
uni_100662783,Uttar Ulania,Mehendiganj,Barishal,Barishal,12482.16276,0.0,0,0.0
uni_100662716,Sreepur,Mehendiganj,Barishal,Barishal,9167.5937511,0.0,0,0.0
uni_100662517,Mehendiganj,Mehendiganj,Barishal,Barishal,14387.893250000001,0.0,0,0.0
uni_100662483,Lata,Mehendiganj,Barishal,Barishal,16612.69706,0.0,0,0.0
uni_100662424,Joynagar,Mehendiganj,Barishal,Barishal,14123.67422,0.0,0,0.0
uni_100694151,Barakotha,Ujirpur,Barishal,Barishal,20438.71633,0.0,0,0.0
uni_100694343,Harta,Ujirpur,Barishal,Barishal,24342.05979,0.0,0,0.0
uni_100662315,Gobindapur,Mehendiganj,Barishal,Barishal,8249.020976,0.0,0,0.0
uni_100694410,Jalla,Ujirpur,Barishal,Barishal,20100.9385,0.0,0,0.0
uni_100918613,Pashchim Ilisha,Bhola Sadar,Bhola,Barishal,47487.48387,0.0,0,0.0
uni_100918447,Kachia,Bhola Sadar,Bhola,Barishal,8416.453,0.0,0,0.0
uni_100918380,Ilisha,Bhola Sadar,Bhola,Barishal,41154.062161,0.0,0,0.0
uni_100918222,Dhania,Bhola Sadar,Bhola,Barishal,30490.51931,0.0,0,0.0
uni_100918213,Dakkhin Dighaldi,Bhola Sadar,Bhola,Barishal,23730.472655,0.0,0,0.0
uni_100918179,Char Samaiya,Bhola Sadar,Bhola,Barishal,26716.15939,0.0,0,0.0
uni_100918161,Bhelumia,Bhola Sadar,Bhola,Barishal,39459.699763000004,0.0,0,0.0
uni_100918152,Bheduria,Bhola Sadar,Bhola,Barishal,45955.046903,0.0,0,0.0
uni_100918143,Bapta,Bhola Sadar,Bhola,Barishal,45552.903099999996,0.0,0,0.0
uni_100918109,Alinagar,Bhola Sadar,Bhola,Barishal,20341.0098,0.0,0,0.0
uni_100918016,Bhola Pourasabha (Municipality),Bhola Sadar,Bhola,Barishal,56998.438,0.0,0,0.0
uni_100694727,Sholak,Ujirpur,Barishal,Barishal,25205.07828,0.0,0,0.0
uni_100694718,Shikarpur,Ujirpur,Barishal,Barishal,16592.72745,0.0,0,0.0
uni_100694709,Satla,Ujirpur,Barishal,Barishal,30545.95197,0.0,0,0.0
uni_100694576,Otra,Ujirpur,Barishal,Barishal,21739.86356,0.0,0,0.0
uni_100662415,Jangalia,Mehendiganj,Barishal,Barishal,23013.879406,0.0,0,0.0
uni_100662215,Darichar Khajuria,Mehendiganj,Barishal,Barishal,8749.54865,0.0,0,0.0
uni_100610708,Saliabakpur,Banaripara,Barishal,Barishal,30978.70142,0.0,0,0.0
uni_100651175,Chandpura,Barishal Sadar (Kotwali),Barishal,Barishal,17227.38728,0.0,0,0.0
uni_100636352,Hizla Gourabdi,Hijla,Barishal,Barishal,37205.7323395,0.0,0,0.0
uni_100636343,Harinathpur,Hijla,Barishal,Barishal,31136.843,0.0,0,0.0
uni_100636309,Guabaria,Hijla,Barishal,Barishal,30807.17351,0.0,0,0.0
uni_100636209,Dhulkhola,Hijla,Barishal,Barishal,9230.116254,0.0,0,0.0
uni_100636142,Bara Jalia,Hijla,Barishal,Barishal,21939.2297245,0.0,0,0.0
uni_100632709,Sarikal,Gaurnadi,Barishal,Barishal,23823.6695,0.0,0,0.0
uni_100632543,Nalchira,Gaurnadi,Barishal,Barishal,20217.4353,0.0,0,0.0
uni_100632509,Mahilara,Gaurnadi,Barishal,Barishal,21373.88066,0.0,0,0.0
uni_100632442,Khanjapur,Gaurnadi,Barishal,Barishal,28746.49134,0.0,0,0.0
uni_100632177,Chandsi,Gaurnadi,Barishal,Barishal,9785.783150000001,0.0,0,0.0
uni_100632151,Batajor,Gaurnadi,Barishal,Barishal,22495.22795,0.0,0,0.0
uni_100632142,Barthi,Gaurnadi,Barishal,Barishal,23974.624780000002,0.0,0,0.0
uni_100632067,Gaurnadi Pourasabha (Municipality),Gaurnadi,Barishal,Barishal,28948.13594,0.0,0,0.0
uni_100610776,Udaykathi,Banaripara,Barishal,Barishal,10490.48181,0.0,0,0.0
uni_100610717,Syedkathi,Banaripara,Barishal,Barishal,22402.13668,0.0,0,0.0
uni_100636510,Memania,Hijla,Barishal,Barishal,22868.2712,0.0,0,0.0
uni_100651184,Chandramohan,Barishal Sadar (Kotwali),Barishal,Barishal,9326.488433,0.0,0,0.0
uni_100662212,Dakkhin Ulania,Mehendiganj,Barishal,Barishal,11013.01898,0.0,0,0.0
uni_100651193,Char Kaua,Barishal Sadar (Kotwali),Barishal,Barishal,39667.37659,0.0,0,0.0
uni_100662194,Char Gopalpur,Mehendiganj,Barishal,Barishal,9586.906074,0.0,0,0.0
uni_100662188,Char Ekkaria,Mehendiganj,Barishal,Barishal,21963.01269,0.0,0,0.0
uni_100662179,Chanpur,Mehendiganj,Barishal,Barishal,17641.55332,0.0,0,0.0
uni_100662153,Bidyanandanpur,Mehendiganj,Barishal,Barishal,18836.79718,0.0,0,0.0
uni_100662144,Bhashanchar,Mehendiganj,Barishal,Barishal,17394.934833,0.0,0,0.0
uni_100662118,Andharmanik,Mehendiganj,Barishal,Barishal,23452.10736,0.0,0,0.0
uni_100662109,Alimabad,Mehendiganj,Barishal,Barishal,17549.23935,0.0,0,0.0
uni_100662083,Mehendiganj Pourasabha (Municipality),Mehendiganj,Barishal,Barishal,22851.62737,0.0,0,0.0
uni_100651745,Tungibaria,Barishal Sadar (Kotwali),Barishal,Barishal,14319.520410000001,0.0,0,0.0
uni_100651711,Shayestabad,Barishal Sadar (Kotwali),Barishal,Barishal,30678.47799,0.0,0,0.0
uni_100651677,Raypasha Karapur,Barishal Sadar (Kotwali),Barishal,Barishal,13969.02321,0.0,0,0.0
uni_100651445,Kashipur,Barishal Sadar (Kotwali),Barishal,Barishal,16196.8705,0.0,0,0.0
uni_100651411,Jagua,Barishal Sadar (Kotwali),Barishal,Barishal,5321.40257,0.0,0,0.0
uni_100651211,Charmonai,Barishal Sadar (Kotwali),Barishal,Barishal,27336.242755,0.0,0,0.0
uni_100651202,Charbaria,Barishal Sadar (Kotwali),Barishal,Barishal,16557.69569,0.0,0,0.0
uni_107876526,Mirzaganj,Mirzaganj,Patuakhali,Barishal,26460.17824,0.0,0,0.0
uni_107895109,Auliapur,Patuakhali Sadar,Patuakhali,Barishal,16461.51079,0.0,0,0.0
uni_201395507,Meher Dakkhin,Shahrasti,Chandpur,Chattogram,7606.170749999999,0.0,0,0.0
uni_201290313,Goalnagar,Nasirnagar,Brahmanbaria,Chattogram,19012.8209,0.0,0,0.0
uni_201294109,Aruail,Sarail,Brahmanbaria,Chattogram,29845.825348000002,0.0,0,0.0
uni_201290616,Purbabhag,Nasirnagar,Brahmanbaria,Chattogram,21457.09523,0.0,0,0.0
uni_201290549,Nasirnagar,Nasirnagar,Brahmanbaria,Chattogram,39736.0966695,0.0,0,0.0
uni_201290449,Kunda,Nasirnagar,Brahmanbaria,Chattogram,32444.99003,0.0,0,0.0
uni_201290349,Haripur,Nasirnagar,Brahmanbaria,Chattogram,25402.58494,0.0,0,0.0
uni_201290331,Guniauk,Nasirnagar,Brahmanbaria,Chattogram,13914.45826,0.0,0,0.0
uni_201290322,Gokarna,Nasirnagar,Brahmanbaria,Chattogram,46002.744979999996,0.0,0,0.0
uni_201290279,Fandauk,Nasirnagar,Brahmanbaria,Chattogram,20054.76666,0.0,0,0.0
uni_201322689,Rampur,Chandpur Sadar,Chandpur,Chattogram,21954.761300000002,0.0,0,0.0
uni_201290212,Dharmandal,Nasirnagar,Brahmanbaria,Chattogram,20630.08942,0.0,0,0.0
uni_201290186,Chatalpar,Nasirnagar,Brahmanbaria,Chattogram,30780.90033,0.0,0,0.0
uni_201290177,Chapartala,Nasirnagar,Brahmanbaria,Chattogram,13733.41109,0.0,0,0.0
uni_201290151,Burishwar,Nasirnagar,Brahmanbaria,Chattogram,46548.877063,0.0,0,0.0
uni_201290142,Bhalakut,Nasirnagar,Brahmanbaria,Chattogram,31428.963075,0.0,0,0.0
uni_201285755,Srirampur,Nabinagar,Brahmanbaria,Chattogram,25560.90936,0.0,0,0.0
uni_201285746,Shyamgram,Nabinagar,Brahmanbaria,Chattogram,47663.6984,0.0,0,0.0
uni_201294176,Chunta,Sarail,Brahmanbaria,Chattogram,49063.73815,0.0,0,0.0
uni_201294441,Kalikachchha,Sarail,Brahmanbaria,Chattogram,38722.64552,0.0,0,0.0
uni_201294541,Noagaon,Sarail,Brahmanbaria,Chattogram,40635.19331,0.0,0,0.0
uni_201294608,Pakshimul,Sarail,Brahmanbaria,Chattogram,48309.94338,0.0,0,0.0
uni_201322514,Maishadi,Chandpur Sadar,Chandpur,Chattogram,15691.601200000001,0.0,0,0.0
uni_201322480,Lakkhipur Model,Chandpur Sadar,Chandpur,Chattogram,22187.4726,0.0,0,0.0
uni_201322446,Kalyanpur,Chandpur Sadar,Chandpur,Chattogram,13859.372245,0.0,0,0.0
uni_201322379,Ibrahimpur,Chandpur Sadar,Chandpur,Chattogram,19782.1934913,0.0,0,0.0
uni_201322345,Hanarchar,Chandpur Sadar,Chandpur,Chattogram,6964.3273,0.0,0,0.0
uni_201322179,Chandra,Chandpur Sadar,Chandpur,Chattogram,20638.1109,0.0,0,0.0
uni_201322161,Bishnupur,Chandpur Sadar,Chandpur,Chattogram,24061.334902,0.0,0,0.0
uni_201322152,Balia,Chandpur Sadar,Chandpur,Chattogram,37152.1824,0.0,0,0.0
uni_201322143,Bagadi,Chandpur Sadar,Chandpur,Chattogram,47059.9834,0.0,0,0.0
uni_201322109,Ashikati,Chandpur Sadar,Chandpur,Chattogram,21665.93465,0.0,0,0.0
uni_201322014,Chandpur Pourasabha (Municipality),Chandpur Sadar,Chandpur,Chattogram,201798.8549,0.0,0,0.0
uni_201294727,Shahjadapur,Sarail,Brahmanbaria,Chattogram,43042.40134,0.0,0,0.0
uni_201294718,Shahbajpur,Sarail,Brahmanbaria,Chattogram,52295.66083,0.0,0,0.0
uni_201294709,Sarail,Sarail,Brahmanbaria,Chattogram,52145.9662,0.0,0,0.0
uni_201294617,Panishwar,Sarail,Brahmanbaria,Chattogram,40640.26861,0.0,0,0.0
uni_201285737,Shibpur,Nabinagar,Brahmanbaria,Chattogram,39981.415030000004,0.0,0,0.0
uni_201285728,Satmura,Nabinagar,Brahmanbaria,Chattogram,20622.9771,0.0,0,0.0
uni_201285719,Salimganj,Nabinagar,Brahmanbaria,Chattogram,18016.18586,0.0,0,0.0
uni_201263513,Mehari,Kasba,Brahmanbaria,Chattogram,43849.27194,0.0,0,0.0
uni_201263461,Kharera,Kasba,Brahmanbaria,Chattogram,18693.99155,0.0,0,0.0
uni_201263452,Kasba Pashchim,Kasba,Brahmanbaria,Chattogram,11348.3428,0.0,0,0.0
uni_201263443,Kaimpur,Kasba,Brahmanbaria,Chattogram,32999.39086,0.0,0,0.0
uni_201263310,Gopinathpur,Kasba,Brahmanbaria,Chattogram,35392.29628,0.0,0,0.0
uni_201263160,Binauti,Kasba,Brahmanbaria,Chattogram,40172.0546,0.0,0,0.0
uni_201263151,Bayek,Kasba,Brahmanbaria,Chattogram,34794.6861,0.0,0,0.0
uni_201263142,Badair,Kasba,Brahmanbaria,Chattogram,18121.09723,0.0,0,0.0
uni_201263076,Kasba Pourasabha (Municipality),Kasba,Brahmanbaria,Chattogram,36158.902,0.0,0,0.0
uni_201233751,Tarua,Ashuganj,Brahmanbaria,Chattogram,8805.054,0.0,0,0.0
uni_201233742,Talshahar Pashchim,Ashuganj,Brahmanbaria,Chattogram,27631.8133,0.0,0,0.0
uni_201233708,Sharifpur,Ashuganj,Brahmanbaria,Chattogram,18664.5374,0.0,0,0.0
uni_201233476,Lalpur,Ashuganj,Brahmanbaria,Chattogram,9800.732,0.0,0,0.0
uni_201233211,Durgapur,Ashuganj,Brahmanbaria,Chattogram,43232.86741,0.0,0,0.0
uni_201233177,Char Chartala,Ashuganj,Brahmanbaria,Chattogram,33006.77746,0.0,0,0.0
uni_201233118,Ashuganj,Ashuganj,Brahmanbaria,Chattogram,46371.1832,0.0,0,0.0
uni_201263470,Kuti,Kasba,Brahmanbaria,Chattogram,39540.0556,0.0,0,0.0
uni_201263522,Mulgram,Kasba,Brahmanbaria,Chattogram,28548.37007,0.0,0,0.0
uni_201285693,Ratanpur,Nabinagar,Brahmanbaria,Chattogram,42806.66839,0.0,0,0.0
uni_201285088,Nabinagar Pourasabha (Municipality),Nabinagar,Brahmanbaria,Chattogram,62788.20197,0.0,0,0.0
uni_201285684,Rasullabad,Nabinagar,Brahmanbaria,Chattogram,25337.40847,0.0,0,0.0
uni_201285625,Purba Nabinagar,Nabinagar,Brahmanbaria,Chattogram,8355.149052,0.0,0,0.0
uni_201285616,Pashchim Nabinagar,Nabinagar,Brahmanbaria,Chattogram,17815.40319,0.0,0,0.0
uni_201285549,Natghar,Nabinagar,Brahmanbaria,Chattogram,30709.704797,0.0,0,0.0
uni_201285482,Laur Fatehpur,Nabinagar,Brahmanbaria,Chattogram,24615.92627,0.0,0,0.0
uni_201285464,Krishnanagar,Nabinagar,Brahmanbaria,Chattogram,25302.4614,0.0,0,0.0
uni_201285455,Kaitala Uttar,Nabinagar,Brahmanbaria,Chattogram,18687.08887,0.0,0,0.0
uni_201285446,Kaitala Dakkhin,Nabinagar,Brahmanbaria,Chattogram,17324.68898,0.0,0,0.0
uni_201285412,Jinadpur,Nabinagar,Brahmanbaria,Chattogram,26852.0047,0.0,0,0.0
uni_201285378,Ibrahimpur,Nabinagar,Brahmanbaria,Chattogram,17114.22492,0.0,0,0.0
uni_201285178,Bitghar,Nabinagar,Brahmanbaria,Chattogram,29886.52871,0.0,0,0.0
uni_201285169,Birgaon,Nabinagar,Brahmanbaria,Chattogram,13794.55578,0.0,0,0.0
uni_201285160,Bidyakot,Nabinagar,Brahmanbaria,Chattogram,29840.177897999998,0.0,0,0.0
uni_201285151,Barikandi,Nabinagar,Brahmanbaria,Chattogram,22988.186127,0.0,0,0.0
uni_201285142,Barail,Nabinagar,Brahmanbaria,Chattogram,11610.06315,0.0,0,0.0
uni_201322680,Rajrajeshwar,Chandpur Sadar,Chandpur,Chattogram,12191.097756,0.0,0,0.0
uni_201322715,Shah Mahmudpur,Chandpur Sadar,Chandpur,Chattogram,21087.31298,0.0,0,0.0
uni_107895143,Badarpur,Patuakhali Sadar,Patuakhali,Barishal,28949.75839,0.0,0,0.0
uni_201358779,Uttar Gohat,Kachua,Chandpur,Chattogram,21533.70115,0.0,0,0.0
uni_201376773,Uttar Nayergaon,Matlab Dakkhin,Chandpur,Chattogram,19115.2022,0.0,0,0.0
uni_201376541,Narayanpur,Matlab Dakkhin,Chandpur,Chattogram,31643.282199999998,0.0,0,0.0
uni_201376441,Khadergaon,Matlab Dakkhin,Chandpur,Chattogram,25816.14065,0.0,0,0.0
uni_201376217,Dakkhin Upadi,Matlab Dakkhin,Chandpur,Chattogram,17520.52751,0.0,0,0.0
uni_201376208,Dakkhin Nayergaon,Matlab Dakkhin,Chandpur,Chattogram,31914.5907,0.0,0,0.0
uni_201376071,Matlab Pourasabha (Municipality),Matlab Dakkhin,Chandpur,Chattogram,60856.453349999996,0.0,0,0.0
uni_201358788,Uttar Kachua,Kachua,Chandpur,Chattogram,27398.8868,0.0,0,0.0
uni_201358712,Sachar,Kachua,Chandpur,Chattogram,35935.45126,0.0,0,0.0
uni_201322749,Tarpurchandi,Chandpur Sadar,Chandpur,Chattogram,14202.2945,0.0,0,0.0
uni_201358628,Palakhal Model,Kachua,Chandpur,Chattogram,26962.2522,0.0,0,0.0
uni_201358619,Pathair,Kachua,Chandpur,Chattogram,30535.16665,0.0,0,0.0
uni_201358610,Pashchim Sahadebpur,Kachua,Chandpur,Chattogram,28555.9239,0.0,0,0.0
uni_201358452,Karaiya,Kachua,Chandpur,Chattogram,39324.31128,0.0,0,0.0
uni_201358443,Kadla,Kachua,Chandpur,Chattogram,32704.16241,0.0,0,0.0
uni_201358219,Dakkhin Kachua,Kachua,Chandpur,Chattogram,18758.9198,0.0,0,0.0
uni_201358210,Dakkhin Gohat,Kachua,Chandpur,Chattogram,28227.9726,0.0,0,0.0
uni_201376782,Uttar Upadi,Matlab Dakkhin,Chandpur,Chattogram,19196.24988,0.0,0,0.0
uni_201379028,Chhengarchar Pourasabha (Municipality),Matlab Uttar,Chandpur,Chattogram,32338.65445,0.0,0,0.0
uni_201379142,Baganbari,Matlab Uttar,Chandpur,Chattogram,23155.51511,0.0,0,0.0
uni_201379209,Durgapur,Matlab Uttar,Chandpur,Chattogram,31447.90796,0.0,0,0.0
uni_201395184,Chitoshi Purba,Shahrasti,Chandpur,Chattogram,19189.24527,0.0,0,0.0
uni_201395175,Chitoshi Pashchim,Shahrasti,Chandpur,Chattogram,16919.11243,0.0,0,0.0
uni_201395085,Shahrasti Pourasabha (Municipality),Shahrasti,Chandpur,Chattogram,31248.45559,0.0,0,0.0
uni_201379732,Sultanabad,Matlab Uttar,Chandpur,Chattogram,27616.11671,0.0,0,0.0
uni_201379723,Shatnal,Matlab Uttar,Chandpur,Chattogram,13906.434634,0.0,0,0.0
uni_201379714,Sadullapur,Matlab Uttar,Chandpur,Chattogram,24063.74544,0.0,0,0.0
uni_201379622,Purba Fatepur,Matlab Uttar,Chandpur,Chattogram,24803.437850000002,0.0,0,0.0
uni_201379613,Pashchim Fatepur,Matlab Uttar,Chandpur,Chattogram,21143.02772,0.0,0,0.0
uni_201379513,Mohanpur,Matlab Uttar,Chandpur,Chattogram,22440.840645,0.0,0,0.0
uni_201379446,Kalakanda,Matlab Uttar,Chandpur,Chattogram,12055.11438,0.0,0,0.0
uni_201379412,Jahirabad,Matlab Uttar,Chandpur,Chattogram,11592.989366,0.0,0,0.0
uni_201379378,Islamabad,Matlab Uttar,Chandpur,Chattogram,16507.35882,0.0,0,0.0
uni_201379311,Gajra,Matlab Uttar,Chandpur,Chattogram,9556.86225,0.0,0,0.0
uni_201379277,Farajikandi,Matlab Uttar,Chandpur,Chattogram,22615.790615,0.0,0,0.0
uni_201379243,Eklaspur,Matlab Uttar,Chandpur,Chattogram,16650.93973,0.0,0,0.0
uni_201358143,Bitara,Kachua,Chandpur,Chattogram,48931.88326,0.0,0,0.0
uni_201358109,Ashrafpur,Kachua,Chandpur,Chattogram,38100.78426,0.0,0,0.0
uni_201358057,Kachua Pourasabha (Municipality),Kachua,Chandpur,Chattogram,26346.4838,0.0,0,0.0
uni_201347109,Algi Durgapur Dakkhin,Haimchar,Chandpur,Chattogram,37365.2073,0.0,0,0.0
uni_201345790,Uttar Paikpara,Faridganj,Chandpur,Chattogram,22209.4503,0.0,0,0.0
uni_201345781,Uttar Gobindapur,Faridganj,Chandpur,Chattogram,28418.46,0.0,0,0.0
uni_201345671,Purba Subidpur,Faridganj,Chandpur,Chattogram,32421.2507,0.0,0,0.0
uni_201345662,Purba Gupti,Faridganj,Chandpur,Chattogram,25855.7534,0.0,0,0.0
uni_201345653,Purba Char Dukhia,Faridganj,Chandpur,Chattogram,30948.17024,0.0,0,0.0
uni_201345644,Purba Balithuba,Faridganj,Chandpur,Chattogram,24085.4889,0.0,0,0.0
uni_201345635,Pashchim Subidpur,Faridganj,Chandpur,Chattogram,24780.7399,0.0,0,0.0
uni_201345626,Pashchim Gupti,Faridganj,Chandpur,Chattogram,18720.918700000002,0.0,0,0.0
uni_201345617,Pashchim Char Dukhia,Faridganj,Chandpur,Chattogram,16491.8215,0.0,0,0.0
uni_201345608,Pashchim Balithuba,Faridganj,Chandpur,Chattogram,30923.4574,0.0,0,0.0
uni_201345235,Dakkhin Rupsa,Faridganj,Chandpur,Chattogram,17698.1395,0.0,0,0.0
uni_201345226,Dakkhin Paikpara,Faridganj,Chandpur,Chattogram,23119.2481,0.0,0,0.0
uni_201345217,Dakkhin Gobindapur,Faridganj,Chandpur,Chattogram,27591.9335,0.0,0,0.0
uni_201345208,Dakkhin Faridganj,Faridganj,Chandpur,Chattogram,23515.78737,0.0,0,0.0
uni_201345035,Faridganj Pourasabha (Municipality),Faridganj,Chandpur,Chattogram,45550.3981,0.0,0,0.0
uni_201345799,Uttar Rupsa,Faridganj,Chandpur,Chattogram,26048.2383,0.0,0,0.0
uni_201347118,Algidurgapur Uttar,Haimchar,Chandpur,Chattogram,27586.251949999998,0.0,0,0.0
uni_201349681,Rajargaon Uttar,Hajiganj,Chandpur,Chattogram,19384.40809,0.0,0,0.0
uni_201347177,Char Bhairabi,Haimchar,Chandpur,Chattogram,31291.83649,0.0,0,0.0
uni_201349457,Kalachon Uttar,Hajiganj,Chandpur,Chattogram,21053.7664,0.0,0,0.0
uni_201349448,Kalachon Dakkhin,Hajiganj,Chandpur,Chattogram,27280.8555,0.0,0,0.0
uni_201349364,Hatila Purba,Hajiganj,Chandpur,Chattogram,32075.322500000002,0.0,0,0.0
uni_201349355,Hatila Pashchim,Hajiganj,Chandpur,Chattogram,14518.5431,0.0,0,0.0
uni_201349346,Hajiganj,Hajiganj,Chandpur,Chattogram,52970.3624,0.0,0,0.0
uni_201349320,Gandharbapur Uttar,Hajiganj,Chandpur,Chattogram,20548.66232,0.0,0,0.0
uni_201349311,Gandharbapur Dakkhin,Hajiganj,Chandpur,Chattogram,16277.96885,0.0,0,0.0
uni_201349211,Dwadashgram,Hajiganj,Chandpur,Chattogram,17092.2301,0.0,0,0.0
uni_201349160,Barkul Purba,Hajiganj,Chandpur,Chattogram,32214.5733,0.0,0,0.0
uni_201349151,Barkul Pashchim,Hajiganj,Chandpur,Chattogram,15486.7897,0.0,0,0.0
uni_201349142,Bakila,Hajiganj,Chandpur,Chattogram,25330.1455,0.0,0,0.0
uni_201349042,Hajiganj Pourasabha (Municipality),Hajiganj,Chandpur,Chattogram,88844.52070000001,0.0,0,0.0
uni_201347543,Nilkamal,Haimchar,Chandpur,Chattogram,14526.032333,0.0,0,0.0
uni_201347344,Haimchar,Haimchar,Chandpur,Chattogram,6873.10875,0.0,0,0.0
uni_201347310,Gazipur,Haimchar,Chandpur,Chattogram,144.06142200000002,0.0,0,0.0
uni_201233109,Araisidha,Ashuganj,Brahmanbaria,Chattogram,21173.15804,0.0,0,0.0
uni_201213779,Uttar Natai,Brahmanbaria Sadar,Brahmanbaria,Chattogram,31788.5495,0.0,0,0.0
uni_201213728,Sultanpur,Brahmanbaria Sadar,Brahmanbaria,Chattogram,38475.02161,0.0,0,0.0
uni_107976543,Nazirpur,Nazirpur,Pirojpur,Barishal,16468.75133,0.0,0,0.0
uni_107980449,Kalakhali,Pirojpur Sadar,Pirojpur,Barishal,9945.4914,0.0,0,0.0
uni_107980440,Kadamtala,Pirojpur Sadar,Pirojpur,Barishal,15642.36063,0.0,0,0.0
uni_107980208,Durgapur,Pirojpur Sadar,Pirojpur,Barishal,13183.75782,0.0,0,0.0
uni_107980050,Pirojpur Pourasabha (Municipality),Pirojpur Sadar,Pirojpur,Barishal,62549.30644,0.0,0,0.0
uni_107976727,Sreeramkati,Nazirpur,Pirojpur,Barishal,25539.59393,0.0,0,0.0
uni_107976718,Sheikhmatia,Nazirpur,Pirojpur,Barishal,23628.69312,0.0,0,0.0
uni_107976709,Shankharikati,Nazirpur,Pirojpur,Barishal,20673.51585,0.0,0,0.0
uni_107976517,Matibhanga,Nazirpur,Pirojpur,Barishal,19675.64292,0.0,0,0.0
uni_201213719,Suhilpur,Brahmanbaria Sadar,Brahmanbaria,Chattogram,58878.75456,0.0,0,0.0
uni_107976508,Malikhali,Nazirpur,Pirojpur,Barishal,23898.6326,0.0,0,0.0
uni_107976441,Kalardoania,Nazirpur,Pirojpur,Barishal,13298.27623,0.0,0,0.0
uni_107976217,Dirgha,Nazirpur,Pirojpur,Barishal,17265.96386,0.0,0,0.0
uni_107976208,Deulbari Dobra,Nazirpur,Pirojpur,Barishal,25286.18364,0.0,0,0.0
uni_107958754,Tushkali,Mathbaria,Pirojpur,Barishal,12135.671987,0.0,0,0.0
uni_107958745,Tikikata,Mathbaria,Pirojpur,Barishal,29161.86453,0.0,0,0.0
uni_107958711,Sapleza,Mathbaria,Pirojpur,Barishal,28498.126522,0.0,0,0.0
uni_107980706,Shankarpasha,Pirojpur Sadar,Pirojpur,Barishal,19389.267060000002,0.0,0,0.0
uni_107980715,Shariktala Dumirtala,Pirojpur Sadar,Pirojpur,Barishal,12390.90329,0.0,0,0.0
uni_107980724,Shikdar Mallik,Pirojpur Sadar,Pirojpur,Barishal,18521.537809999998,0.0,0,0.0
uni_107980742,Tona,Pirojpur Sadar,Pirojpur,Barishal,11866.08489,0.0,0,0.0
uni_107990605,Parerhat,Indurkani,Pirojpur,Barishal,20227.317185,0.0,0,0.0
uni_107990378,Indurkani,Indurkani,Pirojpur,Barishal,15557.20262,0.0,0,0.0
uni_107990176,Chandipur,Indurkani,Pirojpur,Barishal,15662.211768,0.0,0,0.0
uni_107990142,Balipara,Indurkani,Pirojpur,Barishal,10421.04119,0.0,0,0.0
uni_107987736,Sutiakati,Nesarabad (Swarupkathi),Pirojpur,Barishal,22546.25213,0.0,0,0.0
uni_107987727,Sohagdal,Nesarabad (Swarupkathi),Pirojpur,Barishal,14988.18353,0.0,0,0.0
uni_107987718,Sarengkathi,Nesarabad (Swarupkathi),Pirojpur,Barishal,14525.6191,0.0,0,0.0
uni_107987709,Samudaykathi,Nesarabad (Swarupkathi),Pirojpur,Barishal,20545.66382,0.0,0,0.0
uni_107987543,Nesarabad (Swarupkati),Nesarabad (Swarupkathi),Pirojpur,Barishal,9689.35666,0.0,0,0.0
uni_107987410,Jalabari,Nesarabad (Swarupkathi),Pirojpur,Barishal,25758.23391,0.0,0,0.0
uni_107987310,Guarekha,Nesarabad (Swarupkathi),Pirojpur,Barishal,19570.56066,0.0,0,0.0
uni_107987210,Daihari,Nesarabad (Swarupkathi),Pirojpur,Barishal,15467.12556,0.0,0,0.0
uni_107987143,Baldia,Nesarabad (Swarupkathi),Pirojpur,Barishal,23062.45336,0.0,0,0.0
uni_107987109,Atghar Kuriana,Nesarabad (Swarupkathi),Pirojpur,Barishal,19247.64319,0.0,0,0.0
uni_107987075,Swarupkathi Pourasabha (Municipality),Nesarabad (Swarupkathi),Pirojpur,Barishal,21620.5747,0.0,0,0.0
uni_107958520,Mirukhali,Mathbaria,Pirojpur,Barishal,21825.17365,0.0,0,0.0
uni_107958511,Mathbaria,Mathbaria,Pirojpur,Barishal,23646.85846,0.0,0,0.0
uni_107958312,Gulishakhali,Mathbaria,Pirojpur,Barishal,19884.06307,0.0,0,0.0
uni_107897674,Rangabali,Rangabali,Patuakhali,Barishal,30835.7758195,0.0,0,0.0
uni_107897185,Char Montaj,Rangabali,Patuakhali,Barishal,26918.137961,0.0,0,0.0
uni_107897176,Chalitabunia,Rangabali,Patuakhali,Barishal,12694.4629473,0.0,0,0.0
uni_107897142,Bara Baishdia,Rangabali,Patuakhali,Barishal,17361.1884804,0.0,0,0.0
uni_107895554,Moukaran,Patuakhali Sadar,Patuakhali,Barishal,10809.18411,0.0,0,0.0
uni_107895524,Marichbunia,Patuakhali Sadar,Patuakhali,Barishal,18582.32301,0.0,0,0.0
uni_107895515,Madarbunia,Patuakhali Sadar,Patuakhali,Barishal,25108.32171,0.0,0,0.0
uni_107895489,Lohalia,Patuakhali Sadar,Patuakhali,Barishal,27907.21834,0.0,0,0.0
uni_107895480,Laukathi,Patuakhali Sadar,Patuakhali,Barishal,25413.32228,0.0,0,0.0
uni_107895454,Kamalapur,Patuakhali Sadar,Patuakhali,Barishal,20780.43568,0.0,0,0.0
uni_107895445,Kalikapur,Patuakhali Sadar,Patuakhali,Barishal,17956.29654,0.0,0,0.0
uni_107895411,Jainkathi,Patuakhali Sadar,Patuakhali,Barishal,23978.28161,0.0,0,0.0
uni_107895377,Itbaria,Patuakhali Sadar,Patuakhali,Barishal,25577.88417,0.0,0,0.0
uni_107895178,Chhota Bighai,Patuakhali Sadar,Patuakhali,Barishal,17324.096563,0.0,0,0.0
uni_107895156,Bhuria,Patuakhali Sadar,Patuakhali,Barishal,10371.77814,0.0,0,0.0
uni_107895152,Bara Bighai,Patuakhali Sadar,Patuakhali,Barishal,13580.615815000001,0.0,0,0.0
uni_107897511,Moudubi,Rangabali,Patuakhali,Barishal,11357.4824228,0.0,0,0.0
uni_107914010,Bhandaria Pourasabha (Municipality),Bhandaria,Pirojpur,Barishal,30943.531,0.0,0,0.0
uni_107958220,Dhanisafa,Mathbaria,Pirojpur,Barishal,25298.77179,0.0,0,0.0
uni_107914151,Bhitabaria,Bhandaria,Pirojpur,Barishal,17609.44942,0.0,0,0.0
uni_107958211,Daudkhali,Mathbaria,Pirojpur,Barishal,21983.94845,0.0,0,0.0
uni_107958152,Betmore Rajpara,Mathbaria,Pirojpur,Barishal,18005.64916,0.0,0,0.0
uni_107958143,Bara Machhua,Mathbaria,Pirojpur,Barishal,13972.894009,0.0,0,0.0
uni_107958109,Amragachhia,Mathbaria,Pirojpur,Barishal,21020.60458,0.0,0,0.0
uni_107958025,Mathbaria Pourasabha (Municipality),Mathbaria,Pirojpur,Barishal,23563.216500000002,0.0,0,0.0
uni_107947715,Shialkati,Kawkhali,Pirojpur,Barishal,9891.65583,0.0,0,0.0
uni_107947706,Sayna Raghunathpur,Kawkhali,Pirojpur,Barishal,7577.5701,0.0,0,0.0
uni_107947441,Kaukhali,Kawkhali,Pirojpur,Barishal,19080.86945,0.0,0,0.0
uni_107947176,Chirapara Parsaturia,Kawkhali,Pirojpur,Barishal,12570.4987,0.0,0,0.0
uni_107947109,Amrajuri,Kawkhali,Pirojpur,Barishal,11912.36605,0.0,0,0.0
uni_107914742,Telikhali,Bhandaria,Pirojpur,Barishal,18315.1057605,0.0,0,0.0
uni_107914543,Nadmula Shialkathi,Bhandaria,Pirojpur,Barishal,15943.38703,0.0,0,0.0
uni_107914377,Ikri,Bhandaria,Pirojpur,Barishal,20110.128956,0.0,0,0.0
uni_107914310,Gouripur,Bhandaria,Pirojpur,Barishal,23304.23499,0.0,0,0.0
uni_107914210,Dhaoa,Bhandaria,Pirojpur,Barishal,21324.23808,0.0,0,0.0
uni_107990614,Pattashi,Indurkani,Pirojpur,Barishal,11234.34081,0.0,0,0.0
uni_200304109,Alikadam,Alikadam,Bandarban,Chattogram,22190.851061,0.0,0,0.0
uni_200304185,Chwekhyong,Alikadam,Bandarban,Chattogram,15962.88898,0.0,0,0.0
uni_201207151,Budhanti,Bijoynagar,Brahmanbaria,Chattogram,50484.725660000004,0.0,0,0.0
uni_201204781,Ujanchar,Banchharampur,Brahmanbaria,Chattogram,25175.617,0.0,0,0.0
uni_201204747,Tejkhali,Banchharampur,Brahmanbaria,Chattogram,23651.4668,0.0,0,0.0
uni_201204721,Sonarampur,Banchharampur,Brahmanbaria,Chattogram,38935.005906,0.0,0,0.0
uni_201204712,Salimabad,Banchharampur,Brahmanbaria,Chattogram,42594.8107,0.0,0,0.0
uni_201204678,Rupasdi,Banchharampur,Brahmanbaria,Chattogram,14215.7068,0.0,0,0.0
uni_201204611,Pahariakandi,Banchharampur,Brahmanbaria,Chattogram,14463.88127,0.0,0,0.0
uni_201204511,Manikpur,Banchharampur,Brahmanbaria,Chattogram,27344.93401,0.0,0,0.0
uni_201204279,Fardabad,Banchharampur,Brahmanbaria,Chattogram,26943.1941,0.0,0,0.0
uni_201204220,Darikandi,Banchharampur,Brahmanbaria,Chattogram,15212.68633,0.0,0,0.0
uni_201204211,Dariadaulat,Banchharampur,Brahmanbaria,Chattogram,24125.14807,0.0,0,0.0
uni_201204177,Chhayfullakandi,Banchharampur,Brahmanbaria,Chattogram,31841.2966,0.0,0,0.0
uni_201204143,Banchharampur,Banchharampur,Brahmanbaria,Chattogram,10439.2837,0.0,0,0.0
uni_201204109,Ayubpur,Banchharampur,Brahmanbaria,Chattogram,23902.040324,0.0,0,0.0
uni_201204015,Banchharampur Pourasabha (Municipality),Banchharampur,Brahmanbaria,Chattogram,25170.8929,0.0,0,0.0
uni_201202773,Uttar Akhaura,Akhaura,Brahmanbaria,Chattogram,17336.9325,0.0,0,0.0
uni_201207142,Bishnupur,Bijoynagar,Brahmanbaria,Chattogram,17479.32657,0.0,0,0.0
uni_201207177,Champaknagar,Bijoynagar,Brahmanbaria,Chattogram,12667.8095,0.0,0,0.0
uni_201202507,Maniand,Akhaura,Brahmanbaria,Chattogram,30585.5726,0.0,0,0.0
uni_201207186,Chandura,Bijoynagar,Brahmanbaria,Chattogram,31075.30251,0.0,0,0.0
uni_201213710,Sadekpur,Brahmanbaria Sadar,Brahmanbaria,Chattogram,22974.1186,0.0,0,0.0
uni_201213676,Ramrail,Brahmanbaria Sadar,Brahmanbaria,Chattogram,34594.37436,0.0,0,0.0
uni_201213609,Purba Talshahar,Brahmanbaria Sadar,Brahmanbaria,Chattogram,24987.5066,0.0,0,0.0
uni_201213517,Majlishpur,Brahmanbaria Sadar,Brahmanbaria,Chattogram,27811.35254,0.0,0,0.0
uni_201213508,Machhihata,Brahmanbaria Sadar,Brahmanbaria,Chattogram,39336.98552,0.0,0,0.0
uni_201213210,Dakkhin Natai,Brahmanbaria Sadar,Brahmanbaria,Chattogram,29032.7239,0.0,0,0.0
uni_201213151,Budhal,Brahmanbaria Sadar,Brahmanbaria,Chattogram,30973.0649,0.0,0,0.0
uni_201213142,Basudeb,Brahmanbaria Sadar,Brahmanbaria,Chattogram,43297.84242,0.0,0,0.0
uni_201213066,Brahmanbaria Pourasabha (Municipality),Brahmanbaria Sadar,Brahmanbaria,Chattogram,168048.13885,0.0,0,0.0
uni_201207778,Uttar Ichhapur,Bijoynagar,Brahmanbaria,Chattogram,16540.16327,0.0,0,0.0
uni_201207620,Pattan,Bijoynagar,Brahmanbaria,Chattogram,39162.93462,0.0,0,0.0
uni_201207611,Paharpur,Bijoynagar,Brahmanbaria,Chattogram,36565.61526,0.0,0,0.0
uni_201207346,Harashpur,Bijoynagar,Brahmanbaria,Chattogram,30009.11695,0.0,0,0.0
uni_201207213,Dakkhin Singarbil,Bijoynagar,Brahmanbaria,Chattogram,18562.38424,0.0,0,0.0
uni_201207195,Char Islampur,Bijoynagar,Brahmanbaria,Chattogram,30470.00589,0.0,0,0.0
uni_201202516,Mogra,Akhaura,Brahmanbaria,Chattogram,36051.8431,0.0,0,0.0
uni_201202217,Dharkhar,Akhaura,Brahmanbaria,Chattogram,46254.89248,0.0,0,0.0
uni_200304442,Kurukpata,Alikadam,Bandarban,Chattogram,32201.506186,0.0,0,0.0
uni_200373142,Baishari,Naikkhyongchhari,Bandarban,Chattogram,29373.187056,0.0,0,0.0
uni_200351675,Rupasipara,Lama,Bandarban,Chattogram,14614.188488,0.0,0,0.0
uni_200351476,Lama Sadar,Lama,Bandarban,Chattogram,9500.313331,0.0,0,0.0
uni_200351310,Gajalia,Lama,Bandarban,Chattogram,22743.708671,0.0,0,0.0
uni_200351284,Fansiakhali,Lama,Bandarban,Chattogram,43392.087964,0.0,0,0.0
uni_200351275,Faitang,Lama,Bandarban,Chattogram,14991.053262,0.0,0,0.0
uni_200351109,Aziznagar,Lama,Bandarban,Chattogram,15442.934249,0.0,0,0.0
uni_200351062,Lama Pourasabha (Municipality),Lama,Bandarban,Chattogram,8140.95182,0.0,0,0.0
uni_200314740,Tankabati,Bandarban Sadar,Bandarban,Chattogram,21313.744798,0.0,0,0.0
uni_200314706,Suwalok,Bandarban Sadar,Bandarban,Chattogram,21641.854688,0.0,0,0.0
uni_200314672,Rajbila,Bandarban Sadar,Bandarban,Chattogram,12682.739387,0.0,0,0.0
uni_200314440,Kuhalong,Bandarban Sadar,Bandarban,Chattogram,27752.57249,0.0,0,0.0
uni_200314407,Jamchhari,Bandarban Sadar,Bandarban,Chattogram,13265.732034,0.0,0,0.0
uni_200314142,Bandarban Sadar,Bandarban Sadar,Bandarban,Chattogram,9208.138525,0.0,0,0.0
uni_200314050,Bandarban Pourasabha (Municipality),Bandarban Sadar,Bandarban,Chattogram,17954.833459999998,0.0,0,0.0
uni_200304542,Nayapara,Alikadam,Bandarban,Chattogram,14447.710384,0.0,0,0.0
uni_200351709,Sarai,Lama,Bandarban,Chattogram,14524.078433,0.0,0,0.0
uni_200373209,Dochhari,Naikkhyongchhari,Bandarban,Chattogram,14235.690065,0.0,0,0.0
uni_201202208,Dakkhin Akhaura,Akhaura,Brahmanbaria,Chattogram,10882.3806,0.0,0,0.0
uni_200373309,Ghumdhum,Naikkhyongchhari,Bandarban,Chattogram,17085.560503,0.0,0,0.0
uni_201202022,Akhaura Pourasabha (Municipality),Akhaura,Brahmanbaria,Chattogram,33355.3717,0.0,0,0.0
uni_200395747,Tindu,Thanchi,Bandarban,Chattogram,6610.174861,0.0,0,0.0
uni_200395738,Thanchi,Thanchi,Bandarban,Chattogram,7605.875811,0.0,0,0.0
uni_200395671,Remakri,Thanchi,Bandarban,Chattogram,10496.9733152,0.0,0,0.0
uni_200395142,Balipara,Thanchi,Bandarban,Chattogram,4331.8605450000005,0.0,0,0.0
uni_200391681,Ruma,Ruma,Bandarban,Chattogram,13547.4369295,0.0,0,0.0
uni_200391672,Remakriprangsa,Ruma,Bandarban,Chattogram,7040.5299045,0.0,0,0.0
uni_200391605,Paindu,Ruma,Bandarban,Chattogram,7857.559944,0.0,0,0.0
uni_200391307,Galengya,Ruma,Bandarban,Chattogram,11434.392352,0.0,0,0.0
uni_200389739,Taracha,Rowangchhari,Bandarban,Chattogram,8534.044255,0.0,0,0.0
uni_200389672,Rowangchhari Sadar,Rowangchhari,Bandarban,Chattogram,5968.1419485,0.0,0,0.0
uni_200389539,Nowapatang,Rowangchhari,Bandarban,Chattogram,5390.184088,0.0,0,0.0
uni_200389109,Alekkhyong,Rowangchhari,Bandarban,Chattogram,3679.367761,0.0,0,0.0
uni_200373706,Sonaichhari,Naikkhyongchhari,Bandarban,Chattogram,13263.790764,0.0,0,0.0
uni_200373541,Naikkhyongchhari Sadar,Naikkhyongchhari,Bandarban,Chattogram,22775.796735,0.0,0,0.0
uni_205158211,Dakkhin Char Ababil,Raipur,Lakshmipur,Chattogram,27825.1651,0.0,0,0.0
uni_205158444,Keroa,Raipur,Lakshmipur,Chattogram,29853.23755,0.0,0,0.0
uni_401823544,Nehalpur,Chuadanga Sadar,Chuadanga,Khulna,25653.12528,0.0,0,0.0
uni_306852212,Daulatpur,Manohardi,Narsingdi,Dhaka,25655.4473,0.0,0,0.0
uni_306852714,Shukundi,Manohardi,Narsingdi,Dhaka,25178.0102,0.0,0,0.0
uni_306852482,Lebutala,Manohardi,Narsingdi,Dhaka,34007.0237,0.0,0,0.0
uni_306852464,Krishnapur,Manohardi,Narsingdi,Dhaka,15026.9951,0.0,0,0.0
uni_306852455,Khidirpur,Manohardi,Narsingdi,Dhaka,30008.60276,0.0,0,0.0
uni_306852446,Kanchikata,Manohardi,Narsingdi,Dhaka,26898.532610000002,0.0,0,0.0
uni_306852313,Gotashia,Manohardi,Narsingdi,Dhaka,29250.40176,0.0,0,0.0
uni_306852246,Ekduaria,Manohardi,Narsingdi,Dhaka,29183.076530000002,0.0,0,0.0
uni_306852194,Char Mandalia,Manohardi,Narsingdi,Dhaka,14298.6495,0.0,0,0.0
uni_306863409,Jinardi,Palash,Narsingdi,Dhaka,38970.0556,0.0,0,0.0
uni_306852185,Chandanbari,Manohardi,Narsingdi,Dhaka,17291.70983,0.0,0,0.0
uni_306852176,Chalakchar,Manohardi,Narsingdi,Dhaka,19422.82605,0.0,0,0.0
uni_306852142,Barachapa,Manohardi,Narsingdi,Dhaka,27534.56017,0.0,0,0.0
uni_306852037,Manohardi Pourasabha (Municipality),Manohardi,Narsingdi,Dhaka,19962.72,0.0,0,0.0
uni_306807710,Sallabad,Belabo,Narsingdi,Dhaka,28161.1634,0.0,0,0.0
uni_306807610,Patuli,Belabo,Narsingdi,Dhaka,36926.6149,0.0,0,0.0
uni_306807543,Narayanpur,Belabo,Narsingdi,Dhaka,43222.6343,0.0,0,0.0
uni_306860025,Madhabdi Pourasabha (Municipality),Narsingdi Sadar,Narsingdi,Dhaka,63194.26,0.0,0,0.0
uni_306860050,Narsingdi Pourasabha (Municipality),Narsingdi Sadar,Narsingdi,Dhaka,152577.6666,0.0,0,0.0
uni_306860109,Alokbali,Narsingdi Sadar,Narsingdi,Dhaka,28939.86793,0.0,0,0.0
uni_306860118,Amdia,Narsingdi Sadar,Narsingdi,Dhaka,41532.86386,0.0,0,0.0
uni_306863209,Danga,Palash,Narsingdi,Dhaka,53395.2623,0.0,0,0.0
uni_306863175,Char Sindur,Palash,Narsingdi,Dhaka,28730.397,0.0,0,0.0
uni_306863015,Ghorashal Pourasabha (Municipality),Palash,Narsingdi,Dhaka,108363.5776,0.0,0,0.0
uni_306860716,Shilmandi,Narsingdi Sadar,Narsingdi,Dhaka,86459.8005,0.0,0,0.0
uni_306860624,Panchdona,Narsingdi Sadar,Narsingdi,Dhaka,50093.0454,0.0,0,0.0
uni_306860615,Paikarchar,Narsingdi Sadar,Narsingdi,Dhaka,42469.435,0.0,0,0.0
uni_306860556,Nuralapur,Narsingdi Sadar,Narsingdi,Dhaka,24380.7315,0.0,0,0.0
uni_306860547,Nazarpur,Narsingdi Sadar,Narsingdi,Dhaka,42787.387378,0.0,0,0.0
uni_306860521,Meherpara,Narsingdi Sadar,Narsingdi,Dhaka,67068.3918,0.0,0,0.0
uni_306860512,Mahishashura,Narsingdi Sadar,Narsingdi,Dhaka,55597.74695,0.0,0,0.0
uni_306860453,Karimpur,Narsingdi Sadar,Narsingdi,Dhaka,20092.07118,0.0,0,0.0
uni_306860444,Kanthalia,Narsingdi Sadar,Narsingdi,Dhaka,26422.0717,0.0,0,0.0
uni_306860344,Hajipur,Narsingdi Sadar,Narsingdi,Dhaka,23144.6602,0.0,0,0.0
uni_306860186,Chinishpur,Narsingdi Sadar,Narsingdi,Dhaka,40190.3058,0.0,0,0.0
uni_306860177,Char Dighaldi,Narsingdi Sadar,Narsingdi,Dhaka,22756.38232,0.0,0,0.0
uni_306807179,Char Ujilabo,Belabo,Narsingdi,Dhaka,13621.5784,0.0,0,0.0
uni_306807161,Binnabaid,Belabo,Narsingdi,Dhaka,34088.931,0.0,0,0.0
uni_306807152,Belabo,Belabo,Narsingdi,Dhaka,17553.5198,0.0,0,0.0
uni_306706517,Musapur,Bandar,Narayanganj,Dhaka,36828.478,0.0,0,0.0
uni_306706441,Kalagachhia,Bandar,Narayanganj,Dhaka,65502.8796,0.0,0,0.0
uni_306706209,Dhamgar,Bandar,Narayanganj,Dhaka,42311.8208,0.0,0,0.0
uni_306706142,Bandar,Bandar,Narayanganj,Dhaka,37912.3874,0.0,0,0.0
uni_306704728,Shambhupura,Sonargaon,Narayanganj,Dhaka,41728.682816,0.0,0,0.0
uni_306704719,Sanmandi,Sonargaon,Narayanganj,Dhaka,50506.55,0.0,0,0.0
uni_306704710,Sadipur,Sonargaon,Narayanganj,Dhaka,58717.365,0.0,0,0.0
uni_306704610,Pirojpur,Sonargaon,Narayanganj,Dhaka,95853.2756,0.0,0,0.0
uni_306704543,Noagaon,Sonargaon,Narayanganj,Dhaka,19734.6493,0.0,0,0.0
uni_306704509,Mograpara,Sonargaon,Narayanganj,Dhaka,43524.9603,0.0,0,0.0
uni_306704442,Kanchpur,Sonargaon,Narayanganj,Dhaka,113472.9158,0.0,0,0.0
uni_306704408,Jampur,Sonargaon,Narayanganj,Dhaka,49069.6209,0.0,0,0.0
uni_306704151,Baradi,Sonargaon,Narayanganj,Dhaka,21778.373485,0.0,0,0.0
uni_306704142,Baidyer Bazar,Sonargaon,Narayanganj,Dhaka,32143.38045,0.0,0,0.0
uni_306704066,Sonargaon Pourasabha (Municipality),Sonargaon,Narayanganj,Dhaka,26495.6751,0.0,0,0.0
uni_306702778,Uchitpur,Araihazar,Narayanganj,Dhaka,15248.129700000001,0.0,0,0.0
uni_306706508,Madanpur,Bandar,Narayanganj,Dhaka,57023.3345,0.0,0,0.0
uni_306758109,Alirtek,Narayanganj Sadar,Narayanganj,Dhaka,36600.6979,0.0,0,0.0
uni_306807143,Baznabo,Belabo,Narsingdi,Dhaka,19266.1761,0.0,0,0.0
uni_306758142,Baktabali,Narayanganj Sadar,Narayanganj,Dhaka,72463.13014,0.0,0,0.0
uni_306807109,Amlabo,Belabo,Narsingdi,Dhaka,32238.96056,0.0,0,0.0
uni_306768676,Rupganj,Rupganj,Narayanganj,Dhaka,63324.80887,0.0,0,0.0
uni_306768510,Murapara,Rupganj,Narayanganj,Dhaka,38744.192,0.0,0,0.0
uni_306768443,Kayetpara,Rupganj,Narayanganj,Dhaka,74613.777198,0.0,0,0.0
uni_306768310,Golakandail,Rupganj,Narayanganj,Dhaka,79380.2177,0.0,0,0.0
uni_306768210,Daudpur,Rupganj,Narayanganj,Dhaka,43493.35421,0.0,0,0.0
uni_306768151,Bhulta,Rupganj,Narayanganj,Dhaka,36816.386,0.0,0,0.0
uni_306768142,Bholaba,Rupganj,Narayanganj,Dhaka,27303.88863,0.0,0,0.0
uni_306768077,Taraba Pourasabha (Municipality),Rupganj,Narayanganj,Dhaka,197821.2826,0.0,0,0.0
uni_306768033,Kanchan Pourasabha (Municipality),Rupganj,Narayanganj,Dhaka,50252.66635,0.0,0,0.0
uni_306758453,Kutubpur,Narayanganj Sadar,Narayanganj,Dhaka,353695.9785,0.0,0,0.0
uni_306758444,Kashipur,Narayanganj Sadar,Narayanganj,Dhaka,84560.80799999999,0.0,0,0.0
uni_306758311,Gognagar,Narayanganj Sadar,Narayanganj,Dhaka,33693.3638,0.0,0,0.0
uni_306758277,Fatullah,Narayanganj Sadar,Narayanganj,Dhaka,183290.2515,0.0,0,0.0
uni_306758243,Enayetnagar,Narayanganj Sadar,Narayanganj,Dhaka,167792.054,0.0,0,0.0
uni_306863309,Gazaria,Palash,Narsingdi,Dhaka,26746.5146,0.0,0,0.0
uni_306864080,Raipura Pourasabha (Municipality),Raipura,Narsingdi,Dhaka,23003.3489,0.0,0,0.0
uni_306702512,Mahmudpur,Araihazar,Narayanganj,Dhaka,29027.3106,0.0,0,0.0
uni_308247516,Majhbari,Kalukhali,Rajbari,Dhaka,19822.7057,0.0,0,0.0
uni_308273342,Habaspur,Pangsha,Rajbari,Dhaka,43828.037488,0.0,0,0.0
uni_308273151,Bahadurpur,Pangsha,Rajbari,Dhaka,21678.344273,0.0,0,0.0
uni_308273142,Babupara,Pangsha,Rajbari,Dhaka,18192.70247,0.0,0,0.0
uni_308273033,Pangsha Pourasabha (Municipality),Pangsha,Rajbari,Dhaka,34662.1436,0.0,0,0.0
uni_308247709,Saorail,Kalukhali,Rajbari,Dhaka,21876.92209,0.0,0,0.0
uni_308247675,Ratandia,Kalukhali,Rajbari,Dhaka,23812.742708,0.0,0,0.0
uni_308247525,Mrigi,Kalukhali,Rajbari,Dhaka,16490.32787,0.0,0,0.0
uni_308247507,Madapur,Kalukhali,Rajbari,Dhaka,18070.17903,0.0,0,0.0
uni_306864109,Adiabad,Raipura,Narsingdi,Dhaka,13087.23958,0.0,0,0.0
uni_308247440,Kalikapur,Kalukhali,Rajbari,Dhaka,11741.50422,0.0,0,0.0
uni_308247142,Boalia,Kalukhali,Rajbari,Dhaka,22525.80326,0.0,0,0.0
uni_308229772,Ujanchar,Goalanda,Rajbari,Dhaka,33956.9992545,0.0,0,0.0
uni_308229175,Chhota Bhakla,Goalanda,Rajbari,Dhaka,10945.08688,0.0,0,0.0
uni_308229022,Goalanda Pourasabha (Municipality),Goalanda,Rajbari,Dhaka,10282.08616,0.0,0,0.0
uni_308207552,Narua,Baliakandi,Rajbari,Dhaka,20095.33926,0.0,0,0.0
uni_308207543,Nababpur,Baliakandi,Rajbari,Dhaka,33527.16646,0.0,0,0.0
uni_308273409,Jashai,Pangsha,Rajbari,Dhaka,18710.9537,0.0,0,0.0
uni_308273443,Kalimahar,Pangsha,Rajbari,Dhaka,21068.21625,0.0,0,0.0
uni_308273452,Kasba Majhail,Pangsha,Rajbari,Dhaka,26857.56047,0.0,0,0.0
uni_308273511,Machhpara,Pangsha,Rajbari,Dhaka,26061.39756,0.0,0,0.0
uni_308276715,Shahid Wahabpur,Rajbari Sadar,Rajbari,Dhaka,23945.97525,0.0,0,0.0
uni_308276681,Ramkantapur,Rajbari Sadar,Rajbari,Dhaka,25341.99622,0.0,0,0.0
uni_308276614,Panchuria,Rajbari Sadar,Rajbari,Dhaka,13311.98745,0.0,0,0.0
uni_308276522,Mulghar,Rajbari Sadar,Rajbari,Dhaka,18972.72212,0.0,0,0.0
uni_308276454,Khankhanapur,Rajbari Sadar,Rajbari,Dhaka,28351.24645,0.0,0,0.0
uni_308276445,Khanganj,Rajbari Sadar,Rajbari,Dhaka,7730.443585,0.0,0,0.0
uni_308276213,Dadshi,Rajbari Sadar,Rajbari,Dhaka,25053.34128,0.0,0,0.0
uni_308276179,Chandani,Rajbari Sadar,Rajbari,Dhaka,15726.374469999999,0.0,0,0.0
uni_308276161,Basantapur,Rajbari Sadar,Rajbari,Dhaka,38066.37833,0.0,0,0.0
uni_308276143,Banibaha,Rajbari Sadar,Rajbari,Dhaka,26460.82588,0.0,0,0.0
uni_308276109,Alipur,Rajbari Sadar,Rajbari,Dhaka,24820.19096,0.0,0,0.0
uni_308276066,Rajbari Pourasabha (Municipality),Rajbari Sadar,Rajbari,Dhaka,50617.8715,0.0,0,0.0
uni_308273712,Sarisha,Pangsha,Rajbari,Dhaka,20148.79221,0.0,0,0.0
uni_308273612,Patta,Pangsha,Rajbari,Dhaka,21099.92899,0.0,0,0.0
uni_308273520,Mourat,Pangsha,Rajbari,Dhaka,24387.51043,0.0,0,0.0
uni_308207418,Jangal,Baliakandi,Rajbari,Dhaka,27462.02193,0.0,0,0.0
uni_308207409,Jamalpur,Baliakandi,Rajbari,Dhaka,37334.68043,0.0,0,0.0
uni_308207375,Islampur,Baliakandi,Rajbari,Dhaka,32470.86516,0.0,0,0.0
uni_306864549,Musapur,Raipura,Narsingdi,Dhaka,36428.28191,0.0,0,0.0
uni_306864540,Mirzarchar,Raipura,Narsingdi,Dhaka,12768.21907,0.0,0,0.0
uni_306864531,Mirzapur,Raipura,Narsingdi,Dhaka,38766.6087,0.0,0,0.0
uni_306864522,Mirzanagar,Raipura,Narsingdi,Dhaka,27704.0694,0.0,0,0.0
uni_306864513,Marjal,Raipura,Narsingdi,Dhaka,39038.8224,0.0,0,0.0
uni_306864504,Maheshpur,Raipura,Narsingdi,Dhaka,26051.405899999998,0.0,0,0.0
uni_306864343,Hairmara,Raipura,Narsingdi,Dhaka,11425.1528,0.0,0,0.0
uni_306864214,Doukarchar,Raipura,Narsingdi,Dhaka,17019.62915,0.0,0,0.0
uni_306864213,Char Subuddhi,Raipura,Narsingdi,Dhaka,19582.54695,0.0,0,0.0
uni_306864204,Char Madhua,Raipura,Narsingdi,Dhaka,11987.63058,0.0,0,0.0
uni_306864195,Char Aralia,Raipura,Narsingdi,Dhaka,17302.12624,0.0,0,0.0
uni_306864186,Chanpur,Raipura,Narsingdi,Dhaka,22742.47647,0.0,0,0.0
uni_306864177,Chanderkandi,Raipura,Narsingdi,Dhaka,12478.4405,0.0,0,0.0
uni_306864144,Banshgari,Raipura,Narsingdi,Dhaka,16761.045695,0.0,0,0.0
uni_306864127,Amirganj,Raipura,Narsingdi,Dhaka,56332.3461,0.0,0,0.0
uni_306864118,Alipura,Raipura,Narsingdi,Dhaka,15327.1704,0.0,0,0.0
uni_306864542,Nilakkha,Raipura,Narsingdi,Dhaka,28590.352880000002,0.0,0,0.0
uni_306864607,Palashtali,Raipura,Narsingdi,Dhaka,40244.02266,0.0,0,0.0
uni_308207151,Baliakandi,Baliakandi,Rajbari,Dhaka,25621.47388,0.0,0,0.0
uni_306864616,Paratali,Raipura,Narsingdi,Dhaka,31979.42916,0.0,0,0.0
uni_308207142,Baharpur,Baliakandi,Rajbari,Dhaka,37358.441475,0.0,0,0.0
uni_306876711,Sadharchar,Shibpur,Narsingdi,Dhaka,24032.85948,0.0,0,0.0
uni_306876611,Putia,Shibpur,Narsingdi,Dhaka,76819.6359,0.0,0,0.0
uni_306876511,Machhimpur,Shibpur,Narsingdi,Dhaka,21409.575679999998,0.0,0,0.0
uni_306876419,Joynagar,Shibpur,Narsingdi,Dhaka,30343.85335,0.0,0,0.0
uni_306876410,Joshar,Shibpur,Narsingdi,Dhaka,32671.96562,0.0,0,0.0
uni_306876211,Dulalpur,Shibpur,Narsingdi,Dhaka,29253.55346,0.0,0,0.0
uni_306876177,Chakradha,Shibpur,Narsingdi,Dhaka,24178.23164,0.0,0,0.0
uni_306876143,Baghaba,Shibpur,Narsingdi,Dhaka,27109.28681,0.0,0,0.0
uni_306876109,Ayubpur,Shibpur,Narsingdi,Dhaka,32752.230799999998,0.0,0,0.0
uni_306876087,Shibpur Pourasabha (Municipality),Shibpur,Narsingdi,Dhaka,19677.1586,0.0,0,0.0
uni_306864772,Uttar Bakharnagar,Raipura,Narsingdi,Dhaka,23826.0262,0.0,0,0.0
uni_306864707,Sreenagar,Raipura,Narsingdi,Dhaka,24559.340086,0.0,0,0.0
uni_306864682,Raipura,Raipura,Narsingdi,Dhaka,13672.03037,0.0,0,0.0
uni_306864673,Radhanagar,Raipura,Narsingdi,Dhaka,22612.2709,0.0,0,0.0
uni_306702711,Satgram,Araihazar,Narayanganj,Dhaka,69471.91129999999,0.0,0,0.0
uni_306702453,Khakkanda,Araihazar,Narayanganj,Dhaka,25284.06773,0.0,0,0.0
uni_205158676,Raipur,Raipur,Lakshmipur,Chattogram,13404.0558,0.0,0,0.0
uni_305670210,Daragram,Saturia,Manikganj,Dhaka,17502.22423,0.0,0,0.0
uni_305678109,Arua,Shibalay,Manikganj,Dhaka,15067.943711,0.0,0,0.0
uni_305670744,Tilli,Saturia,Manikganj,Dhaka,20293.93296,0.0,0,0.0
uni_305670710,Saturia,Saturia,Manikganj,Dhaka,16048.61901,0.0,0,0.0
uni_305670346,Hargaj,Saturia,Manikganj,Dhaka,12648.31992,0.0,0,0.0
uni_305670279,Fukurhati,Saturia,Manikganj,Dhaka,16571.65819,0.0,0,0.0
uni_305670228,Dighulia,Saturia,Manikganj,Dhaka,14497.10137,0.0,0,0.0
uni_305670219,Dhankora,Saturia,Manikganj,Dhaka,38663.83761,0.0,0,0.0
uni_305670151,Baraid,Saturia,Manikganj,Dhaka,17932.61479,0.0,0,0.0
uni_305924160,Bhaberchar,Gazaria,Munshiganj,Dhaka,21701.84166,0.0,0,0.0
uni_305670142,Baliati,Saturia,Manikganj,Dhaka,14375.66918,0.0,0,0.0
uni_305646613,Putail,Manikganj Sadar,Manikganj,Dhaka,27747.755259999998,0.0,0,0.0
uni_305646546,Nabagram,Manikganj Sadar,Manikganj,Dhaka,24639.82561,0.0,0,0.0
uni_305646446,Krishnapur,Manikganj Sadar,Manikganj,Dhaka,33658.11826,0.0,0,0.0
uni_305646412,Jagir,Manikganj Sadar,Manikganj,Dhaka,47403.13034,0.0,0,0.0
uni_305646345,Hatipara,Manikganj Sadar,Manikganj,Dhaka,24529.63318,0.0,0,0.0
uni_305646311,Garpara,Manikganj Sadar,Manikganj,Dhaka,18277.65451,0.0,0,0.0
uni_305678506,Mahadebpur,Shibalay,Manikganj,Dhaka,29307.18092,0.0,0,0.0
uni_305678705,Shibalay,Shibalay,Manikganj,Dhaka,26288.767855000002,0.0,0,0.0
uni_305678714,Shimulia,Shibalay,Manikganj,Dhaka,18572.22787,0.0,0,0.0
uni_305678740,Teota,Shibalay,Manikganj,Dhaka,39274.000499,0.0,0,0.0
uni_305924142,Baluakandi,Gazaria,Munshiganj,Dhaka,25738.84995,0.0,0,0.0
uni_305682746,Talebpur,Singair,Manikganj,Dhaka,13742.3155,0.0,0,0.0
uni_305682720,Singair,Singair,Manikganj,Dhaka,3776.7433,0.0,0,0.0
uni_305682711,Shaesta,Singair,Manikganj,Dhaka,21238.62384,0.0,0,0.0
uni_305682429,Joymantap,Singair,Manikganj,Dhaka,25221.98959,0.0,0,0.0
uni_305682420,Jamsha,Singair,Manikganj,Dhaka,23295.11156,0.0,0,0.0
uni_305682411,Jamirta,Singair,Manikganj,Dhaka,42286.9605,0.0,0,0.0
uni_305682212,Dhalla,Singair,Manikganj,Dhaka,51155.81256,0.0,0,0.0
uni_305682186,Charigram,Singair,Manikganj,Dhaka,12532.87423,0.0,0,0.0
uni_305682177,Chandahar,Singair,Manikganj,Dhaka,48830.13499,0.0,0,0.0
uni_305682151,Bayra,Singair,Manikganj,Dhaka,16801.87683,0.0,0,0.0
uni_305682142,Baldhara,Singair,Manikganj,Dhaka,30972.5037,0.0,0,0.0
uni_305682087,Singair Pourasabha (Municipality),Singair,Manikganj,Dhaka,17836.626369999998,0.0,0,0.0
uni_305678783,Uthali,Shibalay,Manikganj,Dhaka,25537.90646,0.0,0,0.0
uni_305678774,Ulail,Shibalay,Manikganj,Dhaka,20585.68824,0.0,0,0.0
uni_305646211,Dighi,Manikganj Sadar,Manikganj,Dhaka,21795.26608,0.0,0,0.0
uni_305646152,Bhararia,Manikganj Sadar,Manikganj,Dhaka,25092.15842,0.0,0,0.0
uni_305646143,Betila Mitara,Manikganj Sadar,Manikganj,Dhaka,21349.86173,0.0,0,0.0
uni_305622310,Ghior,Ghior,Manikganj,Dhaka,21952.84687,0.0,0,0.0
uni_305622151,Baniajuri,Ghior,Manikganj,Dhaka,25204.72713,0.0,0,0.0
uni_305622142,Baliakhora,Ghior,Manikganj,Dhaka,25702.68192,0.0,0,0.0
uni_305610454,Khalsi,Daulatpur,Manikganj,Dhaka,24876.87693,0.0,0,0.0
uni_305610445,Kalia,Daulatpur,Manikganj,Dhaka,27410.10243,0.0,0,0.0
uni_305610411,Jianpur,Daulatpur,Manikganj,Dhaka,23121.87922,0.0,0,0.0
uni_305610212,Dhamsar,Daulatpur,Manikganj,Dhaka,22371.05343,0.0,0,0.0
uni_305610186,Char Katari,Daulatpur,Manikganj,Dhaka,12638.209593,0.0,0,0.0
uni_305610177,Chak Mirpur,Daulatpur,Manikganj,Dhaka,29515.0708,0.0,0,0.0
uni_305610151,Baghutia,Daulatpur,Manikganj,Dhaka,25804.587360999998,0.0,0,0.0
uni_305610142,Bachamara,Daulatpur,Manikganj,Dhaka,24688.98424,0.0,0,0.0
uni_305487795,Uttar Baheratala,Shibchar,Madaripur,Dhaka,13460.41839,0.0,0,0.0
uni_305487786,Umedpur,Shibchar,Madaripur,Dhaka,27757.52954,0.0,0,0.0
uni_305487735,Shiruail,Shibchar,Madaripur,Dhaka,15601.39186,0.0,0,0.0
uni_305487726,Shibchar,Shibchar,Madaripur,Dhaka,6039.77703,0.0,0,0.0
uni_305487717,Sannyasirchar,Shibchar,Madaripur,Dhaka,22620.60413,0.0,0,0.0
uni_305622160,Baratia,Ghior,Manikganj,Dhaka,25754.12039,0.0,0,0.0
uni_305622542,Nali,Ghior,Manikganj,Dhaka,17582.30603,0.0,0,0.0
uni_305646109,Atigram,Manikganj Sadar,Manikganj,Dhaka,22035.87959,0.0,0,0.0
uni_305622609,Payla,Ghior,Manikganj,Dhaka,19323.48226,0.0,0,0.0
uni_305646050,Manikganj Pourasabha (Municipality),Manikganj Sadar,Manikganj,Dhaka,84868.0793,0.0,0,0.0
uni_305628715,Sutalari,Harirampur,Manikganj,Dhaka,7536.1529199999995,0.0,0,0.0
uni_305628681,Ramkrishnapur,Harirampur,Manikganj,Dhaka,4560.4711783,0.0,0,0.0
uni_305628482,Lechhraganj,Harirampur,Manikganj,Dhaka,18496.33885,0.0,0,0.0
uni_305628448,Kanchanpur,Harirampur,Manikganj,Dhaka,6376.2644359999995,0.0,0,0.0
uni_305628348,Harukandi,Harirampur,Manikganj,Dhaka,10113.261539,0.0,0,0.0
uni_305628322,Gopinathpur,Harirampur,Manikganj,Dhaka,7626.495647,0.0,0,0.0
uni_305628313,Gala,Harirampur,Manikganj,Dhaka,15347.65177,0.0,0,0.0
uni_305628213,Dhulshura,Harirampur,Manikganj,Dhaka,8158.7159067,0.0,0,0.0
uni_305628179,Chala,Harirampur,Manikganj,Dhaka,18171.03069,0.0,0,0.0
uni_305628161,Boyra,Harirampur,Manikganj,Dhaka,7327.143894,0.0,0,0.0
uni_305628152,Balla,Harirampur,Manikganj,Dhaka,16060.58535,0.0,0,0.0
uni_305628143,Balara,Harirampur,Manikganj,Dhaka,9687.909002,0.0,0,0.0
uni_305628109,Azimnagar,Harirampur,Manikganj,Dhaka,9901.35727,0.0,0,0.0
uni_305622709,Singjuri,Ghior,Manikganj,Dhaka,16773.68973,0.0,0,0.0
uni_305924151,Baushia,Gazaria,Munshiganj,Dhaka,23973.9738,0.0,0,0.0
uni_305924310,Gazaria,Gazaria,Munshiganj,Dhaka,19492.956727,0.0,0,0.0
uni_306702444,Kalapaharia,Araihazar,Narayanganj,Dhaka,30682.243905,0.0,0,0.0
uni_305984454,Kukutia,Sreenagar,Munshiganj,Dhaka,18789.71835,0.0,0,0.0
uni_305994109,Abdullapur,Tongibari,Munshiganj,Dhaka,10009.0083,0.0,0,0.0
uni_305984749,Tantar,Sreenagar,Munshiganj,Dhaka,15225.6072,0.0,0,0.0
uni_305984731,Sreenagar,Sreenagar,Munshiganj,Dhaka,21207.08082,0.0,0,0.0
uni_305984722,Shyamsiddhi,Sreenagar,Munshiganj,Dhaka,23058.993566,0.0,0,0.0
uni_305984713,Sholaghar,Sreenagar,Munshiganj,Dhaka,19697.27926,0.0,0,0.0
uni_305984679,Rarikhal,Sreenagar,Munshiganj,Dhaka,19560.3868,0.0,0,0.0
uni_305984612,Patabhog,Sreenagar,Munshiganj,Dhaka,22909.2181,0.0,0,0.0
uni_305984445,Kolapara,Sreenagar,Munshiganj,Dhaka,19963.3541,0.0,0,0.0
uni_305924319,Guagachhia,Gazaria,Munshiganj,Dhaka,15064.31938,0.0,0,0.0
uni_305984345,Hansara,Sreenagar,Munshiganj,Dhaka,19774.35398,0.0,0,0.0
uni_305984170,Birtara,Sreenagar,Munshiganj,Dhaka,10762.1082,0.0,0,0.0
uni_305984161,Bhagyakul,Sreenagar,Munshiganj,Dhaka,24423.18897,0.0,0,0.0
uni_305984152,Baraikhali,Sreenagar,Munshiganj,Dhaka,20951.414946,0.0,0,0.0
uni_305984143,Baghra,Sreenagar,Munshiganj,Dhaka,28866.464069999998,0.0,0,0.0
uni_305984109,Atpara,Sreenagar,Munshiganj,Dhaka,14582.5862,0.0,0,0.0
uni_305974716,Shekharnagar,Sirajdikhan,Munshiganj,Dhaka,12530.9803,0.0,0,0.0
uni_305994118,Arial,Tongibari,Munshiganj,Dhaka,13334.4437,0.0,0,0.0
uni_305994127,Autshahi,Tongibari,Munshiganj,Dhaka,19009.1114,0.0,0,0.0
uni_305994131,Baligaon,Tongibari,Munshiganj,Dhaka,17888.1142,0.0,0,0.0
uni_305994145,Betka,Tongibari,Munshiganj,Dhaka,23725.9268,0.0,0,0.0
uni_306702344,Haijadi,Araihazar,Narayanganj,Dhaka,31247.5667,0.0,0,0.0
uni_306702277,Fatehpur,Araihazar,Narayanganj,Dhaka,23196.5049,0.0,0,0.0
uni_306702210,Duptara,Araihazar,Narayanganj,Dhaka,66087.4027,0.0,0,0.0
uni_306702151,Brahmandi,Araihazar,Narayanganj,Dhaka,58180.8089,0.0,0,0.0
uni_306702142,Bishnandi,Araihazar,Narayanganj,Dhaka,46669.61403,0.0,0,0.0
uni_306702035,Gopaldi Pourasabha (Municipality),Araihazar,Narayanganj,Dhaka,47678.2945,0.0,0,0.0
uni_306702015,Araihazar Pourasabha (Municipality),Araihazar,Narayanganj,Dhaka,37971.6555,0.0,0,0.0
uni_305994714,Sonarang Tongibari,Tongibari,Munshiganj,Dhaka,20360.4842,0.0,0,0.0
uni_305994614,Panchgaon,Tongibari,Munshiganj,Dhaka,14520.62781,0.0,0,0.0
uni_305994456,Kathadia Shimulia,Tongibari,Munshiganj,Dhaka,11145.3159,0.0,0,0.0
uni_305994447,Kamarkhara,Tongibari,Munshiganj,Dhaka,11793.1783,0.0,0,0.0
uni_305994413,Jashalang,Tongibari,Munshiganj,Dhaka,16292.14479,0.0,0,0.0
uni_305994346,Hasail Banari,Tongibari,Munshiganj,Dhaka,8609.769809,0.0,0,0.0
uni_305994221,Dighirpar,Tongibari,Munshiganj,Dhaka,5684.2633,0.0,0,0.0
uni_305994212,Dhipur,Tongibari,Munshiganj,Dhaka,19017.8131,0.0,0,0.0
uni_305974690,Rashunia,Sirajdikhan,Munshiganj,Dhaka,16723.9444,0.0,0,0.0
uni_305974681,Rajanagar,Sirajdikhan,Munshiganj,Dhaka,19990.965109999997,0.0,0,0.0
uni_305974523,Malkhanagar,Sirajdikhan,Munshiganj,Dhaka,9500.0659,0.0,0,0.0
uni_305956109,Adhara,Munshiganj Sadar,Munshiganj,Dhaka,36643.05414,0.0,0,0.0
uni_305956033,Mirkadim Pourasabha (Municipality),Munshiganj Sadar,Munshiganj,Dhaka,51937.2567,0.0,0,0.0
uni_305944515,Louhajang Teutia,Louhajang,Munshiganj,Dhaka,5224.318309,0.0,0,0.0
uni_305944481,Medinimandal,Louhajang,Munshiganj,Dhaka,48950.0862,0.0,0,0.0
uni_305944471,Kumarbhog,Louhajang,Munshiganj,Dhaka,13601.5936,0.0,0,0.0
uni_305944462,Khidirpara,Louhajang,Munshiganj,Dhaka,25746.38671,0.0,0,0.0
uni_305944453,Kanaksar,Louhajang,Munshiganj,Dhaka,9434.80909,0.0,0,0.0
uni_305944444,Kalma,Louhajang,Munshiganj,Dhaka,14821.368854,0.0,0,0.0
uni_305944344,Haldia,Louhajang,Munshiganj,Dhaka,26407.3605,0.0,0,0.0
uni_305944310,Gaondia,Louhajang,Munshiganj,Dhaka,13996.89945,0.0,0,0.0
uni_305944210,Dhaidia,Louhajang,Munshiganj,Dhaka,170.13886300000001,0.0,0,0.0
uni_305944151,Boultali,Louhajang,Munshiganj,Dhaka,10283.72525,0.0,0,0.0
uni_305944142,Bejgaon,Louhajang,Munshiganj,Dhaka,6921.65366,0.0,0,0.0
uni_305924743,Tengarchar,Gazaria,Munshiganj,Dhaka,19816.5294,0.0,0,0.0
uni_305924379,Imampur,Gazaria,Munshiganj,Dhaka,24459.10027,0.0,0,0.0
uni_305924345,Hossaindi,Gazaria,Munshiganj,Dhaka,29207.619018,0.0,0,0.0
uni_305956066,Munshiganj Pourasabha (Municipality),Munshiganj Sadar,Munshiganj,Dhaka,66814.7544,0.0,0,0.0
uni_305956143,Bajrajogini,Munshiganj Sadar,Munshiganj,Dhaka,27391.7884,0.0,0,0.0
uni_305974514,Madhyapara,Sirajdikhan,Munshiganj,Dhaka,13561.3732,0.0,0,0.0
uni_305956152,Banglabazar,Munshiganj Sadar,Munshiganj,Dhaka,7713.46757,0.0,0,0.0
uni_305974480,Latabdi,Sirajdikhan,Munshiganj,Dhaka,30485.27514,0.0,0,0.0
uni_305974454,Kola,Sirajdikhan,Munshiganj,Dhaka,13392.2922,0.0,0,0.0
uni_305974445,Keyain,Sirajdikhan,Munshiganj,Dhaka,35854.08313,0.0,0,0.0
uni_305974411,Jainsar,Sirajdikhan,Munshiganj,Dhaka,17879.40945,0.0,0,0.0
uni_305974377,Ichhapura,Sirajdikhan,Munshiganj,Dhaka,20094.1073,0.0,0,0.0
uni_305974178,Chitrakot,Sirajdikhan,Munshiganj,Dhaka,26974.89617,0.0,0,0.0
uni_305974160,Bayragadi,Sirajdikhan,Munshiganj,Dhaka,11905.7631,0.0,0,0.0
uni_305974151,Basail,Sirajdikhan,Munshiganj,Dhaka,36558.86331,0.0,0,0.0
uni_305974142,Baluchar,Sirajdikhan,Munshiganj,Dhaka,56099.4668,0.0,0,0.0
uni_305956711,Shilai,Munshiganj Sadar,Munshiganj,Dhaka,10874.926306,0.0,0,0.0
uni_305956677,Rampal,Munshiganj Sadar,Munshiganj,Dhaka,42983.3572,0.0,0,0.0
uni_305956610,Panchasar,Munshiganj Sadar,Munshiganj,Dhaka,109535.7373,0.0,0,0.0
uni_305956518,Mollakandi,Munshiganj Sadar,Munshiganj,Dhaka,23754.55777,0.0,0,0.0
uni_305956509,Mahakali,Munshiganj Sadar,Munshiganj,Dhaka,19992.5153,0.0,0,0.0
uni_305956178,Char Keoar,Munshiganj Sadar,Munshiganj,Dhaka,42312.08811,0.0,0,0.0
uni_308276724,Sultanpur,Rajbari Sadar,Rajbari,Dhaka,23363.13383,0.0,0,0.0
uni_308614016,Bhedarganj Pourasabha (Municipality),Bhedarganj,Shariatpur,Dhaka,6141.8942,0.0,0,0.0
uni_308614109,Arshinagar,Bhedarganj,Shariatpur,Dhaka,17966.83398,0.0,0,0.0
uni_309395615,Porabari,Tangail Sadar,Tangail,Dhaka,26701.98524,0.0,0,0.0
uni_400108411,Jatrapur,Bagerhat Sadar,Bagerhat,Khulna,20345.15907,0.0,0,0.0
uni_400108311,Gotapara,Bagerhat Sadar,Bagerhat,Khulna,25186.49212,0.0,0,0.0
uni_400108211,Dema,Bagerhat Sadar,Bagerhat,Khulna,24812.03109,0.0,0,0.0
uni_400108160,Bishnupur,Bagerhat Sadar,Bagerhat,Khulna,18074.67624,0.0,0,0.0
uni_400108151,Bemarta,Bagerhat Sadar,Bagerhat,Khulna,42791.24646,0.0,0,0.0
uni_400108142,Baruipara,Bagerhat Sadar,Bagerhat,Khulna,15523.0890485,0.0,0,0.0
uni_400108025,Bagerhat Pourasabha (Municipality),Bagerhat Sadar,Bagerhat,Khulna,39267.6329,0.0,0,0.0
uni_309395523,Mahamudnagar,Tangail Sadar,Tangail,Dhaka,17661.81895,0.0,0,0.0
uni_400138209,Dhopakhali,Kachua,Bagerhat,Khulna,9303.37676,0.0,0,0.0
uni_309395514,Magra,Tangail Sadar,Tangail,Dhaka,34349.70958,0.0,0,0.0
uni_309395463,Katuli,Tangail Sadar,Tangail,Dhaka,34558.11344,0.0,0,0.0
uni_309395454,Karatia,Tangail Sadar,Tangail,Dhaka,53987.8451,0.0,0,0.0
uni_309395445,Kakua,Tangail Sadar,Tangail,Dhaka,35546.812671,0.0,0,0.0
uni_309395345,Hugra,Tangail Sadar,Tangail,Dhaka,31929.18217,0.0,0,0.0
uni_309395319,Gharinda,Tangail Sadar,Tangail,Dhaka,44645.22254,0.0,0,0.0
uni_309395310,Gala,Tangail Sadar,Tangail,Dhaka,41492.279500000004,0.0,0,0.0
uni_400108445,Karapara,Bagerhat Sadar,Bagerhat,Khulna,30868.92771,0.0,0,0.0
uni_400108454,Khanpur,Bagerhat Sadar,Bagerhat,Khulna,16904.02297,0.0,0,0.0
uni_400108678,Rakhalgachhi,Bagerhat Sadar,Bagerhat,Khulna,14818.00136,0.0,0,0.0
uni_400108712,Shatgambuj,Bagerhat Sadar,Bagerhat,Khulna,32439.09295,0.0,0,0.0
uni_400134710,Shubhadia,Fakirhat,Bagerhat,Khulna,10742.20667,0.0,0,0.0
uni_400134610,Piljanga,Fakirhat,Bagerhat,Khulna,24332.41809,0.0,0,0.0
uni_400134543,Naldha Moubhog,Fakirhat,Bagerhat,Khulna,10273.650306,0.0,0,0.0
uni_400134509,Mulghar,Fakirhat,Bagerhat,Khulna,8248.04469,0.0,0,0.0
uni_400134475,Lakhpur,Fakirhat,Bagerhat,Khulna,19780.28362,0.0,0,0.0
uni_400134276,Fakirhat,Fakirhat,Bagerhat,Khulna,26526.94445,0.0,0,0.0
uni_400134151,Betaga,Fakirhat,Bagerhat,Khulna,11259.03619,0.0,0,0.0
uni_400134142,Bahirdia Mansa,Fakirhat,Bagerhat,Khulna,15962.595089999999,0.0,0,0.0
uni_400114717,Shibpur,Chitalmari,Bagerhat,Khulna,11545.34244,0.0,0,0.0
uni_400114708,Santoshpur,Chitalmari,Bagerhat,Khulna,19704.8547,0.0,0,0.0
uni_400114443,Kalatala,Chitalmari,Bagerhat,Khulna,17659.00298,0.0,0,0.0
uni_400114343,Hizla,Chitalmari,Bagerhat,Khulna,22827.88089,0.0,0,0.0
uni_400114185,Chitalmari,Chitalmari,Bagerhat,Khulna,41142.149525,0.0,0,0.0
uni_400114176,Char Baniari,Chitalmari,Bagerhat,Khulna,23995.81251,0.0,0,0.0
uni_400114142,Barabaria,Chitalmari,Bagerhat,Khulna,23088.84342,0.0,0,0.0
uni_309395210,Dainya,Tangail Sadar,Tangail,Dhaka,38206.0796,0.0,0,0.0
uni_309395176,Chhilimpur,Tangail Sadar,Tangail,Dhaka,25344.39564,0.0,0,0.0
uni_309395142,Baghil,Tangail Sadar,Tangail,Dhaka,24116.58846,0.0,0,0.0
uni_309376312,Gaihata,Nagarpur,Tangail,Dhaka,25839.69305,0.0,0,0.0
uni_309376211,Daptiar,Nagarpur,Tangail,Dhaka,28823.29732,0.0,0,0.0
uni_309376160,Bharra,Nagarpur,Tangail,Dhaka,40048.74334,0.0,0,0.0
uni_309376151,Bhadra,Nagarpur,Tangail,Dhaka,24126.592,0.0,0,0.0
uni_309376142,Bekra,Nagarpur,Tangail,Dhaka,11150.7015,0.0,0,0.0
uni_309366782,Uarshi,Mirzapur,Tangail,Dhaka,24053.19553,0.0,0,0.0
uni_309366748,Tarafpur,Mirzapur,Tangail,Dhaka,26605.13759,0.0,0,0.0
uni_309366516,Mahera,Mirzapur,Tangail,Dhaka,16946.00909,0.0,0,0.0
uni_309366482,Latifpur,Mirzapur,Tangail,Dhaka,17826.24168,0.0,0,0.0
uni_309366415,Jamurki,Mirzapur,Tangail,Dhaka,36433.22321,0.0,0,0.0
uni_309366315,Gorai,Mirzapur,Tangail,Dhaka,86990.88515,0.0,0,0.0
uni_309366281,Fatepur,Mirzapur,Tangail,Dhaka,22909.75462,0.0,0,0.0
uni_309366180,Bhawra,Mirzapur,Tangail,Dhaka,11667.78816,0.0,0,0.0
uni_309366171,Bhatgram,Mirzapur,Tangail,Dhaka,24703.23964,0.0,0,0.0
uni_309366162,Banshtail,Mirzapur,Tangail,Dhaka,37959.73085,0.0,0,0.0
uni_309366153,Banail,Mirzapur,Tangail,Dhaka,21441.53515,0.0,0,0.0
uni_309376220,Dhubaria,Nagarpur,Tangail,Dhaka,14103.06763,0.0,0,0.0
uni_309376511,Mamudnagar,Nagarpur,Tangail,Dhaka,39804.66077,0.0,0,0.0
uni_309395087,Tangail Pourasabha (Municipality),Tangail Sadar,Tangail,Dhaka,148452.1679,0.0,0,0.0
uni_309376526,Mokna,Nagarpur,Tangail,Dhaka,27103.07262,0.0,0,0.0
uni_309385454,Kalia,Sakhipur,Tangail,Dhaka,29476.54347,0.0,0,0.0
uni_309385445,Kakrajan,Sakhipur,Tangail,Dhaka,40274.47678,0.0,0,0.0
uni_309385411,Jadabpur,Sakhipur,Tangail,Dhaka,33652.93778,0.0,0,0.0
uni_309385344,Hatibandha,Sakhipur,Tangail,Dhaka,22105.69356,0.0,0,0.0
uni_309385334,Hateya Rajabari,Sakhipur,Tangail,Dhaka,11148.39105,0.0,0,0.0
uni_309385310,Gajaria,Sakhipur,Tangail,Dhaka,16855.82932,0.0,0,0.0
uni_309385210,Dariapur,Sakhipur,Tangail,Dhaka,25949.02563,0.0,0,0.0
uni_309385167,Barachaona,Sakhipur,Tangail,Dhaka,30418.27731,0.0,0,0.0
uni_309385151,Bahuria,Sakhipur,Tangail,Dhaka,36403.61062,0.0,0,0.0
uni_309385142,Baheratail,Sakhipur,Tangail,Dhaka,31486.69536,0.0,0,0.0
uni_309385080,Sakhipur Pourasabha (Municipality),Sakhipur,Tangail,Dhaka,26534.74281,0.0,0,0.0
uni_309376722,Salimabad,Nagarpur,Tangail,Dhaka,15897.63843,0.0,0,0.0
uni_309376713,Sahabatpur,Nagarpur,Tangail,Dhaka,32287.45955,0.0,0,0.0
uni_309376613,Pakutia,Nagarpur,Tangail,Dhaka,21633.55142,0.0,0,0.0
uni_309376546,Nagarpur,Nagarpur,Tangail,Dhaka,19037.88637,0.0,0,0.0
uni_400138142,Badhal,Kachua,Bagerhat,Khulna,16034.87653,0.0,0,0.0
uni_400138309,Gajalia,Kachua,Bagerhat,Khulna,12140.83122,0.0,0,0.0
uni_308614176,Char Bhaga,Bhedarganj,Shariatpur,Dhaka,22781.91641,0.0,0,0.0
uni_400177440,Khontakata,Sharankhola,Bagerhat,Khulna,20511.8891392,0.0,0,0.0
uni_401807152,Belgachhi,Alamdanga,Chuadanga,Khulna,20324.96296,0.0,0,0.0
uni_401807143,Baradi,Alamdanga,Chuadanga,Khulna,20676.63772,0.0,0,0.0
uni_401807109,Ailhans,Alamdanga,Chuadanga,Khulna,20377.3542,0.0,0,0.0
uni_401807020,Alamdanga Pourasabha (Municipality),Alamdanga,Chuadanga,Khulna,37037.43706,0.0,0,0.0
uni_400177997,Sundarban (Reserve Forest),Sharankhola,Bagerhat,Khulna,48208.0465289,0.0,0,0.0
uni_400177706,Southkhali,Sharankhola,Bagerhat,Khulna,13273.4477344,0.0,0,0.0
uni_400177672,Rayenda,Sharankhola,Bagerhat,Khulna,19133.017152,0.0,0,0.0
uni_400177208,Dhansagar,Sharankhola,Bagerhat,Khulna,19356.75791,0.0,0,0.0
uni_400138318,Gopalpur,Kachua,Bagerhat,Khulna,11357.313689999999,0.0,0,0.0
uni_400173778,Ujalkur,Rampal,Bagerhat,Khulna,16239.81327,0.0,0,0.0
uni_400173686,Rampal,Rampal,Bagerhat,Khulna,15406.57603,0.0,0,0.0
uni_400173677,Rajnagar,Rampal,Bagerhat,Khulna,7758.079308,0.0,0,0.0
uni_400173610,Perikhali,Rampal,Bagerhat,Khulna,10067.7034,0.0,0,0.0
uni_400173510,Mallikerber,Rampal,Bagerhat,Khulna,13675.80625,0.0,0,0.0
uni_400173344,Hurka,Rampal,Bagerhat,Khulna,6801.2298,0.0,0,0.0
uni_400173310,Gourambha,Rampal,Bagerhat,Khulna,11535.081735,0.0,0,0.0
uni_401807161,Bhangbaria,Alamdanga,Chuadanga,Khulna,31737.56817,0.0,0,0.0
uni_401807179,Chitla,Alamdanga,Chuadanga,Khulna,25637.15678,0.0,0,0.0
uni_401807213,Dauki,Alamdanga,Chuadanga,Khulna,29022.7464,0.0,0,0.0
uni_401807313,Gangni,Alamdanga,Chuadanga,Khulna,29167.15812,0.0,0,0.0
uni_401823518,Mominpur,Chuadanga Sadar,Chuadanga,Khulna,17304.89487,0.0,0,0.0
uni_401823509,Makhaldanga,Chuadanga Sadar,Chuadanga,Khulna,26399.60153,0.0,0,0.0
uni_100409109,Amtali,Amtali,Barguna,Barishal,28352.7689,0.0,0,0.0
uni_401823309,Garaitupi,Chuadanga Sadar,Chuadanga,Khulna,20922.84677,0.0,0,0.0
uni_401823143,Begumpur,Chuadanga Sadar,Chuadanga,Khulna,31431.35701,0.0,0,0.0
uni_401823109,Alokdia,Chuadanga Sadar,Chuadanga,Khulna,23050.35948,0.0,0,0.0
uni_401823040,Chuadanga Pourasabha (Municipality),Chuadanga Sadar,Chuadanga,Khulna,103391.63047,0.0,0,0.0
uni_401807552,Nagdah,Alamdanga,Chuadanga,Khulna,19784.97674,0.0,0,0.0
uni_401807476,Kumari,Alamdanga,Chuadanga,Khulna,25928.41977,0.0,0,0.0
uni_401807467,Khaskarra,Alamdanga,Chuadanga,Khulna,26473.26892,0.0,0,0.0
uni_401807458,Khadimpur,Alamdanga,Chuadanga,Khulna,21450.08206,0.0,0,0.0
uni_401807449,Kalidaspur,Alamdanga,Chuadanga,Khulna,25905.95181,0.0,0,0.0
uni_401807423,Jehala,Alamdanga,Chuadanga,Khulna,19824.53733,0.0,0,0.0
uni_401807414,Jamjami,Alamdanga,Chuadanga,Khulna,20126.91972,0.0,0,0.0
uni_401807347,Hardi,Alamdanga,Chuadanga,Khulna,21739.43815,0.0,0,0.0
uni_400173160,Bhojpatia,Rampal,Bagerhat,Khulna,9137.0158,0.0,0,0.0
uni_400173151,Banshtali,Rampal,Bagerhat,Khulna,11963.66836,0.0,0,0.0
uni_400173142,Baintala,Rampal,Bagerhat,Khulna,18276.52154,0.0,0,0.0
uni_400158717,Sundarban,Mongla,Bagerhat,Khulna,8607.27644,0.0,0,0.0
uni_400158509,Mithakhali,Mongla,Bagerhat,Khulna,8589.33912,0.0,0,0.0
uni_400158194,Chila,Mongla,Bagerhat,Khulna,8474.172119,0.0,0,0.0
uni_400158176,Chandpai,Mongla,Bagerhat,Khulna,8099.8232826,0.0,0,0.0
uni_400158142,Burirdanga,Mongla,Bagerhat,Khulna,10629.931618,0.0,0,0.0
uni_400158050,Mongla  Pourasabha (Municipality),Mongla,Bagerhat,Khulna,24953.38854,0.0,0,0.0
uni_400156775,Udaypur,Mollahat,Bagerhat,Khulna,24859.28561,0.0,0,0.0
uni_400156452,Kulia,Mollahat,Bagerhat,Khulna,7807.56864,0.0,0,0.0
uni_400156443,Kodalia,Mollahat,Bagerhat,Khulna,17149.26575,0.0,0,0.0
uni_400156318,Gaola,Mollahat,Bagerhat,Khulna,19624.71937,0.0,0,0.0
uni_400156309,Gangni,Mollahat,Bagerhat,Khulna,7495.72549,0.0,0,0.0
uni_400156176,Chunkhola,Mollahat,Bagerhat,Khulna,14314.98384,0.0,0,0.0
uni_400156109,Atjuri,Mollahat,Bagerhat,Khulna,20248.84603,0.0,0,0.0
uni_400138676,Raripara,Kachua,Bagerhat,Khulna,23431.92873,0.0,0,0.0
uni_400138510,Maghia,Kachua,Bagerhat,Khulna,15063.81393,0.0,0,0.0
uni_400138443,Kachua,Kachua,Bagerhat,Khulna,13193.16831,0.0,0,0.0
uni_400158708,Sonailtala,Mongla,Bagerhat,Khulna,4270.5273,0.0,0,0.0
uni_400158997,Chandpai Range,Mongla,Bagerhat,Khulna,46501.6874123,0.0,0,0.0
uni_400160751,Teliganti,Morelganj,Bagerhat,Khulna,16545.85729,0.0,0,0.0
uni_400160075,Morelganj Pourasabha (Municipality),Morelganj,Bagerhat,Khulna,9658.76628,0.0,0,0.0
uni_400160684,Ramchandrapur,Morelganj,Bagerhat,Khulna,14907.87072,0.0,0,0.0
uni_400160625,Putikhali,Morelganj,Bagerhat,Khulna,12632.75936,0.0,0,0.0
uni_400160616,Panchakaran,Morelganj,Bagerhat,Khulna,16477.62605,0.0,0,0.0
uni_400160549,Nishanbaria,Morelganj,Bagerhat,Khulna,30979.22915,0.0,0,0.0
uni_400160515,Morelganj,Morelganj,Bagerhat,Khulna,8705.66124,0.0,0,0.0
uni_400160448,Khaulia,Morelganj,Bagerhat,Khulna,23828.87771,0.0,0,0.0
uni_400160414,Jiudhara,Morelganj,Bagerhat,Khulna,28824.9288,0.0,0,0.0
uni_400160355,Hoglapasha,Morelganj,Bagerhat,Khulna,21155.275419999998,0.0,0,0.0
uni_400160346,Hoglabunia,Morelganj,Bagerhat,Khulna,15854.05517,0.0,0,0.0
uni_400160213,Daibagyaati,Morelganj,Bagerhat,Khulna,15482.66553,0.0,0,0.0
uni_400160179,Chingrakhali,Morelganj,Bagerhat,Khulna,14717.28994,0.0,0,0.0
uni_400160169,Baraikhali,Morelganj,Bagerhat,Khulna,15607.05039,0.0,0,0.0
uni_400160160,Banagram,Morelganj,Bagerhat,Khulna,13290.33848,0.0,0,0.0
uni_400160151,Balaibunia,Morelganj,Bagerhat,Khulna,8642.9692,0.0,0,0.0
uni_400160142,Baharbunia,Morelganj,Bagerhat,Khulna,16282.417519999999,0.0,0,0.0
uni_309366144,Bahuria,Mirzapur,Tangail,Dhaka,17946.11447,0.0,0,0.0
uni_309366118,Anaitara,Mirzapur,Tangail,Dhaka,17709.96631,0.0,0,0.0
uni_309366109,Ajgana,Mirzapur,Tangail,Dhaka,50544.89961,0.0,0,0.0
uni_308669177,Chandrapur,Shariatpur Sadar,Shariatpur,Dhaka,13856.28111,0.0,0,0.0
uni_308669712,Shaulpara,Shariatpur Sadar,Shariatpur,Dhaka,10454.69485,0.0,0,0.0
uni_308669678,Rudrakar,Shariatpur Sadar,Shariatpur,Dhaka,23687.755400000002,0.0,0,0.0
uni_308669611,Palong,Shariatpur Sadar,Shariatpur,Dhaka,7272.18645,0.0,0,0.0
uni_308669511,Mahmudpur,Shariatpur Sadar,Shariatpur,Dhaka,5309.06895,0.0,0,0.0
uni_308669213,Domsar,Shariatpur Sadar,Shariatpur,Dhaka,18810.94388,0.0,0,0.0
uni_308669195,Chitalia,Shariatpur Sadar,Shariatpur,Dhaka,13636.12922,0.0,0,0.0
uni_308669186,Chikandi,Shariatpur Sadar,Shariatpur,Dhaka,16082.08756,0.0,0,0.0
uni_308669143,Binodpur,Shariatpur Sadar,Shariatpur,Dhaka,14928.698120000001,0.0,0,0.0
uni_309366070,Mirzapur Pourasabha (Municipality),Mirzapur,Tangail,Dhaka,26041.79496,0.0,0,0.0
uni_308669109,Angaria,Shariatpur Sadar,Shariatpur,Dhaka,20877.75578,0.0,0,0.0
uni_308669066,Shariatpur Pourasabha (Municipality),Shariatpur Sadar,Shariatpur,Dhaka,56922.30214,0.0,0,0.0
uni_308665683,Rajnagar,Naria,Shariatpur,Dhaka,14704.24808,0.0,0,0.0
uni_308665558,Nashasan,Naria,Shariatpur,Dhaka,10386.59004,0.0,0,0.0
uni_308665549,Naopara,Naria,Shariatpur,Dhaka,32556.606707,0.0,0,0.0
uni_308665515,Moktarerchar,Naria,Shariatpur,Dhaka,20575.59889,0.0,0,0.0
uni_308665448,Kedarpur,Naria,Shariatpur,Dhaka,10623.84335,0.0,0,0.0
uni_308669746,Tulasar,Shariatpur Sadar,Shariatpur,Dhaka,8557.25614,0.0,0,0.0
uni_308694083,Zajira Pourasabha (Municipality),Zajira,Shariatpur,Dhaka,12637.126100000001,0.0,0,0.0
uni_308694142,Bara Gopalpur,Zajira,Shariatpur,Dhaka,4789.0868,0.0,0,0.0
uni_308694151,Bara Krishnanagar,Zajira,Shariatpur,Dhaka,9712.02145,0.0,0,0.0
uni_309309342,Habla,Basail,Tangail,Dhaka,39611.86363,0.0,0,0.0
uni_309309275,Fulki,Basail,Tangail,Dhaka,28225.03751,0.0,0,0.0
uni_309309142,Basail,Basail,Tangail,Dhaka,8149.0490899999995,0.0,0,0.0
uni_309309008,Basail Pourasabha (Municipality),Basail,Tangail,Dhaka,16259.55162,0.0,0,0.0
uni_308694998,Sheikh Russel Cantonment,Zajira,Shariatpur,Dhaka,10101.3503,0.0,0,0.0
uni_308694945,Zajira,Zajira,Shariatpur,Dhaka,8257.91488,0.0,0,0.0
uni_308694713,Senerchar,Zajira,Shariatpur,Dhaka,16458.06311,0.0,0,0.0
uni_308694621,Purba Naodoba,Zajira,Shariatpur,Dhaka,22113.264214,0.0,0,0.0
uni_308694612,Palerchar,Zajira,Shariatpur,Dhaka,11843.829611,0.0,0,0.0
uni_308694545,Naodoba,Zajira,Shariatpur,Dhaka,35708.34293,0.0,0,0.0
uni_308694511,Mulna,Zajira,Shariatpur,Dhaka,10732.74462,0.0,0,0.0
uni_308694444,Kunderchar,Zajira,Shariatpur,Dhaka,6376.9168310000005,0.0,0,0.0
uni_308694410,Joynagar,Zajira,Shariatpur,Dhaka,11806.48102,0.0,0,0.0
uni_308694169,Bilaspur,Zajira,Shariatpur,Dhaka,12915.37199,0.0,0,0.0
uni_308694160,Barakandi,Zajira,Shariatpur,Dhaka,19190.42658,0.0,0,0.0
uni_308665414,Japsa,Naria,Shariatpur,Dhaka,13073.04624,0.0,0,0.0
uni_308665314,Gharishar,Naria,Shariatpur,Dhaka,23591.270735,0.0,0,0.0
uni_308665280,Fatejangapur,Naria,Shariatpur,Dhaka,13118.51801,0.0,0,0.0
uni_308625608,Purba Damudya,Damudya,Shariatpur,Dhaka,29911.18168,0.0,0,0.0
uni_308625375,Islampur,Damudya,Shariatpur,Dhaka,9817.69534,0.0,0,0.0
uni_308625217,Dhankati,Damudya,Shariatpur,Dhaka,23183.91586,0.0,0,0.0
uni_308625208,Darul Aman,Damudya,Shariatpur,Dhaka,10997.226200000001,0.0,0,0.0
uni_308625033,Damudya Pourasabha (Municipality),Damudya,Shariatpur,Dhaka,11428.86974,0.0,0,0.0
uni_308614781,Uttar Tarabunia,Bhedarganj,Shariatpur,Dhaka,13445.82759,0.0,0,0.0
uni_308614714,Sakhipur,Bhedarganj,Shariatpur,Dhaka,21488.40431,0.0,0,0.0
uni_308614680,Rambhadrapur,Bhedarganj,Shariatpur,Dhaka,19755.52624,0.0,0,0.0
uni_308614547,Narayanpur,Bhedarganj,Shariatpur,Dhaka,9637.6663,0.0,0,0.0
uni_308614513,Mahishar,Bhedarganj,Shariatpur,Dhaka,17928.58306,0.0,0,0.0
uni_308614446,Kachikata,Bhedarganj,Shariatpur,Dhaka,43257.1943,0.0,0,0.0
uni_308614222,Digar Mahishkhali,Bhedarganj,Shariatpur,Dhaka,25262.3767,0.0,0,0.0
uni_308614213,Dakkhin Tarabunia,Bhedarganj,Shariatpur,Dhaka,18253.179194,0.0,0,0.0
uni_308614203,Chhaygaon,Bhedarganj,Shariatpur,Dhaka,19545.89835,0.0,0,0.0
uni_308614194,Char Kumaria,Bhedarganj,Shariatpur,Dhaka,19294.27532,0.0,0,0.0
uni_308614185,Char Census,Bhedarganj,Shariatpur,Dhaka,15297.18425,0.0,0,0.0
uni_308625442,Kaneshwar,Damudya,Shariatpur,Dhaka,15383.97368,0.0,0,0.0
uni_308625708,Sidhalkura,Damudya,Shariatpur,Dhaka,13472.60889,0.0,0,0.0
uni_308665213,Dingamanik,Naria,Shariatpur,Dhaka,17107.74678,0.0,0,0.0
uni_308625717,Sidya,Damudya,Shariatpur,Dhaka,7310.3096399999995,0.0,0,0.0
uni_308665187,Char Atra,Naria,Shariatpur,Dhaka,3823.134991,0.0,0,0.0
uni_308665178,Chamta,Naria,Shariatpur,Dhaka,14000.73615,0.0,0,0.0
uni_308665160,Bijhari,Naria,Shariatpur,Dhaka,13182.46507,0.0,0,0.0
uni_308665151,Bhumkhara,Naria,Shariatpur,Dhaka,12564.038,0.0,0,0.0
uni_308665142,Bhojeshwar,Naria,Shariatpur,Dhaka,15937.97264,0.0,0,0.0
uni_308665050,Naria Pourasabha (Municipality),Naria,Shariatpur,Dhaka,21406.2694,0.0,0,0.0
uni_308636710,Samantasar,Gosairhat,Shariatpur,Dhaka,10483.16812,0.0,0,0.0
uni_308636552,Nalmuri,Gosairhat,Shariatpur,Dhaka,14633.90771,0.0,0,0.0
uni_308636543,Nagerpara,Gosairhat,Shariatpur,Dhaka,19213.05185,0.0,0,0.0
uni_308636451,Kuchaipatti,Gosairhat,Shariatpur,Dhaka,15380.38544,0.0,0,0.0
uni_308636442,Kodalpur,Gosairhat,Shariatpur,Dhaka,17112.56084,0.0,0,0.0
uni_308636375,Idilpur,Gosairhat,Shariatpur,Dhaka,21779.73407,0.0,0,0.0
uni_308636308,Gosairhat,Gosairhat,Shariatpur,Dhaka,10916.69994,0.0,0,0.0
uni_308636109,Alaolpur,Gosairhat,Shariatpur,Dhaka,24416.47089,0.0,0,0.0
uni_308636040,Gosairhat Pourasabha (Municipality),Gosairhat,Shariatpur,Dhaka,12640.11642,0.0,0,0.0
uni_309309442,Kanchanpur,Basail,Tangail,Dhaka,24096.05393,0.0,0,0.0
uni_309309451,Kashil,Basail,Tangail,Dhaka,32179.949529999998,0.0,0,0.0
uni_309309460,Kauljani,Basail,Tangail,Dhaka,18919.37447,0.0,0,0.0
uni_309347545,Nagbari,Kalihati,Tangail,Dhaka,27572.37394,0.0,0,0.0
uni_309347312,Gohaliabari,Kalihati,Tangail,Dhaka,50070.14044,0.0,0,0.0
uni_309347220,Durgapur,Kalihati,Tangail,Dhaka,20729.097848,0.0,0,0.0
uni_309347211,Dashkia,Kalihati,Tangail,Dhaka,15102.51972,0.0,0,0.0
uni_309347160,Bir Basinda,Kalihati,Tangail,Dhaka,21862.21231,0.0,0,0.0
uni_309347151,Bangra,Kalihati,Tangail,Dhaka,32605.84187,0.0,0,0.0
uni_309347142,Balla,Kalihati,Tangail,Dhaka,19679.12103,0.0,0,0.0
uni_309347062,Kalihati Pourasabha (Municipality),Kalihati,Tangail,Dhaka,54135.0079,0.0,0,0.0
uni_309347030,Elenga Pourasabha (Municipality),Kalihati,Tangail,Dhaka,59854.81711,0.0,0,0.0
uni_309338544,Nagda Shimla,Gopalpur,Tangail,Dhaka,31173.40974,0.0,0,0.0
uni_309338510,Mirzapur,Gopalpur,Tangail,Dhaka,23566.17434,0.0,0,0.0
uni_309338410,Jhaoail,Gopalpur,Tangail,Dhaka,36389.80356,0.0,0,0.0
uni_309338351,Hemnagar,Gopalpur,Tangail,Dhaka,34841.24377,0.0,0,0.0
uni_309338342,Hadira,Gopalpur,Tangail,Dhaka,25580.41719,0.0,0,0.0
uni_309338209,Dhopakandi,Gopalpur,Tangail,Dhaka,25286.22036,0.0,0,0.0
uni_309338109,Alamnagar,Gopalpur,Tangail,Dhaka,20486.908629999998,0.0,0,0.0
uni_309347445,Kokdahara,Kalihati,Tangail,Dhaka,25746.41558,0.0,0,0.0
uni_309347554,Narandia,Kalihati,Tangail,Dhaka,32891.97245,0.0,0,0.0
uni_309328765,Sangrampur,Ghatail,Tangail,Dhaka,23913.01598,0.0,0,0.0
uni_309347613,Paikara,Kalihati,Tangail,Dhaka,22347.52206,0.0,0,0.0
uni_309357713,Sholakuri,Madhupur,Tangail,Dhaka,28258.66771,0.0,0,0.0
uni_309357522,Mirzabari,Madhupur,Tangail,Dhaka,17844.37397,0.0,0,0.0
uni_309357513,Mahishmara,Madhupur,Tangail,Dhaka,20580.10034,0.0,0,0.0
uni_309357454,Kuralia,Madhupur,Tangail,Dhaka,13228.32203,0.0,0,0.0
uni_309357445,Kuragachha,Madhupur,Tangail,Dhaka,28821.27773,0.0,0,0.0
uni_309357312,Golabari,Madhupur,Tangail,Dhaka,29964.68929,0.0,0,0.0
uni_309357278,Fulbagchala,Madhupur,Tangail,Dhaka,19280.23663,0.0,0,0.0
uni_309357145,Beribaid,Madhupur,Tangail,Dhaka,25374.7766,0.0,0,0.0
uni_309357127,Aushnara,Madhupur,Tangail,Dhaka,18036.33459,0.0,0,0.0
uni_309357118,Arankhola,Madhupur,Tangail,Dhaka,16195.065900000001,0.0,0,0.0
uni_309357109,Alokdia,Madhupur,Tangail,Dhaka,28311.21502,0.0,0,0.0
uni_309357075,Madhupur Pourasabha (Municipality),Madhupur,Tangail,Dhaka,55082.51806,0.0,0,0.0
uni_309347723,Salla,Kalihati,Tangail,Dhaka,24264.870609999998,0.0,0,0.0
uni_309347714,Sahadebpur,Kalihati,Tangail,Dhaka,23277.4023,0.0,0,0.0
uni_309347622,Parkhi,Kalihati,Tangail,Dhaka,19789.37181,0.0,0,0.0
uni_309338050,Gopalpur Pourasabha (Municipality),Gopalpur,Tangail,Dhaka,39038.33032,0.0,0,0.0
uni_309328745,Sagardighi,Ghatail,Tangail,Dhaka,42514.98605,0.0,0,0.0
uni_309319012,Bhuanpur Pourasabha (Municipality),Bhuanpur,Tangail,Dhaka,18507.52019,0.0,0,0.0
uni_309325151,Baniajan,Dhanbari,Tangail,Dhaka,19171.33112,0.0,0,0.0
uni_309325025,Dhanbari Pourasabha (Municipality),Dhanbari,Tangail,Dhaka,53741.90096,0.0,0,0.0
uni_309323611,Pathrail,Delduar,Tangail,Dhaka,30552.59229,0.0,0,0.0
uni_309323478,Lauhati,Delduar,Tangail,Dhaka,24911.73317,0.0,0,0.0
uni_309323279,Fazilhati,Delduar,Tangail,Dhaka,19864.04409,0.0,0,0.0
uni_309323245,Elasin,Delduar,Tangail,Dhaka,28161.66694,0.0,0,0.0
uni_309323227,Dubail,Delduar,Tangail,Dhaka,36880.08805,0.0,0,0.0
uni_309323218,Deuli,Delduar,Tangail,Dhaka,19914.78194,0.0,0,0.0
uni_309323209,Delduar,Delduar,Tangail,Dhaka,35484.16882,0.0,0,0.0
uni_309323109,Atia,Delduar,Tangail,Dhaka,28697.29638,0.0,0,0.0
uni_309319543,Nikrail,Bhuanpur,Tangail,Dhaka,35743.714236,0.0,0,0.0
uni_309319319,Gobindasi,Bhuanpur,Tangail,Dhaka,23909.19928,0.0,0,0.0
uni_309319310,Gabsara,Bhuanpur,Tangail,Dhaka,43845.416123,0.0,0,0.0
uni_309319276,Falda,Bhuanpur,Tangail,Dhaka,16385.59912,0.0,0,0.0
uni_309319118,Arjuna,Bhuanpur,Tangail,Dhaka,32926.17987,0.0,0,0.0
uni_309319109,Aloa,Bhuanpur,Tangail,Dhaka,19387.47553,0.0,0,0.0
uni_309325142,Balibhadra,Dhanbari,Tangail,Dhaka,12794.38775,0.0,0,0.0
uni_309325160,Birtara,Dhanbari,Tangail,Dhaka,20433.77308,0.0,0,0.0
uni_309328713,Sandhanpur,Ghatail,Tangail,Dhaka,37893.42867,0.0,0,0.0
uni_309325211,Dhopakhali,Dhanbari,Tangail,Dhaka,22102.71391,0.0,0,0.0
uni_309328679,Rasulpur,Ghatail,Tangail,Dhaka,23623.75702,0.0,0,0.0
uni_309328480,Lokerpara,Ghatail,Tangail,Dhaka,24577.82859,0.0,0,0.0
uni_309328460,Lakkhindar,Ghatail,Tangail,Dhaka,43948.13573,0.0,0,0.0
uni_309328413,Jamuria,Ghatail,Tangail,Dhaka,30592.73811,0.0,0,0.0
uni_309328313,Ghatail,Ghatail,Tangail,Dhaka,21631.83679,0.0,0,0.0
uni_309328245,Dighalkandi,Ghatail,Tangail,Dhaka,32687.98472,0.0,0,0.0
uni_309328236,Digar,Ghatail,Tangail,Dhaka,33891.49747,0.0,0,0.0
uni_309328227,Dhalapara,Ghatail,Tangail,Dhaka,31449.331879999998,0.0,0,0.0
uni_309328218,Deulabari,Ghatail,Tangail,Dhaka,25092.02249,0.0,0,0.0
uni_309328209,Deopara,Ghatail,Tangail,Dhaka,28830.69213,0.0,0,0.0
uni_309328109,Anehala,Ghatail,Tangail,Dhaka,17953.30632,0.0,0,0.0
uni_309328037,Ghatail Pourasabha (Municipality),Ghatail,Tangail,Dhaka,24371.089500000002,0.0,0,0.0
uni_309325610,Paiska,Dhanbari,Tangail,Dhaka,33368.2996,0.0,0,0.0
uni_309325510,Mushuddi,Dhanbari,Tangail,Dhaka,15496.08585,0.0,0,0.0
uni_309325410,Jadunathpur,Dhanbari,Tangail,Dhaka,30010.88909,0.0,0,0.0
uni_305487617,Panchchar,Shibchar,Madaripur,Dhaka,18358.31133,0.0,0,0.0
uni_305487550,Nilakhi,Shibchar,Madaripur,Dhaka,12563.53054,0.0,0,0.0
uni_305487516,Matbarerchar,Shibchar,Madaripur,Dhaka,45857.90485,0.0,0,0.0
uni_302638109,Aganagar,Keraniganj,Dhaka,Dhaka,34344.8,0.0,0,0.0
uni_302638677,Ruhitpur,Keraniganj,Dhaka,Dhaka,51839.5149,0.0,0,0.0
uni_302638461,Konda,Keraniganj,Dhaka,Dhaka,182470.7931,0.0,0,0.0
uni_302638452,Kalindi,Keraniganj,Dhaka,Dhaka,61390.2824,0.0,0,0.0
uni_302638443,Kalatia,Keraniganj,Dhaka,Dhaka,46254.4718,0.0,0,0.0
uni_302638409,Jinjira,Keraniganj,Dhaka,Dhaka,75300.947,0.0,0,0.0
uni_302638342,Hajratpur,Keraniganj,Dhaka,Dhaka,45682.3816,0.0,0,0.0
uni_302638143,Basta,Keraniganj,Dhaka,Dhaka,68916.385,0.0,0,0.0
uni_302618710,Sutarpara,Dohar,Dhaka,Dhaka,29736.67683,0.0,0,0.0
uni_302672144,Bangaon,Savar,Dhaka,Dhaka,60946.486899999996,0.0,0,0.0
uni_302618676,Raipara,Dohar,Dhaka,Dhaka,15413.4134,0.0,0,0.0
uni_302618551,Nayabari,Dohar,Dhaka,Dhaka,11748.107094,0.0,0,0.0
uni_302618542,Narisha,Dohar,Dhaka,Dhaka,58087.94004,0.0,0,0.0
uni_302618516,Muksudpur,Dohar,Dhaka,Dhaka,45981.84244,0.0,0,0.0
uni_302618507,Mahmudpur,Dohar,Dhaka,Dhaka,55582.153398,0.0,0,0.0
uni_302618440,Kushumhati,Dohar,Dhaka,Dhaka,18013.231350000002,0.0,0,0.0
uni_302618142,Bilaspur,Dohar,Dhaka,Dhaka,20160.69634,0.0,0,0.0
uni_302638711,Shakta,Keraniganj,Dhaka,Dhaka,110163.5751,0.0,0,0.0
uni_302638720,Shubhadhya,Keraniganj,Dhaka,Dhaka,246473.3309,0.0,0,0.0
uni_302638746,Taranagar,Keraniganj,Dhaka,Dhaka,62882.6305,0.0,0,0.0
uni_302638755,Tegharia,Keraniganj,Dhaka,Dhaka,98056.9886,0.0,0,0.0
uni_302672080,Savar Pourasabha (Municipality),Savar,Dhaka,Dhaka,192659.0614,0.0,0,0.0
uni_302662724,Sholla,Nawabganj,Dhaka,Dhaka,52968.94105,0.0,0,0.0
uni_302662715,Shikaripara,Nawabganj,Dhaka,Dhaka,14445.89009,0.0,0,0.0
uni_302662549,Nayansree,Nawabganj,Dhaka,Dhaka,28208.44717,0.0,0,0.0
uni_302662457,Kalakopa,Nawabganj,Dhaka,Dhaka,21791.559,0.0,0,0.0
uni_302662448,Kailail,Nawabganj,Dhaka,Dhaka,57251.96779,0.0,0,0.0
uni_302662422,Joykrishnapur,Nawabganj,Dhaka,Dhaka,17088.524849999998,0.0,0,0.0
uni_302662413,Jantrail,Nawabganj,Dhaka,Dhaka,34740.09104,0.0,0,0.0
uni_302662313,Galimpur,Nawabganj,Dhaka,Dhaka,15303.22246,0.0,0,0.0
uni_302662180,Churain,Nawabganj,Dhaka,Dhaka,22917.9355,0.0,0,0.0
uni_302662170,Baruakhali,Nawabganj,Dhaka,Dhaka,11269.03902,0.0,0,0.0
uni_302662161,Bandura,Nawabganj,Dhaka,Dhaka,27421.83672,0.0,0,0.0
uni_302662152,Baksnagar,Nawabganj,Dhaka,Dhaka,20283.195200000002,0.0,0,0.0
uni_302662143,Bahra,Nawabganj,Dhaka,Dhaka,30419.54115,0.0,0,0.0
uni_302662109,Agla,Nawabganj,Dhaka,Dhaka,25971.05185,0.0,0,0.0
uni_302618060,Dohar Pourasabha (Municipality),Dohar,Dhaka,Dhaka,84520.4842,0.0,0,0.0
uni_302614742,Sutipara,Dhamrai,Dhaka,Dhaka,65877.6527,0.0,0,0.0
uni_302614733,Suapur,Dhamrai,Dhaka,Dhaka,18579.4983,0.0,0,0.0
uni_208487408,Jibtali,Rangamati Sadar,Rangamati,Chattogram,16441.473418,0.0,0,0.0
uni_208487142,Balukhali,Rangamati Sadar,Rangamati,Chattogram,22208.3128931,0.0,0,0.0
uni_208487050,Rangamati Pourasabha (Municipality),Rangamati Sadar,Rangamati,Chattogram,56685.089485000004,0.0,0,0.0
uni_208478317,Ghilachhari,Rajasthali,Rangamati,Chattogram,5661.962228,0.0,0,0.0
uni_208478308,Gaindya,Rajasthali,Rangamati,Chattogram,9330.421669,0.0,0,0.0
uni_208478142,Bangalhalia,Rajasthali,Rangamati,Chattogram,11243.542565,0.0,0,0.0
uni_208475706,Sabekkhyong,Naniarchar,Rangamati,Chattogram,11871.113489,0.0,0,0.0
uni_208475540,Naniarchar,Naniarchar,Rangamati,Chattogram,11881.826558499999,0.0,0,0.0
uni_208475308,Ghilachhari,Naniarchar,Rangamati,Chattogram,13558.446574,0.0,0,0.0
uni_208475142,Burighat,Naniarchar,Rangamati,Chattogram,15807.7039237,0.0,0,0.0
uni_208458511,Mainimukh,Langadu,Rangamati,Chattogram,11686.067382,0.0,0,0.0
uni_208458477,Langadu,Langadu,Rangamati,Chattogram,19998.2436199,0.0,0,0.0
uni_208458443,Kalapakujya,Langadu,Rangamati,Chattogram,5325.668869,0.0,0,0.0
uni_208458310,Gulshakhali,Langadu,Rangamati,Chattogram,8082.084209,0.0,0,0.0
uni_208458152,Bhasanyadam,Langadu,Rangamati,Chattogram,8398.6964545,0.0,0,0.0
uni_208458143,Bagachatar,Langadu,Rangamati,Chattogram,8062.569873,0.0,0,0.0
uni_208487151,Bandukbhanga,Rangamati Sadar,Rangamati,Chattogram,14961.245886,0.0,0,0.0
uni_208487442,Kutukchhari,Rangamati Sadar,Rangamati,Chattogram,20785.449024999998,0.0,0,0.0
uni_302614724,Sombhag,Dhamrai,Dhaka,Dhaka,57358.87636,0.0,0,0.0
uni_208487509,Magban,Rangamati Sadar,Rangamati,Chattogram,20246.13169,0.0,0,0.0
uni_302614715,Sanora,Dhamrai,Dhaka,Dhaka,36006.18963,0.0,0,0.0
uni_302614681,Roail,Dhamrai,Dhaka,Dhaka,24284.50343,0.0,0,0.0
uni_302614548,Nannar,Dhamrai,Dhaka,Dhaka,24315.569190000002,0.0,0,0.0
uni_302614456,Kushura,Dhamrai,Dhaka,Dhaka,29871.62649,0.0,0,0.0
uni_302614447,Kulla,Dhamrai,Dhaka,Dhaka,65408.67293,0.0,0,0.0
uni_302614413,Jadabpur,Dhamrai,Dhaka,Dhaka,22233.85451,0.0,0,0.0
uni_302614313,Gangutia,Dhamrai,Dhaka,Dhaka,23692.89414,0.0,0,0.0
uni_302614213,Dhamrai,Dhamrai,Dhaka,Dhaka,19505.9544,0.0,0,0.0
uni_302614179,Chouhat,Dhamrai,Dhaka,Dhaka,23276.023979999998,0.0,0,0.0
uni_302614161,Bhararia,Dhamrai,Dhaka,Dhaka,25731.4895,0.0,0,0.0
uni_302614152,Balia,Dhamrai,Dhaka,Dhaka,20866.36747,0.0,0,0.0
uni_302614143,Baishakanda,Dhamrai,Dhaka,Dhaka,17848.432960000002,0.0,0,0.0
uni_302614109,Amta,Dhamrai,Dhaka,Dhaka,13699.53368,0.0,0,0.0
uni_302614040,Dhamrai Pourasabha (Municipality),Dhamrai,Dhaka,Dhaka,70809.50600000001,0.0,0,0.0
uni_208487708,Sapchhari,Rangamati Sadar,Rangamati,Chattogram,18789.539716,0.0,0,0.0
uni_302672118,Ashulia,Savar,Dhaka,Dhaka,178449.22128,0.0,0,0.0
uni_302672153,Bhakurta,Savar,Dhaka,Dhaka,54688.5093,0.0,0,0.0
uni_302962609,Phulsuti,Nagarkanda,Faridpur,Dhaka,7830.05436,0.0,0,0.0
uni_302947176,Chandpur,Faridpur Sadar,Faridpur,Dhaka,10367.578660000001,0.0,0,0.0
uni_302947463,Krishnanagar,Faridpur Sadar,Faridpur,Dhaka,34499.00726,0.0,0,0.0
uni_302947454,Kanaipur,Faridpur Sadar,Faridpur,Dhaka,50858.54433,0.0,0,0.0
uni_302947445,Kaijuri,Faridpur Sadar,Faridpur,Dhaka,33955.79523,0.0,0,0.0
uni_302947378,Ishan Gopalpur,Faridpur Sadar,Faridpur,Dhaka,25257.1092,0.0,0,0.0
uni_302947311,Gerda,Faridpur Sadar,Faridpur,Dhaka,28148.92391,0.0,0,0.0
uni_302947211,Decreerchar,Faridpur Sadar,Faridpur,Dhaka,24175.76798,0.0,0,0.0
uni_302947177,Char Madhabdia,Faridpur Sadar,Faridpur,Dhaka,21427.70451,0.0,0,0.0
uni_302947118,Ambikapur,Faridpur Sadar,Faridpur,Dhaka,28095.463920000002,0.0,0,0.0
uni_302672162,Birulia,Savar,Dhaka,Dhaka,72927.15497,0.0,0,0.0
uni_302947109,Aliabad,Faridpur Sadar,Faridpur,Dhaka,18270.845,0.0,0,0.0
uni_302947060,Faridpur Pourasabha (Municipality),Faridpur Sadar,Faridpur,Dhaka,197813.65506,0.0,0,0.0
uni_302921310,Gazirtek,Char Bhadrasan,Faridpur,Dhaka,33379.26267,0.0,0,0.0
uni_302921193,Char Jhaukanda,Char Bhadrasan,Faridpur,Dhaka,1585.0508559999998,0.0,0,0.0
uni_302921184,Char Harirampur,Char Bhadrasan,Faridpur,Dhaka,16785.952734,0.0,0,0.0
uni_302921175,Char Bhadrasan,Char Bhadrasan,Faridpur,Dhaka,19388.232812,0.0,0,0.0
uni_302918721,Shekhar,Boalmari,Faridpur,Dhaka,19974.92139,0.0,0,0.0
uni_302947514,Machchar,Faridpur Sadar,Faridpur,Dhaka,28000.586479999998,0.0,0,0.0
uni_302947548,North Channel,Faridpur Sadar,Faridpur,Dhaka,27051.761656,0.0,0,0.0
uni_302956099,Madhukhali Pourasabha (Municipality),Madhukhali,Faridpur,Dhaka,29493.74521,0.0,0,0.0
uni_302956109,Arpara,Madhukhali,Faridpur,Dhaka,14099.05859,0.0,0,0.0
uni_302962450,Kodalia Shahidnagar,Nagarkanda,Faridpur,Dhaka,15274.70098,0.0,0,0.0
uni_302962441,Kaichail,Nagarkanda,Faridpur,Dhaka,14606.84715,0.0,0,0.0
uni_302962209,Dangi,Nagarkanda,Faridpur,Dhaka,27892.11169,0.0,0,0.0
uni_302962175,Char Jashordi,Nagarkanda,Faridpur,Dhaka,32394.95413,0.0,0,0.0
uni_302962080,Nagarkanda Pourasabha (Municipality),Nagarkanda,Faridpur,Dhaka,7949.3008,0.0,0,0.0
uni_302956680,Raypur,Madhukhali,Faridpur,Dhaka,30240.53046,0.0,0,0.0
uni_302956547,Naopara,Madhukhali,Faridpur,Dhaka,21006.08291,0.0,0,0.0
uni_302956521,Megchami,Madhukhali,Faridpur,Dhaka,21197.41536,0.0,0,0.0
uni_302956512,Kamaldia,Madhukhali,Faridpur,Dhaka,20148.35374,0.0,0,0.0
uni_302956453,Korakdi,Madhukhali,Faridpur,Dhaka,12052.0509,0.0,0,0.0
uni_302956444,Kamarkhali,Madhukhali,Faridpur,Dhaka,22791.53979,0.0,0,0.0
uni_302956410,Jahapur,Madhukhali,Faridpur,Dhaka,13246.76276,0.0,0,0.0
uni_302956310,Gajna,Madhukhali,Faridpur,Dhaka,19629.12812,0.0,0,0.0
uni_302956210,Dumain,Madhukhali,Faridpur,Dhaka,13406.18714,0.0,0,0.0
uni_302956143,Bagat,Madhukhali,Faridpur,Dhaka,14765.297830000001,0.0,0,0.0
uni_302918712,Satair,Boalmari,Faridpur,Dhaka,28248.79465,0.0,0,0.0
uni_302918678,Rupapat,Boalmari,Faridpur,Dhaka,18597.64251,0.0,0,0.0
uni_302918611,Parameshwardi,Boalmari,Faridpur,Dhaka,17416.17501,0.0,0,0.0
uni_302910109,Algi,Bhanga,Faridpur,Dhaka,35928.47947,0.0,0,0.0
uni_302903741,Tagarbanda,Alfadanga,Faridpur,Dhaka,31227.63534,0.0,0,0.0
uni_302903608,Panchuria,Alfadanga,Faridpur,Dhaka,8832.95452,0.0,0,0.0
uni_302903310,Gopalpur,Alfadanga,Faridpur,Dhaka,20304.55547,0.0,0,0.0
uni_302903152,Buraich,Alfadanga,Faridpur,Dhaka,21048.75938,0.0,0,0.0
uni_302903143,Bana,Alfadanga,Faridpur,Dhaka,13870.86794,0.0,0,0.0
uni_302903109,Alfadanga,Alfadanga,Faridpur,Dhaka,12530.34067,0.0,0,0.0
uni_302903010,Alfadanga  Pourasabha (Municipality),Alfadanga,Faridpur,Dhaka,15758.86607,0.0,0,0.0
uni_302672998,Savar Cantonment,Savar,Dhaka,Dhaka,35270.8444,0.0,0,0.0
uni_302672913,Yearpur,Savar,Dhaka,Dhaka,169349.25548,0.0,0,0.0
uni_302672747,Tentuljhora,Savar,Dhaka,Dhaka,184677.27044,0.0,0,0.0
uni_302672729,Shimulia,Savar,Dhaka,Dhaka,120953.20503,0.0,0,0.0
uni_302672711,Savar,Savar,Dhaka,Dhaka,44483.842000000004,0.0,0,0.0
uni_302672611,Pathalia,Savar,Dhaka,Dhaka,98651.8595,0.0,0,0.0
uni_302672445,Kaundia,Savar,Dhaka,Dhaka,60015.634315999996,0.0,0,0.0
uni_302672213,Dhamsona,Savar,Dhaka,Dhaka,167114.28674,0.0,0,0.0
uni_302910020,Bhanga Pourasabha (Municipality),Bhanga,Faridpur,Dhaka,46344.60503,0.0,0,0.0
uni_302910118,Azimnagar,Bhanga,Faridpur,Dhaka,20555.90349,0.0,0,0.0
uni_302918511,Mayna,Boalmari,Faridpur,Dhaka,27239.9936,0.0,0,0.0
uni_302910177,Chandra,Bhanga,Faridpur,Dhaka,17569.33054,0.0,0,0.0
uni_302918320,Guhabaha,Boalmari,Faridpur,Dhaka,16856.14258,0.0,0,0.0
uni_302918311,Ghoshpur,Boalmari,Faridpur,Dhaka,20513.7182,0.0,0,0.0
uni_302918211,Dadpur,Boalmari,Faridpur,Dhaka,20976.6826,0.0,0,0.0
uni_302918185,Chatul,Boalmari,Faridpur,Dhaka,19067.58812,0.0,0,0.0
uni_302918142,Boalmari,Boalmari,Faridpur,Dhaka,9134.07595,0.0,0,0.0
uni_302918040,Boalmari Pourasabha (Municipality),Boalmari,Faridpur,Dhaka,13464.461949999999,0.0,0,0.0
uni_302910747,Tuzarpur,Bhanga,Faridpur,Dhaka,16234.05356,0.0,0,0.0
uni_302910556,Nurullaganj,Bhanga,Faridpur,Dhaka,22586.01896,0.0,0,0.0
uni_302910547,Nasirabad,Bhanga,Faridpur,Dhaka,13684.86752,0.0,0,0.0
uni_302910513,Manikdah,Bhanga,Faridpur,Dhaka,21614.26049,0.0,0,0.0
uni_302910454,Kaulibera,Bhanga,Faridpur,Dhaka,27005.25287,0.0,0,0.0
uni_302910445,Kalamridha,Bhanga,Faridpur,Dhaka,15554.45505,0.0,0,0.0
uni_302910345,Hamirdi,Bhanga,Faridpur,Dhaka,16368.71504,0.0,0,0.0
uni_302910311,Gharua,Bhanga,Faridpur,Dhaka,29994.436139999998,0.0,0,0.0
uni_302910186,Chumurdi,Bhanga,Faridpur,Dhaka,4557.8892,0.0,0,0.0
uni_208458109,Atarakchhara,Langadu,Rangamati,Chattogram,4688.43622,0.0,0,0.0
uni_208447508,Maidang,Jurachhari,Rangamati,Chattogram,6334.2307595,0.0,0,0.0
uni_208447408,Jurachhari,Jurachhari,Rangamati,Chattogram,9628.187326,0.0,0,0.0
uni_207510609,Panchgaon,Chatkhil,Noakhali,Chattogram,13580.9796,0.0,0,0.0
uni_207521193,Char Hajari,Companiganj,Noakhali,Chattogram,23793.51273,0.0,0,0.0
uni_207521184,Char Fakira,Companiganj,Noakhali,Chattogram,37921.72574,0.0,0,0.0
uni_207521175,Char Elahi,Companiganj,Noakhali,Chattogram,77252.5188034,0.0,0,0.0
uni_207521016,Basurhat Pourasabha (Municipality),Companiganj,Noakhali,Chattogram,27329.563,0.0,0,0.0
uni_207510711,Shahapur,Chatkhil,Noakhali,Chattogram,18108.6611,0.0,0,0.0
uni_207510677,Ramnarayanpur,Chatkhil,Noakhali,Chattogram,23245.39334,0.0,0,0.0
uni_207510618,Parkote,Chatkhil,Noakhali,Chattogram,23746.432,0.0,0,0.0
uni_207510542,Noakhala,Chatkhil,Noakhali,Chattogram,31639.19195,0.0,0,0.0
uni_208447209,Dumdumya,Jurachhari,Rangamati,Chattogram,13407.0795325,0.0,0,0.0
uni_207510508,Mohammadpur,Chatkhil,Noakhali,Chattogram,46647.514,0.0,0,0.0
uni_207510441,Khilpara,Chatkhil,Noakhali,Chattogram,27988.966,0.0,0,0.0
uni_207510341,Hatpukuria Ghatlabag,Chatkhil,Noakhali,Chattogram,11327.199700000001,0.0,0,0.0
uni_207510142,Badalkot,Chatkhil,Noakhali,Chattogram,34866.0954,0.0,0,0.0
uni_207510050,Chatkhil Pourasabha (Municipality),Chatkhil,Noakhali,Chattogram,51334.3956,0.0,0,0.0
uni_207507718,Sharifpur,Begumganj,Noakhali,Chattogram,23764.0168,0.0,0,0.0
uni_207507692,Rasulpur,Begumganj,Noakhali,Chattogram,40878.09804,0.0,0,0.0
uni_207521202,Char Kankra,Companiganj,Noakhali,Chattogram,37920.3544,0.0,0,0.0
uni_207521211,Char Parbati,Companiganj,Noakhali,Chattogram,30110.0187,0.0,0,0.0
uni_207521510,Musapur,Companiganj,Noakhali,Chattogram,45099.8829578,0.0,0,0.0
uni_207521676,Rampur,Companiganj,Noakhali,Chattogram,27855.8426,0.0,0,0.0
uni_207547142,Bataiya,Kabirhat,Noakhali,Chattogram,21984.5948,0.0,0,0.0
uni_207547066,Kabirhat Pourasabha (Municipality),Kabirhat,Noakhali,Chattogram,14920.5481,0.0,0,0.0
uni_207536746,Tamaraddi,Hatiya,Noakhali,Chattogram,29573.133581000002,0.0,0,0.0
uni_207536720,Sukhchar,Hatiya,Noakhali,Chattogram,11357.4294795,0.0,0,0.0
uni_207536711,Sonadia,Hatiya,Noakhali,Chattogram,44351.9583847,0.0,0,0.0
uni_207536553,Nijhum Dwip,Hatiya,Noakhali,Chattogram,14834.3815216,0.0,0,0.0
uni_207536544,Nalchira,Hatiya,Noakhali,Chattogram,10504.31555,0.0,0,0.0
uni_207536411,Jahajmara,Hatiya,Noakhali,Chattogram,65804.3936783,0.0,0,0.0
uni_207536344,Harni,Hatiya,Noakhali,Chattogram,49598.4405513,0.0,0,0.0
uni_207536194,Char King,Hatiya,Noakhali,Chattogram,54964.1755878,0.0,0,0.0
uni_207536185,Char Iswar,Hatiya,Noakhali,Chattogram,52434.4667366,0.0,0,0.0
uni_207536176,Chanandi,Hatiya,Noakhali,Chattogram,35950.083352,0.0,0,0.0
uni_207536142,Burirchar,Hatiya,Noakhali,Chattogram,74604.08704,0.0,0,0.0
uni_207536060,Hatiya Pourasabha (Municipality),Hatiya,Noakhali,Chattogram,48281.37137,0.0,0,0.0
uni_207521710,Sirajpur,Companiganj,Noakhali,Chattogram,27733.5684,0.0,0,0.0
uni_207507683,Rajganj,Begumganj,Noakhali,Chattogram,35665.1276,0.0,0,0.0
uni_207507550,Narottampur,Begumganj,Noakhali,Chattogram,17619.0773,0.0,0,0.0
uni_207507516,Mir Warishpur,Begumganj,Noakhali,Chattogram,34911.7089,0.0,0,0.0
uni_205173176,Char Abdullah,Ramgati,Lakshmipur,Chattogram,38764.2793315,0.0,0,0.0
uni_205173087,Ramgati Pourasabha (Municipality),Ramgati,Lakshmipur,Chattogram,34560.6186,0.0,0,0.0
uni_205165547,Noagaon,Ramganj,Lakshmipur,Chattogram,26946.388,0.0,0,0.0
uni_205165480,Lamchar,Ramganj,Lakshmipur,Chattogram,29801.104,0.0,0,0.0
uni_205165454,Karpara,Ramganj,Lakshmipur,Chattogram,21116.86682,0.0,0,0.0
uni_205165445,Kanchanpur,Ramganj,Lakshmipur,Chattogram,24269.6577,0.0,0,0.0
uni_205165378,Ichhapur,Ramganj,Lakshmipur,Chattogram,25691.4846,0.0,0,0.0
uni_205165212,Darbeshpur,Ramganj,Lakshmipur,Chattogram,25552.8952,0.0,0,0.0
uni_205165178,Chandipur,Ramganj,Lakshmipur,Chattogram,29912.444,0.0,0,0.0
uni_205165160,Bholakot,Ramganj,Lakshmipur,Chattogram,33942.7959,0.0,0,0.0
uni_205165151,Bhatra,Ramganj,Lakshmipur,Chattogram,32050.0109,0.0,0,0.0
uni_205165142,Bhadur,Ramganj,Lakshmipur,Chattogram,21123.5874,0.0,0,0.0
uni_205165075,Ramganj Pourasabha (Municipality),Ramganj,Lakshmipur,Chattogram,59546.4919,0.0,0,0.0
uni_205158786,Uttar Char Bangshi,Raipur,Lakshmipur,Chattogram,60981.80014,0.0,0,0.0
uni_205158777,Uttar Char Ababil,Raipur,Lakshmipur,Chattogram,33862.9214,0.0,0,0.0
uni_205158710,Sonapur,Raipur,Lakshmipur,Chattogram,15022.130799999999,0.0,0,0.0
uni_205173142,Barakheri,Ramgati,Lakshmipur,Chattogram,14856.160732,0.0,0,0.0
uni_205173185,Char Alexander,Ramgati,Lakshmipur,Chattogram,58712.959878,0.0,0,0.0
uni_207507457,Kutubpur,Begumganj,Noakhali,Chattogram,25868.5038,0.0,0,0.0
uni_205173194,Char Algi,Ramgati,Lakshmipur,Chattogram,38395.8737,0.0,0,0.0
uni_207507448,Kadirpur,Begumganj,Noakhali,Chattogram,23135.8221,0.0,0,0.0
uni_207507414,Jirtali,Begumganj,Noakhali,Chattogram,33957.8409,0.0,0,0.0
uni_207507347,Hajipur,Begumganj,Noakhali,Chattogram,19798.78427,0.0,0,0.0
uni_207507313,Gopalpur,Begumganj,Noakhali,Chattogram,34336.000700000004,0.0,0,0.0
uni_207507246,Eklaspur,Begumganj,Noakhali,Chattogram,55365.8078,0.0,0,0.0
uni_207507212,Durgapur,Begumganj,Noakhali,Chattogram,33772.5947,0.0,0,0.0
uni_207507178,Chhayani,Begumganj,Noakhali,Chattogram,41868.81744,0.0,0,0.0
uni_207507144,Begumganj,Begumganj,Noakhali,Chattogram,19670.8511,0.0,0,0.0
uni_207507118,Amanullapur,Begumganj,Noakhali,Chattogram,25075.6629,0.0,0,0.0
uni_207507109,Alaiyarpur,Begumganj,Noakhali,Chattogram,32846.5776,0.0,0,0.0
uni_207507033,Choumuhani Pourasabha (Municipality),Begumganj,Noakhali,Chattogram,117289.1279,0.0,0,0.0
uni_205173230,Char Romiz,Ramgati,Lakshmipur,Chattogram,43314.07235,0.0,0,0.0
uni_205173221,Char Poragachha,Ramgati,Lakshmipur,Chattogram,44931.14799,0.0,0,0.0
uni_205173212,Char Gazi,Ramgati,Lakshmipur,Chattogram,3294.61554,0.0,0,0.0
uni_205173203,Char Badam,Ramgati,Lakshmipur,Chattogram,29451.08523,0.0,0,0.0
uni_207547176,Chaprashirhat,Kabirhat,Noakhali,Chattogram,22057.89757,0.0,0,0.0
uni_207547210,Dhan Siri,Kabirhat,Noakhali,Chattogram,9710.46197,0.0,0,0.0
uni_207547219,Dhanshalik,Kabirhat,Noakhali,Chattogram,29874.93566,0.0,0,0.0
uni_208421109,Aimachhara,Barkal,Rangamati,Chattogram,8348.377512,0.0,0,0.0
uni_208407709,Sajek,Baghaichhari,Rangamati,Chattogram,58788.4318375,0.0,0,0.0
uni_208407675,Rupakari,Baghaichhari,Rangamati,Chattogram,7610.620508,0.0,0,0.0
uni_208407509,Marishya,Baghaichhari,Rangamati,Chattogram,6701.78674,0.0,0,0.0
uni_208407442,Khedarmara,Baghaichhari,Rangamati,Chattogram,11025.284384999999,0.0,0,0.0
uni_208407152,Bangaltali,Baghaichhari,Rangamati,Chattogram,13114.877556,0.0,0,0.0
uni_208407143,Baghaichhari,Baghaichhari,Rangamati,Chattogram,13026.302402,0.0,0,0.0
uni_208407109,Amtali,Baghaichhari,Rangamati,Chattogram,2677.212892,0.0,0,0.0
uni_208407020,Baghaichhari Pourasabha (Municipality),Baghaichhari,Rangamati,Chattogram,6938.647686,0.0,0,0.0
uni_207587616,Purba Char Matua,Noakhali Sadar,Noakhali,Chattogram,24940.32177,0.0,0,0.0
uni_207587565,Noannai,Noakhali Sadar,Noakhali,Chattogram,22773.03539,0.0,0,0.0
uni_207587556,Noakhali,Noakhali Sadar,Noakhali,Chattogram,40672.2744,0.0,0,0.0
uni_207587547,Neazpur,Noakhali Sadar,Noakhali,Chattogram,33219.4832,0.0,0,0.0
uni_207587455,Kaladarap,Noakhali Sadar,Noakhali,Chattogram,61602.93817,0.0,0,0.0
uni_207587446,Kadir Hanif,Noakhali Sadar,Noakhali,Chattogram,45417.8022,0.0,0,0.0
uni_207587222,Dharmapur,Noakhali Sadar,Noakhali,Chattogram,89485.25964,0.0,0,0.0
uni_208407718,Saroatali,Baghaichhari,Rangamati,Chattogram,16676.386341,0.0,0,0.0
uni_208421143,Bara Harina,Barkal,Rangamati,Chattogram,12597.668063000001,0.0,0,0.0
uni_207587179,Char Matua,Noakhali Sadar,Noakhali,Chattogram,27481.11531,0.0,0,0.0
uni_208421152,Barkal,Barkal,Rangamati,Chattogram,7850.5969825,0.0,0,0.0
uni_208447142,Banjogichhara,Jurachhari,Rangamati,Chattogram,3619.571532,0.0,0,0.0
uni_208436839,Wagga,Kaptai,Rangamati,Chattogram,10648.172145,0.0,0,0.0
uni_208436673,Raikhali,Kaptai,Rangamati,Chattogram,12207.890307,0.0,0,0.0
uni_208436441,Kaptai,Kaptai,Rangamati,Chattogram,19849.76477,0.0,0,0.0
uni_208436184,Chitmaram,Kaptai,Rangamati,Chattogram,8403.333534,0.0,0,0.0
uni_208436175,Chandraghona,Kaptai,Rangamati,Chattogram,10321.86073,0.0,0,0.0
uni_208429442,Kengrachhari,Belaichhari,Rangamati,Chattogram,2753.6757699,0.0,0,0.0
uni_208429276,Farua,Belaichhari,Rangamati,Chattogram,8266.413699,0.0,0,0.0
uni_208429151,Belaichhari,Belaichhari,Rangamati,Chattogram,3761.3785815,0.0,0,0.0
uni_208429142,Barathali,Belaichhari,Rangamati,Chattogram,8014.570858,0.0,0,0.0
uni_208425442,Kalampati,Kawkhali,Rangamati,Chattogram,12446.5466,0.0,0,0.0
uni_208425309,Ghagra,Kawkhali,Rangamati,Chattogram,31607.32423,0.0,0,0.0
uni_208425275,Fatikchhari,Kawkhali,Rangamati,Chattogram,11855.34319,0.0,0,0.0
uni_208425142,Betbunia,Kawkhali,Rangamati,Chattogram,22201.90638,0.0,0,0.0
uni_208421707,Subalong,Barkal,Rangamati,Chattogram,12488.8464073,0.0,0,0.0
uni_207587213,Dadpur,Noakhali Sadar,Noakhali,Chattogram,18471.81197,0.0,0,0.0
uni_207587145,Binodpur,Noakhali Sadar,Noakhali,Chattogram,20935.4723,0.0,0,0.0
uni_207547311,Ghoshbag,Kabirhat,Noakhali,Chattogram,32481.08376,0.0,0,0.0
uni_207583153,Barogaon,Sonaimuri,Noakhali,Chattogram,41429.1262,0.0,0,0.0
uni_207583118,Amishapara,Sonaimuri,Noakhali,Chattogram,33939.90965,0.0,0,0.0
uni_207583109,Ambarnagar,Sonaimuri,Noakhali,Chattogram,23990.16,0.0,0,0.0
uni_207583090,Sonaimuri Pourasabha (Municipality),Sonaimuri,Noakhali,Chattogram,42559.832,0.0,0,0.0
uni_207580546,Nabipur,Senbag,Noakhali,Chattogram,29641.64935,0.0,0,0.0
uni_207580512,Mohammadpur,Senbag,Noakhali,Chattogram,33660.5942,0.0,0,0.0
uni_207580461,Kesharpar,Senbag,Noakhali,Chattogram,38884.456,0.0,0,0.0
uni_207580452,Kadra,Senbag,Noakhali,Chattogram,28177.53654,0.0,0,0.0
uni_207580443,Kabilpur,Senbag,Noakhali,Chattogram,53703.7664,0.0,0,0.0
uni_207580211,Dumuria,Senbag,Noakhali,Chattogram,47320.4107,0.0,0,0.0
uni_207580177,Chhatarpaiya,Senbag,Noakhali,Chattogram,27203.844,0.0,0,0.0
uni_207580143,Bijbag,Senbag,Noakhali,Chattogram,29026.4399,0.0,0,0.0
uni_207580109,Arjuntala,Senbag,Noakhali,Chattogram,29618.7964,0.0,0,0.0
uni_207580075,Senbag Pourasabha (Municipality),Senbag,Noakhali,Chattogram,20714.2773,0.0,0,0.0
uni_207547709,Sondalpur,Kabirhat,Noakhali,Chattogram,33723.5217,0.0,0,0.0
uni_207547543,Narottampur,Kabirhat,Noakhali,Chattogram,26476.97124,0.0,0,0.0
uni_207583144,Bajra,Sonaimuri,Noakhali,Chattogram,38799.3475,0.0,0,0.0
uni_207583179,Chashirhat,Sonaimuri,Noakhali,Chattogram,10551.00736,0.0,0,0.0
uni_207587127,Ashwadia,Noakhali Sadar,Noakhali,Chattogram,36563.3074,0.0,0,0.0
uni_207583213,Deoti,Sonaimuri,Noakhali,Chattogram,40146.8722,0.0,0,0.0
uni_207587118,Aojbalia,Noakhali Sadar,Noakhali,Chattogram,57515.46693,0.0,0,0.0
uni_207587109,Andarchar,Noakhali Sadar,Noakhali,Chattogram,29413.11712,0.0,0,0.0
uni_207587083,Noakhali Pourasabha (Municipality),Noakhali Sadar,Noakhali,Chattogram,134098.65,0.0,0,0.0
uni_207585611,Purba Char Bata,Subarnachar,Noakhali,Chattogram,15920.85038,0.0,0,0.0
uni_207585511,Mohammadpur,Subarnachar,Noakhali,Chattogram,52330.003971,0.0,0,0.0
uni_207585220,Char Wapda,Subarnachar,Noakhali,Chattogram,30169.2749,0.0,0,0.0
uni_207585211,Char Jubille,Subarnachar,Noakhali,Chattogram,43197.34242,0.0,0,0.0
uni_207585202,Char Jabbar,Subarnachar,Noakhali,Chattogram,55349.79788,0.0,0,0.0
uni_207585193,Char Clark,Subarnachar,Noakhali,Chattogram,23165.70377,0.0,0,0.0
uni_207585184,Char Bata,Subarnachar,Noakhali,Chattogram,12747.40359,0.0,0,0.0
uni_207585175,Char Amanullah,Subarnachar,Noakhali,Chattogram,16597.22811,0.0,0,0.0
uni_207583712,Sonapur,Sonaimuri,Noakhali,Chattogram,24102.565300000002,0.0,0,0.0
uni_207583554,Nateshwar,Sonaimuri,Noakhali,Chattogram,30132.5522,0.0,0,0.0
uni_207583545,Nadana,Sonaimuri,Noakhali,Chattogram,37073.5944,0.0,0,0.0
uni_207583412,Jayag,Sonaimuri,Noakhali,Chattogram,42864.4848,0.0,0,0.0
uni_302962476,Laskardia,Nagarkanda,Faridpur,Dhaka,24496.53989,0.0,0,0.0
uni_302962618,Purapara,Nagarkanda,Faridpur,Dhaka,16043.21014,0.0,0,0.0
uni_305487465,Kutubpur,Shibchar,Madaripur,Dhaka,16228.074120000001,0.0,0,0.0
uni_304849142,Binnati,Kishoreganj Sadar,Kishoreganj,Dhaka,22784.5382,0.0,0,0.0
uni_304849512,Mahinanda,Kishoreganj Sadar,Kishoreganj,Dhaka,32310.4354,0.0,0,0.0
uni_304849478,Latibabad,Kishoreganj Sadar,Kishoreganj,Dhaka,34559.6902,0.0,0,0.0
uni_304849444,Karsha Kariail,Kishoreganj Sadar,Kishoreganj,Dhaka,19286.23302,0.0,0,0.0
uni_304849410,Jashodal,Kishoreganj Sadar,Kishoreganj,Dhaka,37562.9683,0.0,0,0.0
uni_304849211,Danapatuli,Kishoreganj Sadar,Kishoreganj,Dhaka,15348.54301,0.0,0,0.0
uni_304849177,Chouddashata,Kishoreganj Sadar,Kishoreganj,Dhaka,49965.1679,0.0,0,0.0
uni_304849151,Boulai,Kishoreganj Sadar,Kishoreganj,Dhaka,41326.702,0.0,0,0.0
uni_304849075,Kishoreganj Pourasabha (Municipality),Kishoreganj Sadar,Kishoreganj,Dhaka,117004.9895,0.0,0,0.0
uni_304876409,Jaraitala,Nikli,Kishoreganj,Dhaka,28808.75862,0.0,0,0.0
uni_304845711,Sahashram Dhuldia,Katiadi,Kishoreganj,Dhaka,32531.70415,0.0,0,0.0
uni_304845520,Mumurdia,Katiadi,Kishoreganj,Dhaka,27723.71951,0.0,0,0.0
uni_304845511,Masua,Katiadi,Kishoreganj,Dhaka,34548.76404,0.0,0,0.0
uni_304845477,Lohajuri,Katiadi,Kishoreganj,Dhaka,17436.62575,0.0,0,0.0
uni_304845443,Kargaon,Katiadi,Kishoreganj,Dhaka,40322.52329,0.0,0,0.0
uni_304845409,Jalalpur,Katiadi,Kishoreganj,Dhaka,24810.8959,0.0,0,0.0
uni_304845177,Chandpur,Katiadi,Kishoreganj,Dhaka,29786.04205,0.0,0,0.0
uni_304849521,Maijkhapan,Kishoreganj Sadar,Kishoreganj,Dhaka,23469.11795,0.0,0,0.0
uni_304849530,Maria,Kishoreganj Sadar,Kishoreganj,Dhaka,33418.8818,0.0,0,0.0
uni_304849680,Rashidabad,Kishoreganj Sadar,Kishoreganj,Dhaka,29855.6623,0.0,0,0.0
uni_304854088,Kuliarchar Pourasabha (Municipality),Kuliarchar,Kishoreganj,Dhaka,33268.4468,0.0,0,0.0
uni_304876209,Dampara,Nikli,Kishoreganj,Dhaka,24536.888475,0.0,0,0.0
uni_304876175,Chhatirchar,Nikli,Kishoreganj,Dhaka,4122.706205,0.0,0,0.0
uni_304859511,Mithamain,Mithamain,Kishoreganj,Dhaka,29452.808045,0.0,0,0.0
uni_304859452,Kewarjor,Mithamain,Kishoreganj,Dhaka,15751.4189,0.0,0,0.0
uni_304859443,Katkhal,Mithamain,Kishoreganj,Dhaka,12572.96096,0.0,0,0.0
uni_304859318,Gopdighi,Mithamain,Kishoreganj,Dhaka,24713.24705,0.0,0,0.0
uni_304859309,Ghagra,Mithamain,Kishoreganj,Dhaka,20418.17943,0.0,0,0.0
uni_304859209,Dhaki,Mithamain,Kishoreganj,Dhaka,27886.94771,0.0,0,0.0
uni_304859142,Bairati,Mithamain,Kishoreganj,Dhaka,8747.088497,0.0,0,0.0
uni_304854708,Salua,Kuliarchar,Kishoreganj,Dhaka,26070.221,0.0,0,0.0
uni_304854674,Ramdi,Kuliarchar,Kishoreganj,Dhaka,38425.8804,0.0,0,0.0
uni_304854574,Osmanpur,Kuliarchar,Kishoreganj,Dhaka,26439.61574,0.0,0,0.0
uni_304854309,Gobaria Abdullahpur,Kuliarchar,Kishoreganj,Dhaka,35187.85223,0.0,0,0.0
uni_304854275,Faridpur,Kuliarchar,Kishoreganj,Dhaka,11315.5938,0.0,0,0.0
uni_304854175,Chhaysuti,Kuliarchar,Kishoreganj,Dhaka,41663.7849,0.0,0,0.0
uni_304845143,Banagram,Katiadi,Kishoreganj,Dhaka,37751.57647,0.0,0,0.0
uni_304845109,Achmita,Katiadi,Kishoreganj,Dhaka,33373.05363,0.0,0,0.0
uni_304845070,Katiadi Pourasabha (Municipality),Katiadi,Kishoreganj,Dhaka,63835.18899,0.0,0,0.0
uni_304833177,Chouganga,Itna,Kishoreganj,Dhaka,6750.14306,0.0,0,0.0
uni_304833142,Badla,Itna,Kishoreganj,Dhaka,21877.4043,0.0,0,0.0
uni_304827716,Sidla,Hossainpur,Kishoreganj,Dhaka,41624.46924,0.0,0,0.0
uni_304827707,Shahedal,Hossainpur,Kishoreganj,Dhaka,18496.2752,0.0,0,0.0
uni_304827607,Pumdi,Hossainpur,Kishoreganj,Dhaka,29134.65893,0.0,0,0.0
uni_304827408,Jinari,Hossainpur,Kishoreganj,Dhaka,38039.1262,0.0,0,0.0
uni_304827308,Gobindapur,Hossainpur,Kishoreganj,Dhaka,39630.270730000004,0.0,0,0.0
uni_304827109,Araibaria,Hossainpur,Kishoreganj,Dhaka,10941.607899999999,0.0,0,0.0
uni_304827062,Hossainpur Pourasabha (Municipality),Hossainpur,Kishoreganj,Dhaka,27990.5251,0.0,0,0.0
uni_304811733,Sreenagar,Bhairab,Kishoreganj,Dhaka,22140.58713,0.0,0,0.0
uni_304811724,Shimulkandi,Bhairab,Kishoreganj,Dhaka,39196.8,0.0,0,0.0
uni_304811715,Shibpur,Bhairab,Kishoreganj,Dhaka,19762.918299999998,0.0,0,0.0
uni_304811706,Sadekpur,Bhairab,Kishoreganj,Dhaka,12481.586345,0.0,0,0.0
uni_304811441,Kalikaprasad,Bhairab,Kishoreganj,Dhaka,39583.2541,0.0,0,0.0
uni_304811308,Gazaria,Bhairab,Kishoreganj,Dhaka,30613.318145,0.0,0,0.0
uni_304811109,Aganagar,Bhairab,Kishoreganj,Dhaka,41564.190272,0.0,0,0.0
uni_304833151,Baribari,Itna,Kishoreganj,Dhaka,17915.09064,0.0,0,0.0
uni_304833211,Dhanpur,Itna,Kishoreganj,Dhaka,23525.13857,0.0,0,0.0
uni_304842713,Sutarpara,Karimganj,Kishoreganj,Dhaka,38395.33578,0.0,0,0.0
uni_304833245,Elangjuri,Itna,Kishoreganj,Dhaka,18615.8521,0.0,0,0.0
uni_304842555,Noabad,Karimganj,Kishoreganj,Dhaka,20859.4322,0.0,0,0.0
uni_304842546,Niamatpur,Karimganj,Kishoreganj,Dhaka,21924.63975,0.0,0,0.0
uni_304842454,Kiratan,Karimganj,Kishoreganj,Dhaka,9806.0906,0.0,0,0.0
uni_304842445,Kadir Jangal,Karimganj,Kishoreganj,Dhaka,40203.44044,0.0,0,0.0
uni_304842419,Joyka,Karimganj,Kishoreganj,Dhaka,30938.66478,0.0,0,0.0
uni_304842410,Jafarabad,Karimganj,Kishoreganj,Dhaka,19391.9356,0.0,0,0.0
uni_304842318,Gunadhar,Karimganj,Kishoreganj,Dhaka,37293.20689,0.0,0,0.0
uni_304842309,Gujadia,Karimganj,Kishoreganj,Dhaka,40781.68564,0.0,0,0.0
uni_304842209,Dehunda,Karimganj,Kishoreganj,Dhaka,14662.038270000001,0.0,0,0.0
uni_304842142,Baragharia,Karimganj,Kishoreganj,Dhaka,13613.6258,0.0,0,0.0
uni_304842066,Karimganj Pourasabha (Municipality),Karimganj,Kishoreganj,Dhaka,27417.2641,0.0,0,0.0
uni_304833678,Raytuti,Itna,Kishoreganj,Dhaka,26757.26216,0.0,0,0.0
uni_304833512,Mriga,Itna,Kishoreganj,Dhaka,20770.71353,0.0,0,0.0
uni_304833412,Jaysiddhi,Itna,Kishoreganj,Dhaka,19639.549994,0.0,0,0.0
uni_304833378,Itna,Itna,Kishoreganj,Dhaka,24544.197254,0.0,0,0.0
uni_304876309,Gurai,Nikli,Kishoreganj,Dhaka,23936.085548,0.0,0,0.0
uni_304876443,Karpasha,Nikli,Kishoreganj,Dhaka,16184.676599999999,0.0,0,0.0
uni_302962677,Ramnagar,Nagarkanda,Faridpur,Dhaka,25908.64485,0.0,0,0.0
uni_305454615,Panchkhola,Madaripur Sadar,Madaripur,Dhaka,35725.87129,0.0,0,0.0
uni_305480152,Bajitpur,Rajoir,Madaripur,Dhaka,18712.95446,0.0,0,0.0
uni_305480143,Badarpasha,Rajoir,Madaripur,Dhaka,23887.13516,0.0,0,0.0
uni_305480109,Amgram,Rajoir,Madaripur,Dhaka,24639.96572,0.0,0,0.0
uni_305480068,Rajoir Pourasabha (Municipality),Rajoir,Madaripur,Dhaka,38967.123999999996,0.0,0,0.0
uni_305454717,Shirkhara,Madaripur Sadar,Madaripur,Dhaka,10515.75164,0.0,0,0.0
uni_305454683,Rasti,Madaripur Sadar,Madaripur,Dhaka,11876.96471,0.0,0,0.0
uni_305454624,Pearpur,Madaripur Sadar,Madaripur,Dhaka,14286.72883,0.0,0,0.0
uni_305454515,Mustafapur,Madaripur Sadar,Madaripur,Dhaka,21499.43448,0.0,0,0.0
uni_304876543,Nikli,Nikli,Kishoreganj,Dhaka,37184.631766,0.0,0,0.0
uni_305454472,Kunia,Madaripur Sadar,Madaripur,Dhaka,12417.14631,0.0,0,0.0
uni_305454463,Khoajpur,Madaripur Sadar,Madaripur,Dhaka,35633.79517,0.0,0,0.0
uni_305454454,Kendua,Madaripur Sadar,Madaripur,Dhaka,19414.56682,0.0,0,0.0
uni_305454445,Kalikapur,Madaripur Sadar,Madaripur,Dhaka,17709.46895,0.0,0,0.0
uni_305454411,Jhaudi,Madaripur Sadar,Madaripur,Dhaka,17955.98237,0.0,0,0.0
uni_305454311,Ghatmajhi,Madaripur Sadar,Madaripur,Dhaka,18887.286,0.0,0,0.0
uni_305454219,Dudhkhali,Madaripur Sadar,Madaripur,Dhaka,12630.91751,0.0,0,0.0
uni_305480343,Haridashdi Mahendradi,Rajoir,Madaripur,Dhaka,7626.88293,0.0,0,0.0
uni_305480352,Hossainpur,Rajoir,Madaripur,Dhaka,15481.8619,0.0,0,0.0
uni_305480378,Ishibpur,Rajoir,Madaripur,Dhaka,15076.12806,0.0,0,0.0
uni_305480445,Kabirajpur,Rajoir,Madaripur,Dhaka,15445.88808,0.0,0,0.0
uni_305487456,Kanthalbari,Shibchar,Madaripur,Dhaka,33979.53906,0.0,0,0.0
uni_305487447,Kadirpur,Shibchar,Madaripur,Dhaka,14206.83679,0.0,0,0.0
uni_305487231,Dwitiakhanda,Shibchar,Madaripur,Dhaka,7632.5674500000005,0.0,0,0.0
uni_305487222,Dattapara,Shibchar,Madaripur,Dhaka,28927.47463,0.0,0,0.0
uni_305487213,Dakkhin Baheratala,Shibchar,Madaripur,Dhaka,8968.86567,0.0,0,0.0
uni_305487179,Char Janajat,Shibchar,Madaripur,Dhaka,25745.499788,0.0,0,0.0
uni_305487169,Bhandarikandi,Shibchar,Madaripur,Dhaka,14537.79219,0.0,0,0.0
uni_305487160,Bhadrashan,Shibchar,Madaripur,Dhaka,13215.45536,0.0,0,0.0
uni_305487151,Banshkandi,Shibchar,Madaripur,Dhaka,20298.77719,0.0,0,0.0
uni_305487142,Bandarkhola,Shibchar,Madaripur,Dhaka,9664.078345,0.0,0,0.0
uni_305487075,Shibchar Pourasabha (Municipality),Shibchar,Madaripur,Dhaka,15400.69188,0.0,0,0.0
uni_305480680,Rajoir,Rajoir,Madaripur,Dhaka,7582.93734,0.0,0,0.0
uni_305480613,Paikpara,Rajoir,Madaripur,Dhaka,16395.745609999998,0.0,0,0.0
uni_305480463,Khalia,Rajoir,Madaripur,Dhaka,25254.8271,0.0,0,0.0
uni_305480454,Kadambari,Rajoir,Madaripur,Dhaka,31677.20185,0.0,0,0.0
uni_305454210,Dhuriail,Madaripur Sadar,Madaripur,Dhaka,12300.23622,0.0,0,0.0
uni_305454176,Chhilarchar,Madaripur Sadar,Madaripur,Dhaka,19336.3952,0.0,0,0.0
uni_305454142,Bahadurpur,Madaripur Sadar,Madaripur,Dhaka,7036.1238,0.0,0,0.0
uni_304892741,Taljanga,Tarail,Kishoreganj,Dhaka,26608.14452,0.0,0,0.0
uni_304892409,Jawar,Tarail,Kishoreganj,Dhaka,19615.0893,0.0,0,0.0
uni_304892226,Dikdair,Tarail,Kishoreganj,Dhaka,25230.28144,0.0,0,0.0
uni_304892217,Dhala,Tarail,Kishoreganj,Dhaka,21785.473120000002,0.0,0,0.0
uni_304892208,Damiha,Tarail,Kishoreganj,Dhaka,26223.32046,0.0,0,0.0
uni_304879711,Sukhia,Pakundia,Kishoreganj,Dhaka,17337.03944,0.0,0,0.0
uni_304879611,Patuabhanga,Pakundia,Kishoreganj,Dhaka,46940.03793,0.0,0,0.0
uni_304879544,Narandi,Pakundia,Kishoreganj,Dhaka,17449.8303,0.0,0,0.0
uni_304879411,Jangalia,Pakundia,Kishoreganj,Dhaka,35673.96134,0.0,0,0.0
uni_304879344,Hossaindi,Pakundia,Kishoreganj,Dhaka,12878.43953,0.0,0,0.0
uni_304879244,Egarasindur,Pakundia,Kishoreganj,Dhaka,43643.08374,0.0,0,0.0
uni_304879185,Char Faradi,Pakundia,Kishoreganj,Dhaka,30010.7264,0.0,0,0.0
uni_304879176,Chandipasha,Pakundia,Kishoreganj,Dhaka,20552.5376,0.0,0,0.0
uni_304879142,Burudia,Pakundia,Kishoreganj,Dhaka,26865.39553,0.0,0,0.0
uni_304879092,Pakundia Pourasabha (Municipality),Pakundia,Kishoreganj,Dhaka,36130.729,0.0,0,0.0
uni_304876709,Singpur,Nikli,Kishoreganj,Dhaka,28056.348801,0.0,0,0.0
uni_304892674,Rauti,Tarail,Kishoreganj,Dhaka,26605.05089,0.0,0,0.0
uni_304892750,Tarail Sachail,Tarail,Kishoreganj,Dhaka,24629.64393,0.0,0,0.0
uni_305454050,Madaripur Pourasabha (Municipality),Madaripur Sadar,Madaripur,Dhaka,50530.0844,0.0,0,0.0
uni_305418143,Baligram,Dasar,Madaripur,Dhaka,25346.18964,0.0,0,0.0
uni_305440725,Shikarmangal,Kalkini,Madaripur,Dhaka,7710.68624,0.0,0,0.0
uni_305440716,Sahebrampur,Kalkini,Madaripur,Dhaka,18237.77701,0.0,0,0.0
uni_305440682,Ramjanpur,Kalkini,Madaripur,Dhaka,19115.61727,0.0,0,0.0
uni_305440615,Purbaenayetnagar,Kalkini,Madaripur,Dhaka,8667.3434,0.0,0,0.0
uni_305440481,Lakkhipur,Kalkini,Madaripur,Dhaka,20062.317469999998,0.0,0,0.0
uni_305440446,Kayaria,Kalkini,Madaripur,Dhaka,16900.50561,0.0,0,0.0
uni_305440246,Enayetnagar,Kalkini,Madaripur,Dhaka,8452.33934,0.0,0,0.0
uni_305440178,Char Daulatkhan,Kalkini,Madaripur,Dhaka,10051.29939,0.0,0,0.0
uni_305440152,Banshgari,Kalkini,Madaripur,Dhaka,21960.38005,0.0,0,0.0
uni_305440109,Alinagar,Kalkini,Madaripur,Dhaka,20062.37257,0.0,0,0.0
uni_305440025,Kalkini Pourasabha (Municipality),Kalkini,Madaripur,Dhaka,34928.02471,0.0,0,0.0
uni_305418548,Nabagram,Dasar,Madaripur,Dhaka,15559.16617,0.0,0,0.0
uni_305418455,Kazibakai,Dasar,Madaripur,Dhaka,14942.53757,0.0,0,0.0
uni_305418313,Gopalpur,Dasar,Madaripur,Dhaka,9319.953160000001,0.0,0,0.0
uni_305418212,Dasar,Dasar,Madaripur,Dhaka,15187.06711,0.0,0,0.0
uni_304811050,Bhairab Pourasabha (Municipality),Bhairab,Kishoreganj,Dhaka,133988.5554,0.0,0,0.0
uni_304806713,Sararchar,Bajitpur,Kishoreganj,Dhaka,32279.423,0.0,0,0.0
uni_304806613,Pirijpur,Bajitpur,Kishoreganj,Dhaka,35943.260949999996,0.0,0,0.0
uni_303336452,Karihata,Kapasia,Gazipur,Dhaka,35356.81316,0.0,0,0.0
uni_303386142,Barmi,Sreepur,Gazipur,Dhaka,74749.68176,0.0,0,0.0
uni_303386055,Sreepur Pourasabha (Municipality),Sreepur,Gazipur,Dhaka,175735.9814,0.0,0,0.0
uni_303336754,Tok,Kapasia,Gazipur,Dhaka,45603.24227,0.0,0,0.0
uni_303336745,Targaon,Kapasia,Gazipur,Dhaka,69762.17153,0.0,0,0.0
uni_303336719,Singhasree,Kapasia,Gazipur,Dhaka,40583.98474,0.0,0,0.0
uni_303336710,Sanmania,Kapasia,Gazipur,Dhaka,44892.9562,0.0,0,0.0
uni_303336676,Rayed,Kapasia,Gazipur,Dhaka,45032.474369999996,0.0,0,0.0
uni_303336443,Kapasia,Kapasia,Gazipur,Dhaka,77119.62998,0.0,0,0.0
uni_304806513,Maijchar,Bajitpur,Kishoreganj,Dhaka,21499.998184,0.0,0,0.0
uni_303336310,Ghagatia,Kapasia,Gazipur,Dhaka,35433.73671,0.0,0,0.0
uni_303336210,Durgapur,Kapasia,Gazipur,Dhaka,61864.93115,0.0,0,0.0
uni_303336176,Chandpur,Kapasia,Gazipur,Dhaka,43759.06774,0.0,0,0.0
uni_303336142,Barishaba,Kapasia,Gazipur,Dhaka,51668.12522,0.0,0,0.0
uni_303334742,Tumalia,Kaliganj,Gazipur,Dhaka,37393.10806,0.0,0,0.0
uni_303334543,Nagari,Kaliganj,Gazipur,Dhaka,50008.67659,0.0,0,0.0
uni_303334509,Moktarpur,Kaliganj,Gazipur,Dhaka,72982.94667,0.0,0,0.0
uni_303386308,Gazipur,Sreepur,Gazipur,Dhaka,78200.62724,0.0,0,0.0
uni_303386317,Gosinga,Sreepur,Gazipur,Dhaka,63356.44539,0.0,0,0.0
uni_303386442,Kaoraid,Sreepur,Gazipur,Dhaka,60369.06456,0.0,0,0.0
uni_303386509,Maona,Sreepur,Gazipur,Dhaka,111443.43852,0.0,0,0.0
uni_303532465,Kathi,Gopalganj Sadar,Gopalganj,Dhaka,9106.83557,0.0,0,0.0
uni_303532456,Karpara,Gopalganj Sadar,Gopalganj,Dhaka,21182.97876,0.0,0,0.0
uni_303532447,Kajulia,Gopalganj Sadar,Gopalganj,Dhaka,18455.76603,0.0,0,0.0
uni_303532413,Jalalabad,Gopalganj Sadar,Gopalganj,Dhaka,15624.70435,0.0,0,0.0
uni_303532346,Haridaspur,Gopalganj Sadar,Gopalganj,Dhaka,10281.20487,0.0,0,0.0
uni_303532320,Gopinathpur,Gopalganj Sadar,Gopalganj,Dhaka,9415.37773,0.0,0,0.0
uni_303532311,Gobra,Gopalganj Sadar,Gopalganj,Dhaka,13820.34254,0.0,0,0.0
uni_303532211,Durgapur,Gopalganj Sadar,Gopalganj,Dhaka,15912.49094,0.0,0,0.0
uni_303532177,Chandradighalia,Gopalganj Sadar,Gopalganj,Dhaka,7805.5755,0.0,0,0.0
uni_303532151,Boultali,Gopalganj Sadar,Gopalganj,Dhaka,13031.6358,0.0,0,0.0
uni_303532142,Borashi,Gopalganj Sadar,Gopalganj,Dhaka,4274.42669,0.0,0,0.0
uni_303532025,Gopalganj Pourasabha (Municipality),Gopalganj Sadar,Gopalganj,Dhaka,71343.39368,0.0,0,0.0
uni_303386743,Telhati,Sreepur,Gazipur,Dhaka,106993.21569,0.0,0,0.0
uni_303386676,Rajabari,Sreepur,Gazipur,Dhaka,81677.94239,0.0,0,0.0
uni_303386609,Prahladpur,Sreepur,Gazipur,Dhaka,35787.90916,0.0,0,0.0
uni_303334417,Jangalia,Kaliganj,Gazipur,Dhaka,40448.377556,0.0,0,0.0
uni_303334408,Jamalpur,Kaliganj,Gazipur,Dhaka,63652.1931,0.0,0,0.0
uni_303334151,Baktarpur,Kaliganj,Gazipur,Dhaka,43291.928955,0.0,0,0.0
uni_302990676,Ramkantapur,Saltha,Faridpur,Dhaka,15697.8083,0.0,0,0.0
uni_302990410,Jadunandi,Saltha,Faridpur,Dhaka,20651.84207,0.0,0,0.0
uni_302990310,Gatti,Saltha,Faridpur,Dhaka,34487.25526,0.0,0,0.0
uni_302990152,Bhawal,Saltha,Faridpur,Dhaka,19576.89476,0.0,0,0.0
uni_302990143,Ballabhdi,Saltha,Faridpur,Dhaka,23136.5708,0.0,0,0.0
uni_302990109,Atghar,Saltha,Faridpur,Dhaka,25905.44389,0.0,0,0.0
uni_302984711,Sadarpur,Sadarpur,Faridpur,Dhaka,19020.83265,0.0,0,0.0
uni_302984545,Narikelbaria,Sadarpur,Faridpur,Dhaka,18445.672213,0.0,0,0.0
uni_302984445,Krishnapur,Sadarpur,Faridpur,Dhaka,26678.1371,0.0,0,0.0
uni_302984213,Dheukhali,Sadarpur,Faridpur,Dhaka,22633.110966,0.0,0,0.0
uni_302984195,Char Nasirpur,Sadarpur,Faridpur,Dhaka,10290.152565,0.0,0,0.0
uni_302984186,Char Manair,Sadarpur,Faridpur,Dhaka,15960.361,0.0,0,0.0
uni_302984177,Char Bishnupur,Sadarpur,Faridpur,Dhaka,26864.20118,0.0,0,0.0
uni_302984143,Bhasanchar,Sadarpur,Faridpur,Dhaka,25946.71615,0.0,0,0.0
uni_302984109,Akaterchar,Sadarpur,Faridpur,Dhaka,21928.1472,0.0,0,0.0
uni_302962744,Talma,Nagarkanda,Faridpur,Dhaka,28896.69704,0.0,0,0.0
uni_302990510,Majhardia,Saltha,Faridpur,Dhaka,16091.16641,0.0,0,0.0
uni_302990710,Sonapur,Saltha,Faridpur,Dhaka,24862.68503,0.0,0,0.0
uni_303334142,Bahadursadi,Kaliganj,Gazipur,Dhaka,42966.4363,0.0,0,0.0
uni_303330142,Baria,Gazipur Sadar,Gazipur,Dhaka,62233.415003,0.0,0,0.0
uni_303334049,Kaliganj Pourasabha (Municipality),Kaliganj,Gazipur,Dhaka,94831.0618,0.0,0,0.0
uni_303332719,Sutrapur,Kaliakair,Gazipur,Dhaka,52246.52135,0.0,0,0.0
uni_303332710,Sreefaltali,Kaliakair,Gazipur,Dhaka,19567.3637,0.0,0,0.0
uni_303332519,Mouchak,Kaliakair,Gazipur,Dhaka,185320.81064,0.0,0,0.0
uni_303332510,Madhyapara,Kaliakair,Gazipur,Dhaka,68047.57523,0.0,0,0.0
uni_303332278,Fulbaria,Kaliakair,Gazipur,Dhaka,73259.15444,0.0,0,0.0
uni_303332211,Dhaljora,Kaliakair,Gazipur,Dhaka,21076.15319,0.0,0,0.0
uni_303332177,Chapair,Kaliakair,Gazipur,Dhaka,54678.46712,0.0,0,0.0
uni_303332143,Boali,Kaliakair,Gazipur,Dhaka,48941.96948,0.0,0,0.0
uni_303332109,Ataba,Kaliakair,Gazipur,Dhaka,50673.77054,0.0,0,0.0
uni_303332044,Kaliakair Pourasabha (Municipality),Kaliakair,Gazipur,Dhaka,209263.2084,0.0,0,0.0
uni_303330998,Gazipur Cantonment,Gazipur Sadar,Gazipur,Dhaka,32574.310699999998,0.0,0,0.0
uni_303330608,Pirujali,Gazipur Sadar,Gazipur,Dhaka,50291.44698,0.0,0,0.0
uni_303330508,Mirzapur,Gazipur Sadar,Gazipur,Dhaka,134964.2171,0.0,0,0.0
uni_303330151,Bhawalgar,Gazipur Sadar,Gazipur,Dhaka,305253.2999,0.0,0,0.0
uni_303532483,Latifpur,Gopalganj Sadar,Gopalganj,Dhaka,11371.36374,0.0,0,0.0
uni_303532517,Majhigati,Gopalganj Sadar,Gopalganj,Dhaka,8587.4274,0.0,0,0.0
uni_303532551,Nijra,Gopalganj Sadar,Gopalganj,Dhaka,7078.49376,0.0,0,0.0
uni_303591608,Patgati,Tungipara,Gopalganj,Dhaka,22970.22139,0.0,0,0.0
uni_303591309,Gopalpur,Tungipara,Gopalganj,Dhaka,16629.74967,0.0,0,0.0
uni_303591209,Dumuria,Tungipara,Gopalganj,Dhaka,15959.98293,0.0,0,0.0
uni_303591142,Barni,Tungipara,Gopalganj,Dhaka,8839.81739,0.0,0,0.0
uni_303591075,Tungipara Pourasabha (Municipality),Tungipara,Gopalganj,Dhaka,4862.1516,0.0,0,0.0
uni_303558784,Ujani,Muksudpur,Gopalganj,Dhaka,14698.84292,0.0,0,0.0
uni_303558684,Raghdi,Muksudpur,Gopalganj,Dhaka,19680.61605,0.0,0,0.0
uni_303558617,Pasharganti,Muksudpur,Gopalganj,Dhaka,13379.20974,0.0,0,0.0
uni_303558550,Nanikkhir,Muksudpur,Gopalganj,Dhaka,15487.06873,0.0,0,0.0
uni_303558524,Mochna,Muksudpur,Gopalganj,Dhaka,12787.90684,0.0,0,0.0
uni_303558515,Maharajpur,Muksudpur,Gopalganj,Dhaka,19634.98642,0.0,0,0.0
uni_303558456,Khandarpar,Muksudpur,Gopalganj,Dhaka,7995.73837,0.0,0,0.0
uni_303558447,Kasalia,Muksudpur,Gopalganj,Dhaka,12867.94364,0.0,0,0.0
uni_303558413,Jalirpar,Muksudpur,Gopalganj,Dhaka,10891.76022,0.0,0,0.0
uni_303558321,Gohala,Muksudpur,Gopalganj,Dhaka,20446.99693,0.0,0,0.0
uni_303558312,Gobindapur,Muksudpur,Gopalganj,Dhaka,24271.74258,0.0,0,0.0
uni_303591442,Kushali,Tungipara,Gopalganj,Dhaka,18044.07577,0.0,0,0.0
uni_304802109,Adampur,Austagram,Kishoreganj,Dhaka,22342.988924,0.0,0,0.0
uni_303558169,Bhabrasur,Muksudpur,Gopalganj,Dhaka,11513.12008,0.0,0,0.0
uni_304802118,Austagram,Austagram,Kishoreganj,Dhaka,23911.67974,0.0,0,0.0
uni_304806446,Kailag,Bajitpur,Kishoreganj,Dhaka,16206.1245,0.0,0,0.0
uni_304806362,Humaipur,Bajitpur,Kishoreganj,Dhaka,28882.42809,0.0,0,0.0
uni_304806353,Hilachia,Bajitpur,Kishoreganj,Dhaka,41023.0731,0.0,0,0.0
uni_304806344,Halimpur,Bajitpur,Kishoreganj,Dhaka,16106.33403,0.0,0,0.0
uni_304806310,Gazirchar,Bajitpur,Kishoreganj,Dhaka,9585.165,0.0,0,0.0
uni_304806218,Dilalpur,Bajitpur,Kishoreganj,Dhaka,16710.40671,0.0,0,0.0
uni_304806209,Dighirpar,Bajitpur,Kishoreganj,Dhaka,14869.853683,0.0,0,0.0
uni_304806142,Baliardi,Bajitpur,Kishoreganj,Dhaka,13414.448919999999,0.0,0,0.0
uni_304806025,Bajitpur Pourasabha (Municipality),Bajitpur,Kishoreganj,Dhaka,32177.0394,0.0,0,0.0
uni_304802611,Purba Austagram,Austagram,Kishoreganj,Dhaka,9300.55902,0.0,0,0.0
uni_304802461,Khayerpur Abdullapur,Austagram,Kishoreganj,Dhaka,26036.887561,0.0,0,0.0
uni_304802452,Kastal,Austagram,Kishoreganj,Dhaka,20796.71161,0.0,0,0.0
uni_304802443,Kalma,Austagram,Kishoreganj,Dhaka,12411.809956000001,0.0,0,0.0
uni_304802211,Deoghar,Austagram,Kishoreganj,Dhaka,34553.212054999996,0.0,0,0.0
uni_304802144,Bangalpara,Austagram,Kishoreganj,Dhaka,19702.57803,0.0,0,0.0
uni_303558212,Dignagar,Muksudpur,Gopalganj,Dhaka,26793.29447,0.0,0,0.0
uni_303558160,Batikamari,Muksudpur,Gopalganj,Dhaka,12873.8565,0.0,0,0.0
uni_303532618,Paikkandi,Gopalganj Sadar,Gopalganj,Dhaka,12474.883389999999,0.0,0,0.0
uni_303543680,Rajpat,Kashiani,Gopalganj,Dhaka,9971.84995,0.0,0,0.0
uni_303543612,Parulia,Kashiani,Gopalganj,Dhaka,11015.15968,0.0,0,0.0
uni_303543578,Orakandi,Kashiani,Gopalganj,Dhaka,10867.24755,0.0,0,0.0
uni_303543544,Nijamkandi,Kashiani,Gopalganj,Dhaka,11651.54708,0.0,0,0.0
uni_303543518,Mamudpur,Kashiani,Gopalganj,Dhaka,10430.51324,0.0,0,0.0
uni_303543509,Maheshpur,Kashiani,Gopalganj,Dhaka,28783.56836,0.0,0,0.0
uni_303543442,Kashiani,Kashiani,Gopalganj,Dhaka,33135.23378,0.0,0,0.0
uni_303543342,Hatiara,Kashiani,Gopalganj,Dhaka,7511.953750000001,0.0,0,0.0
uni_303543275,Fukra,Kashiani,Gopalganj,Dhaka,21534.29388,0.0,0,0.0
uni_303543142,Bethuri,Kashiani,Gopalganj,Dhaka,13377.93238,0.0,0,0.0
uni_303532797,Urfi,Gopalganj Sadar,Gopalganj,Dhaka,10593.45971,0.0,0,0.0
uni_303532788,Ulpur,Gopalganj Sadar,Gopalganj,Dhaka,16238.11257,0.0,0,0.0
uni_303532737,Shuktail,Gopalganj Sadar,Gopalganj,Dhaka,13607.839,0.0,0,0.0
uni_303532728,Satpar,Gopalganj Sadar,Gopalganj,Dhaka,25341.63737,0.0,0,0.0
uni_303532719,Sahapur,Gopalganj Sadar,Gopalganj,Dhaka,11342.815,0.0,0,0.0
uni_303532685,Raghunathpur,Gopalganj Sadar,Gopalganj,Dhaka,17486.85087,0.0,0,0.0
uni_303543621,Puishur,Kashiani,Gopalganj,Dhaka,10386.20968,0.0,0,0.0
uni_303543689,Ratail,Kashiani,Gopalganj,Dhaka,19701.17161,0.0,0,0.0
uni_303558151,Banshbaria,Muksudpur,Gopalganj,Dhaka,11694.84917,0.0,0,0.0
uni_303543715,Sajail,Kashiani,Gopalganj,Dhaka,16766.00408,0.0,0,0.0
uni_303558142,Bahugram,Muksudpur,Gopalganj,Dhaka,12313.00985,0.0,0,0.0
uni_303558065,Muksudpur Pourasabha (Municipality),Muksudpur,Gopalganj,Dhaka,21512.11819,0.0,0,0.0
uni_303551722,Suagram,Kotalipara,Gopalganj,Dhaka,9026.16369,0.0,0,0.0
uni_303551713,Sadullapur,Kotalipara,Gopalganj,Dhaka,36686.7794,0.0,0,0.0
uni_303551687,Ramshil,Kotalipara,Gopalganj,Dhaka,17750.05155,0.0,0,0.0
uni_303551678,Radhaganj,Kotalipara,Gopalganj,Dhaka,20431.08233,0.0,0,0.0
uni_303551611,Pinjuri,Kotalipara,Gopalganj,Dhaka,19011.199529999998,0.0,0,0.0
uni_303551461,Kushla,Kotalipara,Gopalganj,Dhaka,18958.90433,0.0,0,0.0
uni_303551452,Kandi,Kotalipara,Gopalganj,Dhaka,21128.352,0.0,0,0.0
uni_303551443,Kalabari,Kotalipara,Gopalganj,Dhaka,31190.59469,0.0,0,0.0
uni_303551343,Hiran,Kotalipara,Gopalganj,Dhaka,13143.068790000001,0.0,0,0.0
uni_303551143,Bandhabari,Kotalipara,Gopalganj,Dhaka,14619.70249,0.0,0,0.0
uni_303551109,Amtali,Kotalipara,Gopalganj,Dhaka,12710.51019,0.0,0,0.0
uni_303551050,Kotalipara Pourasabha (Municipality),Kotalipara,Gopalganj,Dhaka,12112.20024,0.0,0,0.0
uni_303543724,Singa,Kashiani,Gopalganj,Dhaka,8099.42883,0.0,0,0.0
uni_609194942,Zakiganj,Zakiganj,Sylhet,Sylhet,14207.47062,0.0,0,0.0
